Lagerkürzel;Auftragsnummer;LS-Nr.;geprüft j/n;Lieferdatum;Bearbeiter;Kundennummer;Kundenkürzel;L.-Name 1;L.-Straße;L.-PLZ;L.-Ort;;;;
Hess;94710;LS64104;ja;13.03.2026;Petra Gräf;26457;Köster Möbelwerkstätten GmbH &;Köster Möbelwerkstätten GmbH & Co.KG;Boschstraße 20;48341;Altenberge;;;;
Berlin Wein König;101018;LS67985;nein;01.01.2026;Logistik;20452;Luisenstift Berlin;Luisenstift Berlin;Lindenthaler Allee 15;14163;Berlin;;;;
Ewatec;101022;LS67989;ja;01.01.2026;Logistik;20255;rebike 1 GmbH;Rebike Mobility GmbH;Zeppelinstr. 3  / Einfahrt 6;87437;Kempten;;;;
Ewatec;101084;LS68051;ja;01.01.2026;Logistik;20255;rebike 1 GmbH;Rebike Mobility GmbH;Zeppelinstr. 3  / Einfahrt 6;87437;Kempten;;;;
VST Schörling;101169;LS68136;ja;13.01.2026;Logistik;23992;Dt.Unternehmensnachfolge;Philemon Nachfolgeinvest GmbH;Am Lilienberg 2;81669;München;;;;
Ewatec;101171;LS68138;ja;01.01.2026;Logistik;20255;rebike 1 GmbH;Rebike Mobility GmbH;Zeppelinstr. 3  / Einfahrt 6;87437;Kempten;;;;
Planegg;101204;LS68172;nein;01.01.2026;Logistik;24586;AFS Aviation Fuel Services Gmb;AFS Aviation Fuel Services GmbH;Nordallee 52;85356;München  (Flughafen);;;;
natürlich H2O;101222;LS68190;nein;01.01.2026;Logistik;24613;Weckstein Pflegedienst Elixier;Weckstein Pflegedienst Elixier OHG;Gasteiner Str. 29;10717;Berlin;;;;
Planegg;101273;LS68240;nein;07.01.2026;Logistik;25758;Hausarztzentrum Egenburg;Hausarztzentrum Egenburg;Hauptstraße 50;85235;Egenburg;;;;
Gänshirt-Aufmbruch;101424;LS68387;nein;01.01.2026;Mihaela Abmayr;25572;Münchener Assekuranz Vermittl.;Münchener Assekuranz Vermittlungs GmbH;Willy-Brandt-Platz 3;46045;Oberhausen;;;;
Gänshirt-Aufmbruch;;LS68967;nein;01.01.2026;Petra Gräf;25967;Wasserverband Eifel-Rur;Wasserverband Eifel-Rur;Eisenbahnstraße 5;52353;Düren;;;;
AMW Auersperg;103484;LS69442;ja;09.01.2026;Logistik;20742;Graal Müritz;Balticum OpCo Graal GmbH;Waldstr.1;18181;Ostseebad Graal-Müritz;;;;
Strecke;103491;LS69449;ja;01.04.2026;Logistik;20604;KI group GmbH;KI group GmbH;Mittelstr. 12-14;50672;Köln;;;;
Strecke;103492;LS69450;ja;01.04.2026;Logistik;20604;KI group GmbH;KI group GmbH;Mittelstr. 12-14;50672;Köln;;;;
Brengartner Trinkwass;103635;LS69593;ja;09.03.2026;Logistik;24661;Marco GmbH & Co. KG;Marco GmbH & Co. KG;Riegeler Straße 1;79364;Malterdingen;;;;
Brengartner Trinkwass;103636;LS69594;ja;09.03.2026;Logistik;24661;Marco GmbH & Co. KG;Marco GmbH & Co. KG;Riegeler Straße 1;79364;Malterdingen;;;;
Berlin Wein König;103658;LS69616;nein;01.01.2026;Logistik;21352;Setting;Setting HQ GmbH;Rosenthaler Str. 42;10178;Berlin;;;;
Brengartner Trinkwass;103662;LS69621;ja;16.03.2026;Logistik;25185;Medizinischer Dienst Baden-Wür;Medizinischer Dienst Baden-Württemb;Marlener Str. 6;77656;Offenburg;;;;
Bastian;103697;LS69656;nein;01.01.2026;Logistik;25227;Visio Klinik;Visio Klinik GmbH;Weißenregener Str. 1-5;93444;Bad Kötzting;;;;
Bastian;103700;LS69659;nein;01.01.2026;Logistik;25227;Visio Klinik;Visio Klinik GmbH;Weißenregener Str. 1-5;93444;Bad Kötzting;;;;
Bastian;103709;LS69668;nein;01.01.2026;Logistik;25227;Visio Klinik;Visio Klinik GmbH;Weißenregener Str. 1-5;93444;Bad Kötzting;;;;
Schöttle - Haiterbach;103754;LS69713;ja;05.01.2026;Logistik;25750;Stadt Winnenden;Feuerwehr Winnenden;Mühltorstr. 50;71364;Winnenden;;;;
Ewatec;103765;LS69723;ja;29.03.2026;Logistik;26340;Agentur für Arbeit Lindau;Agentur für Arbeit Lindau;Hundweilerstr. 1;88131;Lindau;;;;
AMW Auersperg;103771;LS69729;nein;03.02.2026;Logistik;26168;smartvillage B-Neukölln;smartvillage B Neukölln GmbH;Karl-Marx- Str. 101;12043;Berlin;;;;
AMW Auersperg;103772;LS69730;nein;01.02.2026;Logistik;26168;smartvillage B-Neukölln;smartvillage B Neukölln GmbH;Karl-Marx- Str. 101;12043;Berlin;;;;
AMW Auersperg;103773;LS69731;nein;03.02.2026;Logistik;26168;smartvillage B-Neukölln;smartvillage B Neukölln GmbH;Karl-Marx- Str. 101;12043;Berlin;;;;
AMW Auersperg;103774;LS69732;nein;03.02.2026;Logistik;26168;smartvillage B-Neukölln;smartvillage B Neukölln GmbH;Karl-Marx- Str. 101;12043;Berlin;;;;
GWA;103781;LS69739;nein;01.01.2026;Logistik;26336;ARGE Ingenieurgesellschaft;InGe BM SuedOstLink A1 (1.OG);Große Diesdorfer Str. 228;39108;Magdeburg;;;;
natürlich H2O;103786;LS69744;nein;01.01.2026;Logistik;26388;Andriessens Praxis psych.Gesun;Praxis für psych. Gesundheit am Sav;Ärztehaus  Carmerstr. 7  /  4.OG;10623;Berlin;;;;
Berlin Wein König;;LS70204;nein;01.01.2026;Sönke Rocho;21144;Knotel;Knotel Berlin I GmbH;Stralauer Allee 2b;10245;Berlin;;;;
VST Schörling;105748;LS70589;ja;31.01.2026;Florian Gräf;24737;Sasse FM;Lufthansa Lounges;Terminalstraße Mitte Nr. 28 / Anlieferhof;85356;München;;;;
AMW Auersperg;105791;LS70639;ja;08.01.2026;Florian Gräf;23338;Le Gastro;Deutsche Post AG;Ahornring 6;18184;Roggentin;;;;
Attila AS;105895;LS70756;nein;01.01.2026;Sönke Rocho;24026;Heamalab vorm.OnkoMedeor;Haemalab - Onkologisches Zentrum Freising MVZ;Weizengasse 2;85354;Freising;;;;
VST Schörling;105941;LS70810;ja;08.01.2026;Logistik;20221;Abschnitt West;Abschnitt West;Romanstraße 13;80639;München;;;;
VST Schörling;105943;LS70812;ja;13.01.2026;Logistik;20325;SYNBRAND (vorm.Synektar);SYNBRAND GmbH;Nordendstrasse 64;80801;München;;;;
VST Schörling;105944;LS70813;ja;09.01.2026;Logistik;20255;rebike 1 GmbH;Rebike Mobility GmbH;Aidenbachstraße 54;81379;München;;;;
VST Schörling;105955;LS70824;ja;08.01.2026;Logistik;20656;Arqum Gesellschaft für Ar;Arqum Gesellschaft für Arbeitssicherheits-, Q;Leonrodstraße 54;80636;München;;;;
AMW Auersperg;105968;LS70837;ja;28.01.2026;Logistik;21288;gkv;gkv Informatik;Skandinaviendamm 360;24109;Kiel;;;;
Planegg;105993;LS70862;nein;02.02.2026;Logistik;22161;Space 44;SPACE 44 GmbH;Paradiesstraße 9;80538;München;;;;
Planegg;105994;LS70863;nein;07.03.2026;Logistik;22144;Isartax vorm.Aulinger;Isartax GmbH;Landsberger Str.155, Haus 4;80687;München;;;;
Planegg;105999;LS70866;nein;02.02.2026;Logistik;22161;Space 44;SPACE 44 GmbH;Paradiesstraße 9;80538;München;;;;
VST Schörling;106002;LS70869;nein;01.01.2026;Logistik;22424;Agentur für Arbeit Pfarrkirche;Bundesagentur für Arbeit;Max-Breiherr-Str. 3;84347;Pfarrkirchen;;;;
AQUATRADE Glinde;106015;LS70882;nein;07.01.2026;Logistik;22494;OD Solutions;OD Solutions GmbH;Mittelweg 161;20148;Hamburg;;;;
Gleisner;106024;LS70891;ja;11.03.2026;Logistik;22600;Konzept Weiss Nürnberg;Konzept Weiss L&T Bleachingstores UG;Brunnengasse 42;90402;Nürnberg;;;;
VST Schörling;106069;LS70935;ja;01.01.2026;Logistik;23185;Bayern Card-Services GmbH;qards GmbH;Georg-Brauchle-Ring 23-25;80992;München;;;;
VST Schörling;106071;LS70937;ja;01.01.2026;Logistik;23185;Bayern Card-Services GmbH;qards GmbH;Georg-Brauchle-Ring 23-25;80992;München;;;;
VST Schörling;106074;LS70940;ja;01.01.2026;Logistik;23185;Bayern Card-Services GmbH;qards GmbH;Georg-Brauchle-Ring 23-25;80992;München;;;;
VST Schörling;106077;LS70943;ja;08.01.2026;Logistik;20745;Sabhan Call Shop;Sabhan Call Shop;Arnulfstraße 16-18;80335;München;;;;
Planegg;106104;LS70969;ja;18.02.2026;Logistik;24009;Bayer.Staatsministerium d.Inne;Bayer.Staatsmini.d.Innern, Sport+Integration;Odeonsplatz 3;80539;München;;;;
Planegg;106105;LS70970;ja;18.02.2026;Logistik;24009;Bayer.Staatsministerium d.Inne;Bayer.Staatsmini.d.Innern, Sport+Integration;Odeonsplatz 3;80539;München;;;;
Planegg;106106;LS70971;ja;18.02.2026;Logistik;24009;Bayer.Staatsministerium d.Inne;Bayer.Staatsmini.d.Innern, Sport+Integration;Odeonsplatz 3;80539;München;;;;
Planegg;106107;LS70972;ja;18.02.2026;Logistik;24009;Bayer.Staatsministerium d.Inne;Bayer.Staatsmini.d.Innern, Sport+Integration;Odeonsplatz 3;80539;München;;;;
Schöttle - Haiterbach;106138;LS71003;nein;01.01.2026;Logistik;23965;Giorgio Armani Metzingen;Armani Outlet Metzingen;Reutlingerstr. 69;72555;Metzingen;;;;
VST Schörling;106154;LS71019;ja;16.01.2026;Logistik;24785;Bayerischer Oberster Rechnungs;Bayerischer Oberster Rechnungshof;Kaulbachstr. 9;80539;München;;;;
Planegg;106157;LS71022;nein;01.03.2026;Logistik;24775;Packline / vorm.Shevchenko;PackLine GmbH;Benzstraße 2;85551;Kirchheim;;;;
CJM;106161;LS71026;ja;15.01.2026;Logistik;24817;Kopf der Sache;Kopf der Sache GmbH;Karl-Liebknecht-Straße 127-129;15711;Königs Wusterhausen;;;;
Planegg;106191;LS71056;ja;02.02.2026;Logistik;25300;Skytanking Munich;Skytanking Munich GmbH & Co. KG;Wartungsallee 19;85356;München - Flughafen;;;;
Planegg;106192;LS71057;ja;02.02.2026;Logistik;25300;Skytanking Munich;Skytanking Munich GmbH & Co. KG;Nordallee 4;85356;München - Flughafen;;;;
Planegg;106201;LS71066;nein;07.01.2026;Logistik;25338;GoPro;GoPro GmbH;Baierbrunner Str. 15,  Geb.D;81379;München;;;;
VST Schörling;106205;LS71070;ja;16.01.2026;Logistik;25429;BLACHNIK GmbH & Co. KG;Gabriele Blachnik GmbH & Co.KG;Marstallstraße 8;80539;München;;;;
Schöttle - Haiterbach;106226;LS71091;ja;01.01.2026;Logistik;25882;myStorage GmbH;myStorage GmbH;Storlachstr. 4;72760;Reutlingen;;;;
AMW Auersperg;106227;LS71092;ja;09.01.2026;Logistik;20742;Graal Müritz;IFA Graal-Müritz Hotel, Spa & Tagun;Waldstrasse 1;18181;Graal-Müritz;;;;
AMW Auersperg;106228;LS71093;ja;08.01.2026;Logistik;20742;Graal Müritz;IFA Graal-Müritz Hotel, Spa & Tagun;Waldstrasse 1;18181;Graal-Müritz;;;;
VST Schörling;106232;LS71097;ja;21.01.2026;Logistik;25920;x-cellent technologies GmbH;x-cellent technologies GmbH;Rosenkavalierplatz 10;81925;München;;;;
Planegg;106240;LS71105;nein;01.01.2026;Logistik;26005;TU München - Ottobrunn;Technische Universität München;Einsteinstraße 28;85521;Ottobrunn;;;;
AMW Auersperg;106241;LS71106;ja;13.02.2026;Logistik;25871;Die Darterei Berlin;Die Darterei Berlin UG;Berliner Allee 106;13088;Berlin;;;;
AMW Auersperg;106257;LS71122;ja;14.01.2026;Logistik;26379;Naree Puna Phumphakdi;Puna  Phumphakdi;Richterstr. 48;12105;Berlin;;;;
VST Schörling;106262;LS71127;ja;13.01.2026;Logistik;26483;Tobias Deißenberger;Tobias Deißenberger;Pestalozzistr. 15;80469;München;;;;
Aquatec - Reinbek;106328;LS71195;nein;01.01.2026;Estaline Philander;23233;Lünekartoffel (Böhmer);Lünekartoffel-Vertrieb GmbH & Co.KG;Oerzer Str. 14;21394;Südergellersen;;;;
aboutwater Bünde;107839;LS71770;ja;11.02.2026;Petra Gräf;26902;Kreis Paderborn;Kreis Paderborn;Aldegreverstr. 10 - 14;33102;Paderborn;;;;
VST Schörling;107969;LS71895;ja;21.01.2026;Logistik;20821;spaceopal GmbH;spaceopal GmbH;Arnulfstraße 58;80335;München;;;;
VST Schörling;107972;LS71898;ja;01.01.2026;Logistik;20774;M. Asam GmbH;M. Asam GmbH;Feringastrasse 12 A  / 3.OG;85774;Unterföhring;;;;
VST Schörling;107977;LS71903;ja;12.02.2026;Logistik;21294;IPTE Platzgummer GmbH;IPTE Platzgummer GmbH;Siemensstraße 8;85221;Dachau;;;;
Planegg;107978;LS71904;nein;07.01.2026;Logistik;21293;Haaf;Alfons Haaf Polyäthylen-Werk GmbH;Siemensstraße 6  / EG;85716;Unterschleißheim;;;;
AQUATRADE Bram;107979;LS71905;ja;03.02.2026;Logistik;21296;Seidel Katharina;MVZ Seidel GmbH;Julius-Leber-Straße 1;33813;Oerlinghausen;;;;
VST Schörling;107980;LS71906;ja;19.01.2026;Logistik;21250;Pfennigparade;Pfennigparade Ernst-Barlach-Schulen;Barlachstraße 38;80804;München;;;;
VST Schörling;107981;LS71907;ja;21.01.2026;Logistik;21450;ThinxNet;ryd GmbH;Landsberger Str. 94;80339;München;;;;
VST Schörling;107982;LS71908;ja;20.02.2026;Logistik;21515;Kinderkrippe Sternschnuppe;Kinderkrippe Sternschnuppe;Bahnhofstraße 27a;85635;Höhenkirchen-Siegertsbrunn;;;;
VST Schörling;107983;LS71909;ja;14.01.2026;Logistik;21579;TraXall;TraXall Germany;Keltenring 15;82041;Oberhaching;;;;
VST Schörling;107984;LS71910;ja;14.01.2026;Logistik;21663;Electrochaea;Electrochaea GmbH;Semmelweisstraße 3;82152;Planegg-Steinkirchen;;;;
AMW Auersperg;107985;LS71911;ja;08.01.2026;Logistik;21693;Augenzentrum  Nordwest;Augenzentrum Nordwest;Warnowallee 31 A;18107;Rostock;;;;
VST Schörling;107991;LS71917;ja;14.01.2026;Logistik;21663;Electrochaea;Electrochaea GmbH;Semmelweisstraße 3;82152;Planegg-Steinkirchen;;;;
Planegg;107995;LS71921;nein;01.02.2026;Logistik;22359;IT-MAX GmbH;BCS Service GmbH;Dachauer Str. 70-72;80335;München;;;;
Ines Rütz Appen;108012;LS71937;nein;07.01.2026;Logistik;22913;Hugo Pfohe GmbH;Hugo Pfohe GmbH;Esmarchstraße 13-15;23795;Bad Segeberg;;;;
Ines Rütz Appen;108016;LS71941;nein;01.01.2026;Logistik;22885;Denis Barbershop;Denis Barbershop;Denhaide 6;22081;Hamburg;;;;
aboutwater Bünde;108048;LS71972;ja;17.02.2026;Logistik;23577;Dataport;Dataport - Anstalt des öffentl. Rechts;Am Alten Eisenwerk 4;21339;Lüneburg;;;;
AMW Auersperg;108049;LS71973;ja;28.01.2026;Logistik;23577;Dataport;Dataport - Anstalt des öffentl. Rechts;Radewisch 2;24145;Moorsee;;;;
AMW Auersperg;108050;LS71974;ja;28.01.2026;Logistik;23577;Dataport;Dataport - Anstalt des öffentl. Rechts;Konrad-Zuse-Ring 1;24220;Flintbek;;;;
Ines Rütz Appen;108052;LS71976;ja;20.01.2026;Logistik;23861;BGW Hamburg;BGW Berufsgenossenschaft;Schäferkampsallee 24;20357;Hamburg;;;;
Ines Rütz Appen;108053;LS71977;ja;20.01.2026;Logistik;23861;BGW Hamburg;BGW Berufsgenossenschaft;Schäferkampsallee 24;20357;Hamburg;;;;
Ines Rütz Appen;108054;LS71978;ja;20.01.2026;Logistik;23861;BGW Hamburg;BGW Berufsgenossenschaft;Schäferkampsallee 24;20357;Hamburg;;;;
Ines Rütz Appen;108055;LS71979;ja;20.01.2026;Logistik;23861;BGW Hamburg;BGW Berufsgenossenschaft;Schäferkampsallee 24;20357;Hamburg;;;;
Ines Rütz Appen;108056;LS71980;ja;20.01.2026;Logistik;23861;BGW Hamburg;BGW Berufsgenossenschaft;Schäferkampsallee 24;20357;Hamburg;;;;
Ines Rütz Appen;108057;LS71981;ja;20.01.2026;Logistik;23861;BGW Hamburg;BGW Berufsgenossenschaft;Schäferkampsallee 24;20357;Hamburg;;;;
Ines Rütz Appen;108058;LS71982;ja;01.01.2026;Logistik;23861;BGW Hamburg;BGW Berufsgenossenschaft;Schäferkampsallee 24;20357;Hamburg;;;;
AMW Auersperg;108060;LS71984;ja;29.01.2026;Logistik;23916;Kabuja & Kollegen;KABUJA & KOLLEGEN GMBH;Werftbahnstr. 8;24143;Kiel;;;;
Planegg;108064;LS71988;ja;08.01.2026;Logistik;61030;dm 1030 Augsburg;dm Filiale 1030;Neuburger Straße 227;86196;Augsburg - Hammerschmiede;;;;
Planegg;108074;LS71998;ja;08.01.2026;Logistik;62557;dm 2557 Langweid;dm Filiale 2557;Am Lehenauweg 2c;86462;Langweid;;;;
AMW Auersperg;108079;LS72003;ja;10.02.2026;Logistik;24064;AWO Ludwigslust;Kita Am Schäferstein;Bundesstr. 11;19260;Dersenow;;;;
AMW Auersperg;108080;LS72004;ja;29.01.2026;Logistik;24064;AWO Ludwigslust;Kita Wittenburger Lindwürmchen;Friedrich-Tarnow-Straße 19;19243;Wittenberg;;;;
AMW Auersperg;108081;LS72005;ja;26.01.2026;Logistik;24064;AWO Ludwigslust;Kita Haus der kleinen Freunde;Birkenweg 1;19075;Warsow;;;;
AMW Auersperg;108082;LS72006;ja;10.02.2026;Logistik;24064;AWO Ludwigslust;Kita Kinderland;Fritz-Reuter-Str. 30a;19258;Boizenburg;;;;
AMW Auersperg;108086;LS72010;ja;11.02.2026;Logistik;24064;AWO Ludwigslust;Kita Pusteblume;Mühlenweg 2;19249;Lübtheen;;;;
AMW Auersperg;108088;LS72012;ja;17.03.2026;Logistik;24064;AWO Ludwigslust;Kita Zwergenland;Am Schlossteich 2;19258;Gresse;;;;
AMW Auersperg;108089;LS72013;ja;10.02.2026;Logistik;24064;AWO Ludwigslust;Kita Wassertropfen;Weg der Jugend 16 b;19258;Boizenburg;;;;
aboutwater Bünde;108103;LS72027;ja;17.02.2026;Logistik;24183;Pflegeteam Hamel;Pflegeteam Hamel - Harburg;Petersweg 1;21075;Hamburg;;;;
VST Schörling;108104;LS72028;ja;05.03.2026;Logistik;24241;finccam GmbH;finccam GmbH;Ganghoferstraße 70;80339;München;;;;
VST Schörling;108106;LS72030;ja;19.01.2026;Logistik;24245;Ontime Courier GmbH;Ontime Courier GmbH;Alois-Wolfmüller-Str. 8;80939;München;;;;
VST Schörling;108112;LS72036;ja;11.02.2026;Logistik;24238;Agfa;Agfa-Gevaert Healthcare GmbH;Max-Planck-Str. 1;82830;Peißenberg;;;;
VST Schörling;108115;LS72039;ja;19.01.2026;Logistik;24245;Ontime Courier GmbH;Ontime Courier GmbH;Alois-Wolfmüller-Str. 8;80939;München;;;;
VST Schörling;108124;LS72048;ja;19.01.2026;Logistik;24659;MCE Service GmbH;MCE Service GmbH;Kistlerhofstraße 170;81379;München;;;;
VST Schörling;108125;LS72049;ja;19.01.2026;Logistik;24659;MCE Service GmbH;MCE Service GmbH;Kistlerhofstraße 170;81379;München;;;;
AQUATRADE Glinde;108126;LS72050;ja;16.03.2026;Logistik;24786;INDIMANT;INDIMANT Industriediamanten GmbH;Heinrich-Hertz-Straße 9;22941;Bargteheide;;;;
VST Schörling;108127;LS72051;ja;19.01.2026;Logistik;24935;Nucletron Technologies GmbH;Nucletron Technologies GmbH;Riesstraße 8;80992;München;;;;
Ines Rütz Appen;108141;LS72065;ja;13.01.2026;Logistik;25101;WRENKH;WRENKH KochEvents;Max-Brauer-Allee 251;22769;Hamburg;;;;
Ewatec;108151;LS72075;ja;25.03.2026;Logistik;25185;Medizinischer Dienst Baden-Wür;Medizinischer Dienst Baden-Württemb;Freiheitstr. 6;78224;Singen;;;;
Schöttle - Haiterbach;108159;LS72083;ja;01.01.2026;Logistik;25185;Medizinischer Dienst Baden-Wür;Medizinischer Dienst Baden-Württemb;Mettingerstr. 131;73728;Esslingen;;;;
Schöttle - Haiterbach;108160;LS72084;ja;01.01.2026;Logistik;25185;Medizinischer Dienst Baden-Wür;Medizinischer Dienst Baden-Württemb;Mettingerstr. 131;73728;Esslingen;;;;
Schöttle - Haiterbach;108161;LS72085;ja;01.01.2026;Logistik;25185;Medizinischer Dienst Baden-Wür;Medizinischer Dienst Baden-Württemb;Mettingerstr. 131;73728;Esslingen;;;;
Schöttle - Haiterbach;108162;LS72086;nein;01.01.2026;Logistik;25185;Medizinischer Dienst Baden-Wür;Medizinischer Dienst Baden-Württemb;Manfred-Wörner-Str. 115;73037;Göppingen;;;;
Schöttle - Haiterbach;108163;LS72087;nein;01.01.2026;Logistik;25185;Medizinischer Dienst Baden-Wür;Medizinischer Dienst Baden-Württemb;Weidenfelder Str. 1;73430;Aalen;;;;
Schöttle - Haiterbach;108174;LS72098;ja;01.01.2026;Logistik;25185;Medizinischer Dienst Baden-Wür;Medizinischer Dienst Baden-Württemb;Zerrennerstr. 28;75172;Pforzheim;;;;
Ewatec;108177;LS72101;ja;26.03.2026;Logistik;25185;Medizinischer Dienst Baden-Wür;Medizinischer Dienst Baden-Württemb;Meersburger Str. 3;88213;Ravensburg;;;;
Schöttle - Haiterbach;108178;LS72102;ja;01.01.2026;Logistik;25185;Medizinischer Dienst Baden-Wür;Medizinischer Dienst Baden-Württemb;Schwarzwaldstraße 1a;75173;Pforzheim;;;;
Ines Rütz Appen;108181;LS72105;ja;18.02.2026;Logistik;24777;ProMed Solutions;ProMed Solutions GmbH;Mönkedamm 11;20457;Hamburg;;;;
VST Schörling;108183;LS72107;ja;22.01.2026;Logistik;25368;CompuSafe Data Systems AG;CompuSafe Data Systems AG;Oetztaler Strasse 18;81373;München;;;;
VST Schörling;108184;LS72108;ja;19.01.2026;Logistik;25402;zweiB GmbH;zweiB GmbH;Thalkirchnerstr. 210 / Geb.8;81371;München;;;;
Gänshirt-Aufmbruch;108225;LS72149;ja;16.01.2026;Logistik;25562;Eurofins;Eurofins Institut Dr. Rothe GmbH;Otto-Hahn-Str. 15;44227;Dortmund;;;;
VST Schörling;108227;LS72151;ja;21.01.2026;Logistik;20821;spaceopal GmbH;spaceopal GmbH;Arnulfstraße 60;80335;München;;;;
VST Schörling;108228;LS72152;ja;21.01.2026;Logistik;20821;spaceopal GmbH;spaceopal GmbH;Arnulfstr. 58, 1. OG;80335;München;;;;
VST Schörling;108231;LS72155;ja;14.01.2026;Logistik;25603;sdp energie GmbH;sdp energie Projekte GmbH;Starnberger Straße 30;82069;Hohenschäftlarn;;;;
VST Schörling;108234;LS72158;ja;14.01.2026;Logistik;25393;Zeeh Design GmbH;Zeeh Design GmbH;Boschstraße 16;82178;Puchheim;;;;
VST Schörling;108235;LS72159;ja;01.01.2026;Logistik;25393;Zeeh Design GmbH;Zeeh Design GmbH;Benzstraße 9;82178;Puchheim;;;;
Brengartner Trinkwass;108236;LS72160;ja;22.01.2026;Logistik;25366;Markgräfler Gymnasium;Markgräfler Gymnasium;Bismarckstraße 10;79379;Müllheim;;;;
VST Schörling;108237;LS72161;ja;19.01.2026;Logistik;21767;Motius;Motius GmbH;Walter-Gropius-Str. 17;80807;München;;;;
Planegg;108250;LS72174;ja;18.03.2026;Logistik;25746;ResMed;ResMed GmbH & Co.KG;Mahatma-Ghandi-Platz 3;81219;München;;;;
Planegg;108251;LS72175;ja;18.03.2026;Logistik;25746;ResMed;ResMed GmbH & Co.KG;Mahatma-Ghandi-Platz 3;81219;München;;;;
Planegg;108252;LS72176;ja;18.03.2026;Logistik;25746;ResMed;ResMed GmbH & Co.KG;Mahatma-Ghandi-Platz 3;81219;München;;;;
Planegg;108253;LS72177;ja;18.03.2026;Logistik;25746;ResMed;ResMed GmbH & Co.KG;Mahatma-Ghandi-Platz 3;81219;München;;;;
VST Schörling;108261;LS72185;ja;20.02.2026;Logistik;26005;TU München - Ottobrunn;Technische Universität München;Einsteinstraße 28;85521;Ottobrunn;;;;
VST Schörling;108270;LS72194;ja;13.01.2026;Logistik;26048;MUNIQ Design;MUNIQ Design GmbH;Detmoldstraße 4;80935;München;;;;
VST Schörling;108323;LS72247;ja;19.01.2026;Logistik;26553;ARGE Ingenieurbau U5 Los 1;ARGE Ingenieurbau U5 Los1;Willibaldstr. 70;80689;München;;;;
Ines Rütz Appen;108336;LS72260;ja;20.01.2026;Logistik;23861;BGW Hamburg;BGW Berufsgenossenschaft;Schäferkampsallee 24;20357;Hamburg;;;;
Planegg;108343;LS72268;ja;08.01.2026;Logistik;23872;Ara 8;Goodfruit;Boschstr. 5 / 2.OG;82178;Puchheim;;;;
Schöttle - Haiterbach;108344;LS72269;ja;02.02.2026;Logistik;24223;ELEKTRA Tailfingen;ELEKTRA Tailfingen Schaltgeräte GmbH & Co. KG;Brunnenstraße 48;72461;Albstadt;;;;
Schöttle - Haiterbach;108345;LS72270;ja;02.02.2026;Logistik;24223;ELEKTRA Tailfingen;ELEKTRA Tailfingen Schaltgeräte GmbH & Co. KG;Brunnenstraße 48;72461;Albstadt;;;;
Schöttle - Haiterbach;108346;LS72271;ja;02.02.2026;Logistik;24223;ELEKTRA Tailfingen;ELEKTRA Tailfingen Schaltgeräte GmbH & Co. KG;Brunnenstraße 48;72461;Albstadt;;;;
Brengartner Trinkwass;108434;LS72359;nein;01.01.2026;Carmen Berger;26545;Nextbike;Nextbike GmbH;Im Ried 1;79268;Bötzingen;;;;
Ines Rütz Appen;107877;LS72372;nein;01.04.2026;Florian Gräf;26375;Edgar Fuchs;KA96 GmbH;Ludwig-Erhard-Straße 32;20459;Hamburg;;;;
Gänshirt-Aufmbruch;107877;LS72374;nein;01.04.2026;Florian Gräf;26375;Edgar Fuchs;Katzentempel Dortmund;Westenhellweg 95-101;44137;Dortmund;;;;
VST Schörling;107752;LS71671 MBU;nein;01.01.2026;Petra Gräf;23338;Le Gastro;Deutsche Post AG;Südallee;85356;München - Flughafen;;;;
VST Schörling;101472;LS72446;ja;02.03.2026;Petra Gräf;21795;GEWO Feinmechanik GmbH;GEWO Feinmechanik GmbH & Co. KG;Bahnhofstr. 45;85457;Wörth/Hörlkofen;;;;
Berlin Wein König;;LS72459;nein;01.01.2026;Petra Gräf;21352;Setting;Setting HQ GmbH;Schönhauser Allee 180;10119;Berlin;;;;
Ines Rütz Appen;109514;LS72693;nein;01.01.2026;Florian Gräf;21477;Trinkwassertechnik Brengartner;Endress + Hauser Deutschland GmbH+Co. KG;Am Stadtrand 54;22047;Hamburg;;;;
VST Schörling;109516;LS72695;ja;08.01.2026;Florian Gräf;21477;Trinkwassertechnik Brengartner;Endress + Hauser Deutschland GmbH+Co. KG;Clarita-Bernhard-Straße 25;81249;München;;;;
VST Schörling;109542;LS72716;ja;11.03.2026;Petra Gräf;26629;SKD SE;SKD SE;Otto-Hahn-Straße 7;82216;Maisach;;;;
VST Schörling;109614;LS72776;ja;27.01.2026;Petra Gräf;26974;Autohaus Stanglmair (2) Murnau;Autohaus Stanglmair GmbH & Co.Betr. KG;Straßäcker 10;82418;Murnau;;;;
Planegg;109616;LS72780;ja;11.03.2026;Petra Gräf;27071;Autohaus Stanglmair (4) Schong;Autohaus Stanglmair GmbH &  Co.Betr.KG;Bahnhofstr. 13;86956;Schongau;;;;
Planegg;109617;LS72781;ja;20.03.2026;Petra Gräf;27072;Autohaus Stanglmair (5) GAP;Autohaus Stanglmair GmbH &  Co. Betr. KG;Hauptstr. 16;82467;Garmisch-Partenkirchen;;;;
Schöttle - Haiterbach;109619;LS72782;ja;01.04.2026;Petra Gräf;27074;Grundschule Winterlingen;Grundschule Winterlingen;Schreinerstraße 10;72474;Winterlingen;;;;
AMW Auersperg;109622;LS72784;ja;16.01.2026;Petra Gräf;27076;Grundschule an der Stadtmauer;Grundschule an der Stadtmauer;Breite Straße 25a;15848;Beeskow;;;;
VST Schörling;108111;LS72035.;ja;11.02.2026;Estaline Philander;24238;Agfa;Agfa-Gevaert Healthcare GmbH;Max-Planck-Str. 1;82830;Peißenberg;;;;
VST Schörling;109791;Wtg.7214, 01.12;ja;19.01.2026;Estaline Philander;20191;Gleisner;ZTK Zahngesundheit GmbH;Leopoldstraße 230;80807;München;;;;
VST Schörling;109795;LS72874;ja;16.01.2026;Mihaela Abmayr;25517;CNT Europe Engenharia S.A.;CNT Europe Engenharia S.A.;Eversbuschstraße 172;80999;München;;;;
Kyffhäuser;109827;LS72906;nein;07.01.2026;Andreas Pöppe;23338;Le Gastro;Deutsche Post AG;Im Rotte 2;34355;Staufenberg;;;;
Aquatec - Bremen;109952;LS73032;ja;08.01.2026;Estaline Philander;23162;Teppana Produktion GmbH;Teppana Produktion GmbH;Obenhauptstraße 4;22335;Hamburg;;;;
VST Schörling;109962;LS73041;ja;13.01.2026;Petra Gräf;27087;Franka Robotics;Franka Robotics GmbH;Koppstr. 12;81379;München;;;;
VST Schörling;106053;LS70919 MBU;nein;01.01.2026;Petra Gräf;23338;Le Gastro;Deutsche Post AG;Edisonstr. 9;84453;Mühldorf a.Inn;;;;
Planegg;109986;LS73067;ja;02.02.2026;Florian Gräf;25300;Skytanking Munich;Skytanking Munich GmbH & Co. KG;Wartungsallee 19;85356;München - Flughafen;;;;
aboutwater Bünde;110002;LS73092;ja;22.01.2026;Florian Gräf;26853;AUGUST STORCK KG;AUGUST STORCK KG;Herrenhöfer Landstraße 5;99885;Ohrdruf;;;;
CJM;110043;LS73130;ja;07.01.2026;Estaline Philander;27023;Schülerhilfe Frank Nichterlein;Schülerhilfe Bautzen;Wallstraße 18;02625;Bautzen;;;;
Gänshirt-Aufmbruch;110100;LS73191;ja;18.02.2026;Andreas Pöppe;26485;ST Extruded Products (STEP-G);ST Extruded Products Germany GmbH;Friedrich-Woehler-Strasse 2;53117;Bonn;;;;
VST Schörling;110102;LS73192;ja;21.01.2026;Petra Gräf;27106;Lanes & Planes GmbH;Lanes & Planes GmbH;Friedenheimer Brücke 16;80639;München;;;;
Gänshirt-Aufmbruch;110106;LS73198;ja;19.01.2026;Petra Gräf;27107;St. Martinus Moers;Kita St. Marien;Königsbergerstraße 21 a;47443;Moers;;;;
AMW Auersperg;110113;LS73204;ja;19.01.2026;Petra Gräf;22105;Rieck Fulfillment;Rieck Fulfillment Solutions GmbH & Co. KG;Alexander-Meißner-Straße 84 - 88;12526;Berlin;;;;
Gänshirt-Aufmbruch;110118;LS73208;ja;08.01.2026;Petra Gräf;27108;IHK Nord Westfalen;IHK Nord Westfalen;Rathausplatz 7;45894;Gelsenkirchen;;;;
Gänshirt-Aufmbruch;110125;LS73218;ja;07.01.2026;Petra Gräf;27108;IHK Nord Westfalen;IHK Nord Westfalen;Sentmaringer Weg 61;48151;Münster;;;;
aboutwater Bünde;110131;LS73222;ja;20.01.2026;Andreas Pöppe;23231;Böhmer;Hans Willi Böhmer;Oerzer Str. 14;21394;Südergellersen;;;;
Gleisner;110130;LS73224;ja;19.01.2026;Petra Gräf;27086;Die Autobahn Nordbayern;Die Autobahn GmbH des Bundes - NL Nordbayern;Bockshügel 1;91257;Pegnitz-Trockau;;;;
Gleisner;110135;LS73227;ja;19.01.2026;Petra Gräf;27086;Die Autobahn Nordbayern;Die Autobahn GmbH des Bundes - NL Nordbayern;Gebertshofen 28;92283;Lauterhofen;;;;
Gleisner;110140;LS73230;ja;21.01.2026;Petra Gräf;27086;Die Autobahn Nordbayern;Die Autobahn GmbH des Bundes - NL Nordbayern;An der Autobahn 1;91058;Erlangen;;;;
Gleisner;110144;LS73231;ja;21.01.2026;Petra Gräf;27086;Die Autobahn Nordbayern;Die Autobahn GmbH des Bundes - NL Nordbayern;An der Autobahn 1;91058;Erlangen;;;;
VST Schörling;110164;LS73251;ja;13.01.2026;Petra Gräf;27087;Franka Robotics;Franka Robotics GmbH;Koppstr. 12;81379;München;;;;
STK Service;110203;LS73295;ja;08.01.2026;Estaline Philander;26948;facilicon GmbH;facilicon GmbH;Am Gewerbehof 28;50170;Kerpen;;;;
Planegg;110211;LS73298;nein;01.01.2026;Andreas Pöppe;21795;GEWO Feinmechanik GmbH;GEWO Feinmechanik GmbH & Co. KG;Bahnhofstr. 45;85457;Wörth/Hörlkofen;;;;
STK Service;110210;LS73301;ja;08.01.2026;Estaline Philander;23991;SkinWorks;SkinWorks;Händelstrasse 2-4;50674;Köln;;;;
AQUATRADE Glinde;110231;LS73320;ja;08.01.2026;Estaline Philander;22559;Zentrum für Personaldienste;Zentrum für Personaldienste;Normannenweg 36;20537;Hamburg;;;;
Gänshirt-Aufmbruch;110239;LS73329;ja;12.02.2026;Mihaela Abmayr;27118;Zusje;t Zusje;Markt 52-54;52062;Aachen;;;;
AQUATRADE Glinde;110246;LS73335;ja;07.01.2026;Estaline Philander;22415;Schaeffler Gruppe;Schaeffler VLS Germany GmbH & Co.KG;Billbrookdeich 82;22113;Hamburg;;;;
VST Schörling;;LS73354;ja;06.02.2026;Petra Gräf;24178;Classic K Catering GmbH;Classic K Catering GmbH;Alkorstraße 14;83512;Wasserburg am Inn;;;;
AQUATRADE Glinde;110256;LS73358;ja;06.01.2026;Petra Gräf;24898;Anschütz;Anschütz GmbH;Zeyestr. 16-24;24106;Kiel;;;;
VST Schörling;;LS73362;ja;09.01.2026;Giorgi Lomidze;22000;Heine Optotechnik;HEINE Optotechnik GmbH & Co. KG;Dornierstraße 6;82205;Gilching;;;;
VST Schörling;110282;LS73378;ja;08.01.2026;Andreas Pöppe;24333;Bayern FM;Bayerische Landesbrandversicherung;Deisenhofener Straße 75;81539;München;;;;
AMW Auersperg;110286;LS73382;ja;15.01.2026;Petra Gräf;22067;Hach Lange GmbH;Hach Lange GmbH;Königsweg 10;14163;Berlin;;;;
aboutwater Frankfurt;110291;LS73387;ja;12.01.2026;Petra Gräf;27121;ROKA Interdisziplinäres Medizi;ROKA Interdisziplinäres Medizinisches;Heilbronner Str. 86;70191;Stuttgart;;;;
Planegg;110293;LS73389;ja;07.01.2026;Estaline Philander;24776;Max-Planck-Förderstiftung;Max-Planck-Förderstiftung;Aldringenstr. 4;80639;München;;;;
STK Service;110294;LS73390;ja;06.01.2026;Estaline Philander;26212;therapiezentrum.com;therapiezentrum.com;Adalbertsteinweg 12-16;52070;Aachen;;;;
STK Service;110295;LS73392;ja;12.01.2026;Estaline Philander;26700;CBG Bauunternehmen;CBG Bauunternehmen;Talstraße 85;42697;Solingen;;;;
Planegg;110297;LS73393;ja;07.01.2026;Estaline Philander;22476;Agentur für Arbeit Freising;Agentur für Arbeit Freising;Parkstr. 11  / 1.UG, Raum K03;85356;Freising;;;;
natürlich H2O;110300;LS73397;ja;07.01.2026;Estaline Philander;23969;Topos;TOPOS Versicherungskontor GmbH;Scharnweberstr. 130/131;13405;Berlin;;;;
Gänshirt-Aufmbruch;110304;LS73399;ja;19.01.2026;Petra Gräf;27089;Aderhold;Aderhold GmbH;Speditionstraße 23;40221;Düsseldorf;;;;
Gänshirt-Aufmbruch;110306;LS73400;ja;14.01.2026;Estaline Philander;23338;Le Gastro;Deutsche Post AG;Europaallee 15;50226;Frechen;;;;
Gänshirt-Aufmbruch;110310;LS73402;ja;16.01.2026;Estaline Philander;25458;Koenig & Partner 1 Herzogenrat;Steuerberater Koenig & Partner mbB;Josef-Lambertz-Straße 59a;52134;Herzogenrath;;;;
STK Service;110312;LS73403;ja;05.01.2026;Estaline Philander;26238;CSS Europe;H&mv Baustelle (Kraftwerk);Siegenbeckstraße 10;59071;Hamm;;;;
STK Service;110315;LS73405;ja;06.01.2026;Carmen Berger;25561;EPG Ehrhardt+Partner;Ehrhardt + Partner GmbH & Co. KG;Antonio- Segni Str. 8;44263;Dortmund;;;;
Gleisner;110317;LS73408;ja;11.02.2026;Petra Gräf;27086;Die Autobahn Nordbayern;Die Autobahn GmbH des Bundes - NL Nordbayern;Regnitzlosauer Straße 47;95111;Rehau;;;;
AMW Auersperg;110320;LS73411;ja;14.01.2026;Estaline Philander;26337;Freiraum für alle GmbH;Freiraum für alle GmbH;Lützowstraße 102 - 104;10785;Berlin;;;;
AQUATRADE Glinde;110324;LS73415;ja;08.01.2026;Estaline Philander;26304;Falck Akademie;Falck Akademie Deutschland;Holstenhofweg 47b;22043;Hamburg;;;;
AMW Auersperg;110327;LS73419;ja;20.01.2026;Estaline Philander;26711;dsb Dt.Sanierungsberatung;dsb Deutsche Sanierungsberatung GmbH;Anna-Louisa-Karsch-Straße 2;10178;Berlin;;;;
CJM;110330;LS73420;ja;06.01.2026;Petra Gräf;27090;BäckerMann;BäckerMann Backwaren und Feinkost GmbH;Südwestkorso 9;12161;Berlin;;;;
CJM;110331;LS73421;ja;06.01.2026;Petra Gräf;27090;BäckerMann;BäckerMann Backwaren und Feinkost GmbH;Pariser Str. 20;10707;Berlin;;;;
AQUATRADE Glinde;110329;LS73423;ja;09.01.2026;Estaline Philander;25101;WRENKH;WRENKH KochEvents;Max-Brauer-Allee 251;22769;Hamburg;;;;
VST Schörling;106025;LS73424;ja;27.01.2026;Estaline Philander;22463;Agentur für Arbeit Garmisch;Agentur für Arbeit Weilheim;Charmonixstr. 3-9  / 2.OG, Raum 216;82467;Garmisch-Partenkirchen;;;;
Ines Rütz Appen;109906;LS73429;nein;01.01.2026;Petra Gräf;23577;Dataport 1;Dataport Hanse Center (DHC);Wikingerweg 1;20537;Hamburg;;;;
Planegg;110338;LS73430;ja;07.01.2026;Andreas Pöppe;23774;Glasl´s Landhotel;Glasl´s Landhotel;Münchener Straße 11;85604;Zorneding;;;;
Planegg;110337;LS73431;ja;07.01.2026;Estaline Philander;20362;Emons Spedition;Emons Spedition GmbH & Co. KG;Lindberghstr. 6;85399;Hallbergmoos;;;;
VST Schörling;110341;LS73432;ja;13.01.2026;Giorgi Lomidze;22732;Micro Fuzzy /KPIT-Tochterfirma;Micro Fuzzy Industrie-Elektronic GmbH;Schleißheimer Str 377;80935;München;;;;
STK Service;110340;LS73435;ja;05.01.2026;Estaline Philander;23686;Falck Duisburg Hattingen Köln;(RW3) Falck Notfallrettung und;Duisburger Straße 145;47166;Duisburg;;;;
aboutwater Frankfurt;110343;LS73436;ja;07.01.2026;Estaline Philander;25115;GüT Dekanat;GüT Dekanat;Hinter Den Gärten 17;55234;Offenheim;;;;
aboutwater Frankfurt;110344;LS73437;ja;07.01.2026;Carmen Berger;26578;Voltaris;VOLTARIS GmbH;Voltastraße 3;67133;Maxdorf;;;;
AQUATRADE Glinde;110348;LS73441;ja;07.01.2026;Estaline Philander;26180;AW Management;AW Management GmbH & Co. KG;Kreihüttenmoorweg 39;26607;Aurich;;;;
Schöttle - Haiterbach;110354;LS73446;ja;24.01.2026;Estaline Philander;26330;EDL Dienstleistungen GmbH;EDL Dienstleistungen GmbH;Auf der Hub 22;76307;Karlsbad;;;;
Planegg;110355;LS73447;ja;14.01.2026;Estaline Philander;22449;Wyndham Garden München;Stahlgruberring 4 Hotel GmbH;Stahlgruberring 4;81829;München;;;;
VST Schörling;110356;LS73448;ja;09.01.2026;Sönke Rocho;25298;Darktrace;Darktrace Germany GmbH;Sonnenstraße 31;80331;München;;;;
VST Schörling;110161;LS73250.;ja;13.01.2026;Estaline Philander;23182;Agile Robots AG;Agile Robots SE;Koppstr. 12;81379;München;;;;
AQUATRADE Glinde;110179;LS73451;ja;06.01.2026;Carmen Berger;23577;Dataport 1;Dataport - Anstalt des öffentl. Rechts;Altenholzer Straße 10-14;24161;Altenholz;;;;
AQUATRADE Glinde;110373;LS73454;ja;05.01.2026;Carmen Berger;23022;J-Store;J-Store Hamburg;Wandsbeker Chaussee 33;22089;Hamburg;;;;
AQUATRADE Glinde;110375;LS73455;ja;05.01.2026;Carmen Berger;23022;J-Store;J-Store Hamburg;Wandsbeker Chaussee 101;22089;Hamburg;;;;
STK Service;;LS73456;ja;12.01.2026;Petra Gräf;23929;G2V Regus Vivid;Vivid Resourcing;Kaiserswerther Str. 135;40474;Düsseldorf;;;;
Planegg;110378;LS73457;ja;19.01.2026;Max Sanktjohanser;27128;frankfurter werkgemeinschaft;frankfurter werkgemeinschaft;Löwengasse 27 F;60385;Frankfurt am Main;;;;
Planegg;109918;LS73458;ja;08.01.2026;Max Sanktjohanser;27093;Bergmann;Ludwig Bergmann GmbH;Hauptstraße 64-66;49424;Goldenstedt;;;;
Planegg;109921;LS73459;ja;08.01.2026;Max Sanktjohanser;26606;AWB Oldenburg;Stadt Oldenburg;Wehdestraße 70;26123;Oldenburg;;;;
Planegg;109852;LS73460;ja;07.01.2026;Max Sanktjohanser;27088;Bad Berleburg;Jugendförderverein Bad Berleburg e.V.;An der Struth 17;57319;Bad Berleburg;;;;
Planegg;109968;LS73461;ja;09.01.2026;Max Sanktjohanser;27098;ETO;Elektrotechnik Oelsnitz/E. GmbH;Hoffeldstrasse 3;09376;Oelsnitz/Erzgebirge;;;;
Planegg;109960;LS73462;ja;08.01.2026;Max Sanktjohanser;27097;Grävenwiesbach;Gemeinde Grävenwiesbach;Bahnhofsweg 2 a;61279;Grävenwiesbach;;;;
Planegg;110033;LS73463;ja;02.01.2026;Max Sanktjohanser;26097;Stadt Sulzbach;Stadt Sulzbach;Sulzbachtalstr. 81;66280;Sulzbach/Saar;;;;
POSPRINT;109987;LS73464;ja;02.01.2026;Max Sanktjohanser;26927;opticunion;Opticunion GmbH;Heinrich-Hertz-Str. 27;78052;Villingen-Schwenningen;;;;
Planegg;110086;LS73465;ja;12.01.2026;Max Sanktjohanser;10028;Jakob Wassertechnik GmbH;Jakob Wassertechnik GmbH & Co.KG;Im Krautgarten 19;86470;Thannhausen;;;;
Planegg;110141;LS73466;ja;13.01.2026;Max Sanktjohanser;26644;Kreis Offenbach;Kreis Offenbach, FD Steuerungsunterstützung;Werner-Hilpert-Str. 1;63128;Dietzenbach;;;;
Planegg;110307;LS73467;ja;16.01.2026;Max Sanktjohanser;27055;DWA;DWA-Landesverband Nord;Bördestraße 19;31135;Hildesheim;;;;
POSPRINT;109957;LS73468;ja;21.01.2026;Max Sanktjohanser;27056;Stadt Datteln;Dezernat Kinder, Jugend, Familie, Soziales;Kolpingstraße 1;45711;Datteln;;;;
Planegg;110328;LS73469;ja;07.01.2026;Max Sanktjohanser;20578;Health Aging Research Gro;H.A.R.G. S.B. SRL;Via Marcello Morandi 17;26039;Vescovato (CR);;;;
Planegg;110351;LS73470;ja;15.01.2026;Max Sanktjohanser;27032;Druckerei Nejedly;Druckerei Nejedly GmbH;Lindenstr. 1a;61381;Friedrichsdorf;;;;
Planegg;110380;LS73472;ja;08.01.2026;Estaline Philander;26301;Gemeinschaftspraxis Orthopädie;Gemeinschaftspraxis Orthopädie Gilching;Römerstraße 4b;82205;Gilching;;;;
Planegg;110382;LS73474;ja;09.01.2026;Estaline Philander;25670;Punjabi Foods Trading;Punjabi Foods Trading GmbH;Maria-Probst-Str 41a;80939;München;;;;
Planegg;110383;LS73475;ja;07.01.2026;Estaline Philander;24026;Heamalab vorm.OnkoMedeor;Haemalab - Onkologisches Zentrum Freising MVZ;Weizengasse 2;85354;Freising;;;;
Planegg;110384;LS73476;ja;07.01.2026;Estaline Philander;23850;SE Sustainable Exergy GmbH;SE Sustainable Exergy GmbH;Feldkirchener Straße 12 A;85551;Kirchheim;;;;
Planegg;110385;LS73477;ja;13.01.2026;Estaline Philander;24063;Verisk Analytics GmbH;Verisk Analytics GmbH;Unterer Anger 3;80331;München;;;;
Planegg;110386;LS73478;ja;19.01.2026;Estaline Philander;25902;MMA Erding;MMA Erding;Moosweg 10;85435;Erding;;;;
Planegg;110388;LS73479;ja;13.01.2026;Estaline Philander;22078;Sprachschule Aktiv;Sprachschule Aktiv;Heßstraße 90;80797;München;;;;
VST Schörling;110390;LS73480;ja;08.01.2026;Andreas Pöppe;22466;Agentur für Arbeit Weilheim;Agentur für Arbeit Weilheim;Karwendelstr. 1;82362;Weilheim;;;;
Planegg;110391;LS73481;ja;13.01.2026;Estaline Philander;26483;Tobias Deißenberger;Tobias Deißenberger;Pestalozzistr. 15;80469;München;;;;
Planegg;110395;LS73482;ja;08.01.2026;Estaline Philander;24513;Fahrschule Brandt;Fahrschule Brandt;Lochhauser Straße 57;82178;Puchheim;;;;
Emons;110396;LS73483;ja;05.01.2026;Max Sanktjohanser;22176;Amazon Deutschland E6 Trans.;Amazon Deutschland E6 Transport GmbH;Stegelitzer Straße 10a;39126;Magdeburg;;;;
Planegg;110399;LS73484;ja;15.01.2026;Estaline Philander;26248;FOUR Munich Neue Messe;FOUR Munich Neue Messe;Humboldtstraße 12;85609;Dornach;;;;
Emons;110398;LS73485;ja;05.01.2026;Max Sanktjohanser;21928;Amazon Deutschland W10 Trans.;Amazon Deutschland W10 Transport GmbH;Teltower Straße 15;33719;Bielefeld;;;;
Planegg;110400;LS73486;ja;05.01.2026;Max Sanktjohanser;22526;Amazon Deutschland N18 Trans.;Amazon Deutschland N18 Transport GmbH;Am alten Flughafen 1;04356;Leipzig;;;;
Planegg;110401;LS73487;ja;09.01.2026;Estaline Philander;25259;Condor Technik /Flughafen MUC;Condor Technik GmbH;Wartungsallee 13;85356;München;;;;
Planegg;110402;LS73488;ja;07.01.2026;Estaline Philander;25288;Lindner Industriebedarf GmbH;Lindner Industriebedarf GmbH;Raiffeisenstr. 2a;38159;Vechelde;;;;
Planegg;110403;LS73489;ja;07.01.2026;Estaline Philander;21028;VES;VES Heimwerkermarkt GmbH;Am Windfeld 8;83714;Miesbach;;;;
Planegg;110404;LS73490;ja;05.01.2026;Max Sanktjohanser;21983;Amazon Deutschland W26 Trans.;Amazon Deutschland W26 Transport GmbH;Avantisallee 101;52072;Aachen;;;;
Emons;110405;LS73491;ja;05.01.2026;Max Sanktjohanser;25162;Menü 2000;Amazon Rheinberg DUS Germany GmbH;Amazonstr. 1;47495;Rheinberg;;;;
Emons;110406;LS73492;ja;05.01.2026;Max Sanktjohanser;25162;Menü 2000;Amazon Logistik Mönchengladbach GmbH DUS4;Hamburgring 10;41179;Mönchengladbach;;;;
Planegg;110407;LS73493;ja;19.01.2026;Max Sanktjohanser;27131;Body Balance;Body Balance Stuttgart;Heilbronner Str. 24;71665;Vaihingen an der Enz;;;;
Planegg;110408;LS73494;ja;05.01.2026;Max Sanktjohanser;27132;Förderverein St. Luzia Schule;St. Luzia Grundschule Walbeck;Walbecker Straße 15;47608;Geldern-Walbeck;;;;
Planegg;110417;LS73495;ja;08.01.2026;Estaline Philander;23756;guenstigschlafen24.de;guenstigschlafen24.de;Verdistr. 21;81247;München;;;;
STK Service;110418;LS73496;ja;08.01.2026;Florian Gräf;20587;Getränke-Service Neumann;Gartner Speditions GmbH;Emscherstraße 48;45891;Gelsenkirchen;;;;
Emons;110419;LS73497;ja;07.01.2026;Florian Gräf;10160;AVALESS;AVALESS Depot Kaarst Tel. 015904186981;Daimlerstr.16;41564;Kaarst;;;;
AMW Auersperg;110420;LS73498;ja;15.01.2026;Estaline Philander;25254;Oberlinklinik;Oberlinklinik gGmbH;Rudolf-Breitscheid-Str. 24;14482;Potsdam;;;;
AQUATRADE Glinde;110422;LS73501;ja;13.01.2026;Estaline Philander;23336;Gebeco GmbH & Co. KG;Gebeco GmbH & Co. KG;Holzkoppelweg 19;24118;Kiel;;;;
Planegg;;LS73502;ja;07.01.2026;Sönke Rocho;20111;Josef Degenhart IT Consul;Josef Degenhart IT Consulting;Wenzelstr. 3;94481;Grafenau;;;;
natürlich H2O;110424;LS73503;ja;13.01.2026;Estaline Philander;25984;Arcteryx Berlin = Amer Sports;ARCTERYX Berlin Mitte;Rosenthaler Str. 49;10178;Berlin;;;;
Gänshirt-Aufmbruch;110426;LS73504;ja;01.02.2026;Carmen Berger;26777;Finanzamt Düsseldorf-Nord;Finanzamt Düsseldorf-Nord;Hans-Böckler-Str. 36;40476;Düsseldorf;;;;
Planegg;110421;LS73505;ja;07.01.2026;Josefine Mättig;27133;Womens Best GmbH;Womens Best GmbH;Römerstraße 18;6065;Thaur, Austria;;;;
STK Service;110427;LS73507;ja;14.01.2026;Estaline Philander;23686;Falck Duisburg Hattingen Köln;Falck Notfallrettung und;Johannessegener Str. 1;45527;Hattingen;;;;
Emons;110428;LS73508;ja;09.01.2026;Florian Gräf;10160;AVALESS;AVALESS GmbH;Hansastr. 24;49205;Hasbergen;;;;
Planegg;110430;LS73509;ja;07.01.2026;Florian Gräf;10160;AVALESS;AVALESS GmbH;Hansastr. 24;49205;Hasbergen;;;;
Emons;110433;LS73510;ja;07.01.2026;Christian Irrgang;20191;Gleisner;Gleisner GmbH & Co.KG;Pegnitzstr. 13;91207;Lauf an der Pegnitz;;;;
Planegg;110431;LS73511;ja;07.01.2026;Christian Irrgang;20191;Gleisner;Gleisner GmbH & Co.KG;Pegnitzstr. 13;91207;Lauf an der Pegnitz;;;;
aboutwater Frankfurt;110429;LS73512;ja;07.01.2026;Estaline Philander;23961;BBC Cellpack;BBC Cellpack Packaging Langgöns GmbH;Perchstetten 2;35428;Langgöns;;;;
natürlich H2O;110432;LS73513;ja;14.01.2026;Estaline Philander;21940;Dt.Gesellsch.f.Auswärtige Poli;Deutsche Gesellschaft für Auswärtige Politik;Rauchstraße 17-18;10787;Berlin;;;;
Planegg;110434;LS73514;ja;07.01.2026;Josefine Mättig;22767;Dachser SE;Dachser SE;Justus-Liebig-Str. 3;34253;Lohfelden;;;;
Emons;;LS73515;ja;07.01.2026;Florian Gräf;24324;Glaser;Gastronomie-Service-Glaser;Hirschstr.42/44;76133;Karlsruhe;;;;
Planegg;110436;LS73516;ja;08.01.2026;Estaline Philander;25884;Stelioplast  GmbH;Stelioplast Roland Stengel;Lena-Christ-Straße 2;82031;Grünwald;;;;
CJM;110438;LS73517;ja;08.01.2026;Estaline Philander;26689;Falck Rettungsdienst Werder;Falck Rettungsdienst Nord GmbH;Otto-Lilienthal-Str. 6;14542;Werder (Havel);;;;
aboutwater Frankfurt;;LS73518;ja;14.01.2026;Carmen Berger;25048;HCC (1) Hessische Zentrale;Hessische Zentrale für Datenverarbeitung;Mackenzeller Str. 3;36088;Hünfeld;;;;
Planegg;110358;LS73519;ja;07.01.2026;Christian Irrgang;25028;Elke Rauer;Elke Rauer;Emmenhauser Str. 3;86899;Landsberg;;;;
Planegg;109789;LS73520;ja;07.01.2026;Christian Irrgang;20234;Bühler-Catering;Bühler-Catering GmbH;Industriestr. 2 b;76275;Ettlingen;;;;
Planegg;110336;LS73521;ja;13.01.2026;Josefine Mättig;25706;YPOG Berlin;YPOG GmbH & Co. KG;Kurfürstendamm 12;10719;Berlin;;;;
Planegg;110240;LS73522;ja;07.01.2026;Josefine Mättig;23160;Esmeyer GmbH & Co. KG;Esmeyer GmbH & Co. KG;Bessemer Strasse 3-5;40699;Erkrath;;;;
Planegg;110082;LS73523;ja;12.01.2026;Josefine Mättig;20829;Fritz Steinhaus GmbH & Co;Fritz Steinhaus GmbH & Co. KG;Im Heidkamp 17;33334;Gütersloh;;;;
Deutscher;110265;LS73524;ja;19.01.2026;Josefine Mättig;20664;Automatenservice Jakob;Automatenservice Jakob;Frankenstraße 7;14770;Brandenburg an der Havel;;;;
Planegg;110440;LS73525;ja;19.01.2026;Estaline Philander;23304;Formula GT GmbH;Formula GT GmbH;Olschewskibogen 5;80935;München;;;;
Planegg;110316;LS73526;ja;07.01.2026;Josefine Mättig;27123;BANSBACH GmbH;BANSBACH GmbH;Löffelstraße 40;70597;Stuttgart;;;;
aboutwater Frankfurt;110441;LS73527;ja;07.01.2026;Carmen Berger;21737;Heuser;Heuser GmbH;Waldstr. 23 / B10;63128;Dietzenbach;;;;
Planegg;109889;LS73528;ja;07.01.2026;Josefine Mättig;23970;Ebury;Ebury Partners Belgium SA/NV;Von der Tann Straße 11;80539;München;;;;
Planegg;110305;LS73529;ja;07.01.2026;Josefine Mättig;27122;neuland - Büro für Informatik;neuland - Büro für Informatik GmbH;Konsul-Smidt-Str. 8g;28217;Bremen;;;;
Emons;110442;LS73530;ja;07.01.2026;Christian Irrgang;20500;Automaten Reinhardt -Kesselsdo;Automaten Reinhardt GmbH & Co.KG;Zum Tälchen 5;01723;Kesselsdorf;;;;
Planegg;109831;LS73531;ja;12.01.2026;Josefine Mättig;24205;DJH LVB Sachsen-Anhalt e.V.;Jugendherberge Naumburg;Am Tennisplatz 9;06618;Naumburg;;;;
POSPRINT;109831;LS73532;ja;09.01.2026;Josefine Mättig;24205;DJH LVB Sachsen-Anhalt e.V.;Jugendherberge Naumburg;Am Tennisplatz 9;06618;Naumburg;;;;
AQUATRADE Glinde;110444;LS73533;ja;12.01.2026;Estaline Philander;22339;Technolog services GmbH;TECHNOLOG services GmbH;Vorsetzen 50  /  4.OG;20459;Hamburg;;;;
Gänshirt-Aufmbruch;110445;LS73534;ja;14.01.2026;Carmen Berger;25751;AAG Distribution / Hennig Fahr;Hennig Fahrzeugteile GmbH & Co. KG;Europaallee 54;50226;Frechen;;;;
Planegg;;LS73535;ja;07.01.2026;Christian Irrgang;20587;Getränke-Service Neumann;Getränke-Service Neumann;Weinstr. 2b;79219;Staufen;;;;
VST Schörling;;LS73536;ja;09.01.2026;Carmen Berger;22187;Landesverband Bayer.Bauinnunge;Landesverband Bayerischer Bauinnungen;Kobellstraße 17 1.OG;80336;München;;;;
Planegg;110448;LS73539;ja;07.01.2026;Josefine Mättig;21149;Flaschenland;Flaschenland GmbH;Am Kirchenwald 1;56235;Ransbach-Baumbach;;;;
Gänshirt-Aufmbruch;110450;LS73540;ja;16.01.2026;Petra Gräf;21884;Realschule Hürth;Friedrich-Ebert-Schule;Krankenhausstraße 91;50354;Hürth;;;;
Schöttle - Haiterbach;110449;LS73541;ja;15.01.2026;Estaline Philander;25882;myStorage GmbH;myStorage GmbH;Storlachstr. 4;72760;Reutlingen;;;;
Planegg;110452;LS73542;ja;07.01.2026;Christian Irrgang;21560;Helmut Hell;Helmut Hell;Eich 8;83561;Ramerberg;;;;
STK Service;110453;LS73543;ja;12.01.2026;Estaline Philander;23354;apt Extrusions;apt Extrusions GmbH & Co. KG;Edisonstr. 1;40789;Monheim am Rhein;;;;
Planegg;110454;LS73544;ja;19.01.2026;Estaline Philander;24721;Leibniz Rechenzentrum;Leibniz Rechenzentrum;Boltzmannstr. 1;85748;Garching;;;;
aboutwater Bünde;;LS73545;ja;09.01.2026;Petra Gräf;24691;Generalzolldirektion;Generalzolldirektion  Bildungs- und;Mecklenbecker Str. 235;48163;Münster;;;;
aboutwater Frankfurt;110457;LS73546;ja;07.01.2026;Carmen Berger;24722;Primark Frankfurt Wisag Hessen;Primark Store 809;Zeil 94;60313;Frankfurt;;;;
Planegg;110458;LS73547;ja;07.01.2026;Josefine Mättig;24074;DRK Brandenburg;DRK Kreisverband Brandenburg e.V.;Grüne Aue 6;14776;Brandenburg an der Havel;;;;
aboutwater Frankfurt;110460;LS73548;ja;07.01.2026;Carmen Berger;26484;HCC 2;HCC - Hessisches Competence Center;Rödgener Straße 91;35394;Gießen;;;;
Planegg;110462;LS73550;ja;13.01.2026;Estaline Philander;27021;Poster-Galerie-München GmbH &;Poster-Galerie-München GmbH & Co. KG;Sendlinger Str. 26;80331;München;;;;
Emons;110455;LS73551;ja;07.01.2026;Florian Gräf;10160;AVALESS;AVALESS Depot Kaarst Tel. 015904186981;Daimlerstr.16;41564;Kaarst;;;;
Emons;110463;LS73552;ja;09.01.2026;Florian Gräf;10160;AVALESS;AVALESS GmbH;Hansastr. 24;49205;Hasbergen;;;;
Planegg;110459;LS73553;ja;08.01.2026;Estaline Philander;26922;Impact Innovations GmbH;Impact Innovations GmbH;Bürgermeister-Steinberger-Ring 1;84431;Rattenkirchen;;;;
STK Service;110464;LS73554;ja;15.01.2026;Estaline Philander;21955;Junghans Wollversand;Junghans Wollversand GmbH & Co.KG;Gut-Dämme-Straße 4;52070;Aachen;;;;
STK Service;110465;LS73555;ja;14.01.2026;Estaline Philander;23135;Kaffee Express Rhein Ruhr;Kaffee Express Rhein Ruhr;Weg am Kötterberg 15;44807;Bochum;;;;
Planegg;110357;LS73556;ja;08.01.2026;Petra Gräf;27126;Location und Event;Gutsloft | Georg Friederich;Gut Schmalzhof 1b;82343;Pöcking;;;;
Planegg;110466;LS73557;ja;13.01.2026;Estaline Philander;23392;MYOS Sport & Health GmbH;MYOS Sport & Health GmbH;Leopoldstraße 175;80804;München;;;;
Planegg;110467;LS73558;ja;08.01.2026;Estaline Philander;61804;dm D334 vorm.1804 Göggingen;dm Filiale D334 / vorm.1804;Edisonstraße 2;86199;Augsburg - Göggingen;;;;
Bastian;109627;LS73289.;ja;20.02.2026;Florian Gräf;22247;Agentur für Arbeit Regensburg;Agentur für Arbeit Regensburg;Galgenbergstr. 24;93053;Regensburg;;;;
Emons;107740;LS73563;ja;07.01.2026;Florian Gräf;20715;xiblo Wassertechnik;xiblo Wassertechnik;Stixstrasse 5;2763;Pernitz;;;;
Ines Rütz Appen;110469;LS73564;ja;12.01.2026;Andreas Pöppe;24107;IFB Innovationsstarter GmbH;IFB Innovationsstarter GmbH;Besenbinderhof 43;20097;Hamburg;;;;
Kyffhäuser;110281;LS73565;ja;06.01.2026;Florian Gräf;20668;Gastro Service Center e.K;Swarco Traffic Systems GmbH;Gypsbergstr. 11;04356;Leipzig;;;;
Planegg;110470;LS73566;ja;08.01.2026;Estaline Philander;24681;BTG Internationale Spedition;BTG Internationale Spedition GmbH;Gewerbering 10;82140;Olching;;;;
Planegg;110313;LS73567;ja;27.01.2026;Florian Gräf;26063;HIBU Eismaschinen GmbH Co.KG;HIBU Eismaschinen GmbH Co.KG;Stefansbecke 17;45549;Sprockhövel;;;;
Kyffhäuser;110471;LS73568;ja;20.01.2026;Petra Gräf;27086;Die Autobahn Nordbayern;Die Autobahn GmbH des Bundes - NL Nordbayern;Oelsnitzer Landstraße 145;08527;Plauen;;;;
Emons;110394;LS73569;ja;27.01.2026;Florian Gräf;22496;dm-drogerie markt GmbH;DSV Stuttgart GmbH & Co. KG;Osttangente 3;53919;Weilerswist;;;;
Schöttle - Haiterbach;110473;LS73570;ja;20.01.2026;Andreas Pöppe;25185;Medizinischer Dienst Baden-Wür;Medizinischer Dienst Baden-Württemberg;Silberburgstr. 122;70176;Stuttgart;;;;
Emons;110392;LS73571;ja;07.01.2026;Florian Gräf;21737;Heuser;Heuser GmbH;Waldstr. 23 / B10;63128;Dietzenbach;;;;
Emons;110185;LS73572;ja;07.01.2026;Florian Gräf;20963;K+H Automatendienst GmbH;K+H Automatendienst GmbH;Mark I 22;59269;Beckum;;;;
Planegg;110472;LS73573;ja;07.01.2026;Josefine Mättig;25341;WERMA Signaltechnik GmbH + Co.;WERMA Signaltechnik GmbH + Co. KG;Dürbheimer Str. 15;78604;Rietheim-Weilheim;;;;
Deutscher;110472;LS73574;ja;15.01.2026;Josefine Mättig;25341;WERMA Signaltechnik GmbH + Co.;WERMA Signaltechnik GmbH + Co. KG;Dürbheimer Str. 15;78604;Rietheim-Weilheim;;;;
Neumann;110474;LS73575;ja;09.01.2026;Florian Gräf;24433;Physiotherapie Hirtz;Physiotherapie Hirtz;Ährenweg 3;79258;Hartheim am Rhein;;;;
aboutwater Frankfurt;110476;LS73576;ja;15.01.2026;Petra Gräf;22727;Bolt Services DE GmbH;Bolt Services DE GmbH;Rheingaustrasse 85A;65203;Wiesbaden;;;;
Gänshirt-Aufmbruch;;LS73577;ja;16.01.2026;Carmen Berger;21477;Trinkwassertechnik Brengartner;Endress + Hauser Deutschland GmbH+Co. KG;Eisenhüttenstraße 12;40882;Ratingen;;;;
aboutwater Frankfurt;;LS73578;ja;08.01.2026;Carmen Berger;22810;Enviria Business Solutions Gmb;Enviria Energy Holding GmbH;Ferdinand-Happ-Str. 53;60314;Frankfurt/Main;;;;
aboutwater Frankfurt;110387;LS73579;ja;08.01.2026;Carmen Berger;26603;DEURAG Deutsche Rechtsschutz-V;DEURAG Deutsche Rechtsschutz-Versicherung AG;Abraham-Lincoln-Str. 3;65189;Wiesbaden;;;;
aboutwater Frankfurt;110409;LS73580;ja;08.01.2026;Carmen Berger;24778;Sapok;Arztpraxis Dr. med. Adalbert Sapok;Marktplatz 11;65824;Schwalbach;;;;
VST Schörling;107816;LS71740.;ja;31.01.2026;Rene Kühn;24737;Sasse FM;Lufthansa Lounges;Terminalstraße Mitte Nr. 28 / Anlieferhof;85356;München;;;;
Planegg;110478;LS73583;ja;08.01.2026;Mihaela Abmayr;26365;Elena Seller;Elena Seller;Willi-Ertz-Weg 11;66538;Neunkirchen;;;;
VST Schörling;110480;LS73584;ja;01.02.2026;Estaline Philander;23338;Le Gastro;Deutsche Post AG;Edisonstr. 9;84453;Mühldorf a.Inn;;;;
Berlin Wein König;110482;LS73585;ja;08.01.2026;Petra Gräf;25687;Steffen Korn Chausseestr;Steffen Korn;Chausseestraße 12;10115;Berlin;;;;
Berlin Wein König;110483;LS73586;ja;08.01.2026;Petra Gräf;21544;NAREE Buatong Thormann;Naree;Würzburger Straße 4;10789;Berlin;;;;
Berlin Wein König;;LS73587;ja;08.01.2026;Petra Gräf;26379;Naree Puna Phumphakdi;Puna  Phumphakdi;Richterstr. 48;12105;Berlin;;;;
Planegg;110274;LS73588;ja;08.01.2026;Josefine Mättig;26977;Trinkflaschenexpress;Bottle-Print Vertriebs GmbH;Auf den Steinen 2,;37191;Katlenburg Lindau;;;;
STK Service;110484;LS73589;ja;14.01.2026;Estaline Philander;26821;Schindler Physiother. Merkel;Praxis Schindler Physiotherapie;Bochumer Straße 196;45661;Recklinghausen;;;;
aboutwater Frankfurt;106199;LS73590;ja;20.02.2026;Petra Gräf;25336;OUCHBEL;OUCHBEL GmbH;E 2, 4-5;68159;Mannheim;;;;
POSPRINT;110274;LS73591;ja;08.01.2026;Josefine Mättig;26977;Trinkflaschenexpress;Bottle-Print Vertriebs GmbH;Auf den Steinen 2,;37191;Katlenburg Lindau;;;;
GWA;110487;LS73592;ja;12.01.2026;Estaline Philander;26238;CSS Europe;Umspannwerk Stendal West;Am Umspannwerk;39576;Stendal;;;;
CJM;110488;LS73593;ja;15.01.2026;Estaline Philander;26689;Falck Rettungsdienst Werder;Falck Rettungsdienst Nord GmbH;Adolf-Damaschke-Str. 38;14542;Werder (Havel);;;;
Emons;107913;LS73594;ja;08.01.2026;Florian Gräf;24486;Stadt Hörstel;St.-Ludgerus Grundschule Hörstel;Ibbenbürener Str. 11;48477;Hörstel;;;;
aboutwater Bünde;107913;LS73595;ja;27.01.2026;Florian Gräf;24486;Stadt Hörstel;St.-Ludgerus Grundschule Hörstel;Ibbenbürener Str. 11;48477;Hörstel;;;;
Planegg;;LS73596;ja;20.01.2026;Petra Gräf;25126;G. Stürzer GmbH Hotelbetriebe;G. Stürzer GmbH Hotelbetriebe;Bayerstraße 31;80335;München;;;;
VST Schörling;110491;LS73597;ja;14.01.2026;Christian Irrgang;23908;Ewadi Schandl LHI Camp.Pullach;LHI Campus Pullach;Emil-Riedl-Weg 6;82049;Pullach;;;;
Planegg;110490;LS73598;ja;08.01.2026;Josefine Mättig;21863;Amazon Deutschland N11 Trans.;Amazon Deutschland N11 Transport GmbH;Gretlade 1;31319;Sehnde;;;;
STK Service;110492;LS73599;ja;14.01.2026;Estaline Philander;26948;facilicon GmbH;facilicon GmbH;Am Gewerbehof 28;50170;Kerpen;;;;
Kyffhäuser;;LS73600;ja;14.01.2026;Florian Gräf;20668;Gastro Service Center e.K;Veolia Umweltservice Ost;Anton-Zickmantel-Str. 45;04249;Leipzig;;;;
Nothhelfer/Ulm+50km;110493;LS73601;ja;14.01.2026;Estaline Philander;22379;Lebenshilfe Donau Iller;Lebenshilfe Donau Iller;Holsteinerstraße 1;89250;Senden;;;;
STK Service;110496;LS73602;ja;14.01.2026;Estaline Philander;23679;Finanzamt Essen-Süd;Finanzamt Essen-Süd;Altendorfer Str. 129;45143;Essen;;;;
Planegg;110497;LS73603;ja;13.01.2026;Estaline Philander;26333;Helgert Zahnmedizin Kieferorth;Dr. Helgert Zahnmedizin und Kieferorthopäde;Görresstraße 37;80798;München;;;;
Planegg;110499;LS73604;ja;08.01.2026;Josefine Mättig;22695;Amazon Deutschland W11 Trans.;Amazon Deutschland W11 Transport GmbH;Drosselstr. 1;54311;Trierweiler;;;;
Emons;110500;LS73605;ja;08.01.2026;Josefine Mättig;25162;Menü 2000;Amazon FC Graben GmbH MUC3;Amazonstr. 1;86836;Graben;;;;
Schöttle - Haiterbach;110502;LS73607;ja;15.01.2026;Estaline Philander;24314;Impexron;IMPEXRON GmbH;Gönningerstraße 99;72793;Pfullingen;;;;
STK Service;110503;LS73608;ja;12.02.2026;Estaline Philander;26142;NK Metallverarbeitung GmbH;NK Metallverarbeitung GmbH;Gewerbering 15;41751;Viersen;;;;
Planegg;106351;LS73609;ja;08.01.2026;Josefine Mättig;20857;Trinkflaschen-Trend;Trinkflaschen-Trend;Hauptstr. 14;56630;Kretz;;;;
Planegg;110335;LS73610;ja;14.01.2026;Josefine Mättig;21948;Tatkraft Werbung GmbH;Bilfinger Industrial Services GmbH;St.-Peter-Straße 25;4021;Linz;;;;
Planegg;110504;LS73611;ja;09.01.2026;Estaline Philander;26036;smartvillage GmbH Headquarter;smartvillage GmbH;Rosenkavalierplatz 14;81925;München;;;;
VST Schörling;110505;LS73612;ja;09.01.2026;Andreas Pöppe;20161;edr software GmbH;edr software GmbH;Zweibrückenstraße 5-7;80331;München;;;;
VST Plep;110506;LS73613;ja;14.01.2026;Andreas Pöppe;25185;Medizinischer Dienst Baden-Wür;Medizinischer Dienst Baden-Württemberg;Dudenstr. 46;68167;Mannheim;;;;
Planegg;110507;LS73615;ja;08.01.2026;Estaline Philander;22522;Arcus Elektrotechnik;Arcus Elektrotechnik Alois Schiffmann GmbH;Truderinger Str. 199;81673;München;;;;
Schöttle - Haiterbach;110508;LS73614;ja;20.01.2026;Andreas Pöppe;25185;Medizinischer Dienst Baden-Wür;Medizinischer Dienst Baden-Württemberg;Mettingerstr. 131;73728;Esslingen;;;;
STK Service;110510;LS73617;ja;12.01.2026;Estaline Philander;21913;ecoVaas;ecoVaas® International GmbH;Nordstraße 8;40699;Erkrath;;;;
Planegg;110511;LS73618;ja;16.02.2026;Estaline Philander;26538;IRIS Pflegedienst;IRIS Ambulanter Pflegedienst;Bergstraße 12;82024;Taufkirchen;;;;
Planegg;110512;LS73619;ja;08.01.2026;Josefine Mättig;22050;Amazon Deutschland S13 Transp.;Amazon Deutschland S13 Transport GmbH;Gewerbegebiet Limbach 14;96178;Pommersfelden;;;;
aboutwater Bünde;110513;LS73620;ja;09.01.2026;Andreas Pöppe;27108;IHK Nord Westfalen;IHK Nord Westfalen;Sentmaringer Weg 61;48151;Münster;;;;
Planegg;110514;LS73621;ja;08.01.2026;Christian Irrgang;21583;Living Water GmbH;Volvo Car Germany GmbH;Assar-Gabrielsson-Str. 7;63128;Dietzenbach;;;;
Schöttle - Haiterbach;;LS73622;ja;13.01.2026;Christian Irrgang;25316;Karosserie Venezia;Karosserie Venezia;Hanns-Klemm-Str. 5;71101;Schönaich;;;;
Planegg;110525;LS73623;ja;16.01.2026;Josefine Mättig;24881;Bad Haller CarnevalClub;CB Import Export GmbH;Gewerbestrasse 47;4541;Adlwang;;;;
Planegg;110271;LS73624;ja;15.01.2026;Josefine Mättig;23424;Kliniken Schmieder;Kliniken Schmieder (Stiftung & Co.) KG;Solitudestraße 20;70839;Gerlingen;;;;
Planegg;110250;LS73625;ja;09.01.2026;Josefine Mättig;26979;Universitätsstadt Gießen;Gefahrenabwehrzentrum Gießen (GAZG);Stolzenmorgen 19;35394;Gießen;;;;
POSPRINT;110263;LS73626;ja;23.01.2026;Josefine Mättig;26858;Bindella terra vite vita SA;E. Weber & Cie AG Zürich;Industriestrasse 28 - Postfach;8157;Dielsdorf;;;;
Planegg;110371;LS73627;ja;09.01.2026;Mihaela Abmayr;27127;Matthias Fastner;Matthias Fastner;Am Bachlanger 2;82362;Weilheim;;;;
Planegg;110526;LS73629;ja;12.01.2026;Estaline Philander;20774;M. Asam / Asambeauty;M. Asam GmbH;Feringastrasse 12 A;85774;Unterföhring;;;;
Planegg;110528;LS73630;ja;09.01.2026;Mihaela Abmayr;27135;Mfulex Gmbh Ecotrans;Mfulex Gmbh Ecotrans;Carl-benz straße 35H, ET205089;60386;Frankfurt Am Main;;;;
Planegg;110529;LS73631;ja;09.01.2026;Mihaela Abmayr;24065;Universität Paderborn, Le;Universität Paderborn, Dynamik und;Warburger Straße 100, P1.3.31.3;33098;Paderborn;;;;
Planegg;110531;LS73632;ja;09.01.2026;Mihaela Abmayr;27136;Penke Heinze Gehring & Pa;Penke Heinze Gehring & Partner Steu;Hessenwinkel 15;87561;Oberstdorf;;;;
Planegg;110533;LS73633;ja;09.01.2026;Josefine Mättig;27010;Justus-von-Liebig-Schule;Justus-von-Liebig-Schule;Römerstraße 597;47443;Moers;;;;
Planegg;110532;LS73634;ja;09.01.2026;Mihaela Abmayr;27137;Kosmetik Sergej Seller;Kosmetik Sergej Seller;Talatr. 18;66538;Neunkirchen;;;;
Planegg;110535;LS73635;ja;09.01.2026;Florian Gräf;23926;Schottel;Breidert GmbH + Co;Daimlerstraße 6;56070;Koblenz;;;;
Emons;110537;LS73636;ja;09.01.2026;Christian Irrgang;21583;Living Water GmbH;Living Water GmbH;Lakronstraße 45;40625;Düsseldorf;;;;
STK Service;110534;LS73637;ja;14.01.2026;Estaline Philander;22668;J.D.Neuhaus;J.D.Neuhaus GmbH & Co.KG;Windenstraße 2;58455;Witten-Heven;;;;
Planegg;110536;LS73638;ja;19.01.2026;Josefine Mättig;10138;Schlösser GmbH & Co KG;Schlösser GmbH & Co KG;Wilhelmstrasse 8;88512;Mengen;;;;
Gänshirt-Aufmbruch;110538;LS73639;ja;01.03.2026;Mihaela Abmayr;27107;St. Martinus Moers;Kita St. Barbara;Eupenerstraße 30;47443;Moers;;;;
Gänshirt-Aufmbruch;110540;LS73640;ja;26.01.2026;Mihaela Abmayr;27107;St. Martinus Moers;Kita St. Ida;Eicker Grund 98;47445;Moers;;;;
Emons;110541;LS73641;ja;09.01.2026;Florian Gräf;20829;Fritz Steinhaus GmbH & Co;Fritz Steinhaus GmbH & Co. KG;Im Heidkamp 17;33334;Gütersloh;;;;
Gänshirt-Aufmbruch;110542;LS73642;ja;03.02.2026;Mihaela Abmayr;27107;St. Martinus Moers;Kita St. Lucia;Grafschafterstraße 101;47119;Duisburg;;;;
Gänshirt-Aufmbruch;110546;LS73643;ja;02.02.2026;Mihaela Abmayr;27107;St. Martinus Moers;Kita St. Konrad;Cecilienstraße 42;47443;Moers;;;;
Planegg;110545;LS73644;ja;09.01.2026;Florian Gräf;20413;Lowescher;Lowescher Automaten Catering;Benzstraße 8;48599;Gronau;;;;
Gänshirt-Aufmbruch;110547;LS73646;ja;03.02.2026;Mihaela Abmayr;27107;St. Martinus Moers;Kita St. Martin;An der Sandkull 102;47445;Moers;;;;
Kyffhäuser;110548;LS73647;ja;14.01.2026;Florian Gräf;20668;Gastro Service Center e.K;Sören Märker;Feuerbachstr. 12;04105;Leipzig;;;;
aboutwater Frankfurt;110549;LS73648;ja;09.01.2026;Estaline Philander;26213;Stadt Frankfurt am Main;Stadt Frankfurt am Main -Der Magistrat-;Solmsstraße 27-37;60486;Frankfurt am Main;;;;
AMW Auersperg;110553;LS73649;ja;20.01.2026;Estaline Philander;22877;Zukunftssicherung Berlin e.V.;Zukunftssicherung Berlin e.V.;Mierendorffstraße 25;10589;Berlin;;;;
Emons;110550;LS73650;ja;09.01.2026;Christian Irrgang;20191;Gleisner;Gleisner GmbH & Co.KG;Pegnitzstr. 13;91207;Lauf an der Pegnitz;;;;
Planegg;110556;LS73653;ja;19.01.2026;Estaline Philander;21293;Haaf;Alfons Haaf Polyäthylen-Werk GmbH;Siemensstraße 6;85716;Unterschleißheim;;;;
STK Service;110557;LS73654;ja;14.01.2026;Estaline Philander;25917;Gilwell;Gilwell St. Ludger e.V.;Annaberg 31-35;45721;Haltern am See;;;;
Planegg;110333;LS73655;ja;10.03.2026;Florian Gräf;20708;Kyffhäuser Waterworld;Kyffhäuser Waterworld;Brauereistraße 4;06556;Artern;;;;
Planegg;110342;LS73656;ja;09.01.2026;Florian Gräf;21747;natürlich H2O / Kwasniok;natürlich H2O / Hansequelle Berlin;Pausiner Str. 34;14621;Schönwalde-Glien;;;;
Planegg;110342;LS73657;ja;09.01.2026;Florian Gräf;21747;natürlich H2O / Kwasniok;natürlich H2O / Hansequelle Berlin;Pausiner Str. 34;14621;Schönwalde-Glien;;;;
aboutwater Bünde;110554;LS73652.;ja;30.03.2026;Mihaela Abmayr;27138;Peter-Pan-Schule;Peter-Pan-Schule;Löchtweg 5;49479;Ibbenbüren;;;;
Planegg;110187;LS73659;ja;14.01.2026;Estaline Philander;20602;Seoul of Saigon;Seoul of Saigon GmbH;Boschetsrieder Straße 51;81379;München;;;;
Planegg;111869;LS73660;ja;13.01.2026;Christian Irrgang;20695;Gusto Kaffee GmbH;KFZ Jäkel;Trappentreustr. 5 / 4.OG;80339;München;;;;
Emons;105807;LS73661;ja;09.01.2026;Florian Gräf;20381;The Water Purifier NV;The Water Purifier NV;Genebroekstraat 82;3581;Beverlo;;;;
VST Plep;;LS73662;ja;16.02.2026;Logistik;22000;Heine Optotechnik;HEINE Optotechnik GmbH & Co. KG;Dornierstraße 6;82205;Gilching;;;;
VST Plep;;LS73663;ja;18.02.2026;Logistik;20117;aboutwater GmbH;aboutwater GmbH;Robert-Koch-Str. 2;82152;Planegg;;;;
Planegg;110545;LS73664;ja;09.01.2026;Florian Gräf;20413;Lowescher;Lowescher Automaten Catering;Benzstraße 8;48599;Gronau;;;;
STK Service;110558;LS73665;ja;06.02.2026;Logistik;20260;Katholisches Datenschutzz;Katholisches Datenschutzzentrum;Brackeler Hellweg 144;44309;Dortmund;;;;
Hess;110559;LS73666;ja;27.01.2026;Logistik;20295;Die Voerder Baugenossensc;Die Voerder Baugenossenschaft;An der Voerde 2;58256;Ennepetal;;;;
Hess;110560;LS73667;ja;20.01.2026;Logistik;10081;PSL GmbH;PSL GmbH;Mastenweg 1;37619;Hehlen;;;;
Hess;110561;LS73668;ja;20.01.2026;Logistik;10081;PSL GmbH;PSL GmbH;Mastenweg 1;37619;Hehlen;;;;
Kyffhäuser;110562;LS73669;nein;01.02.2026;Logistik;20408;Konzept Weiss Leipzig;Konzept Weiss Leipzig;Pfaffendorferstr 4-10;04105;Leipzig;;;;
VST Schörling;110563;LS73670;ja;18.03.2026;Logistik;20120;Schmid Alarm GmbH;Schmid Alarm GmbH;Gautinger Str. 9;82131;Stockdorf;;;;
Gänshirt-Aufmbruch;110564;LS73671;ja;16.01.2026;Logistik;20769;Kaiser-Karls-Gymnasium;Kaiser-Karls-Gymnasium;Augustenbach 7;52062;Aachen;;;;
aboutwater Bünde;110565;LS73672;ja;13.01.2026;Logistik;20827;pr://ip - Primus Inter Pa;pr://ip - Primus Inter Pares GmbH;Neubrückenstraße 12-14;48143;Münster;;;;
Bastian;110566;LS73673;ja;15.01.2026;Logistik;20836;Asam Betriebs -1;Asam Betriebs GmbH;Bayerwaldstr. 15;94377;Steinach;;;;
VST Schörling;110567;LS73674;ja;12.02.2026;Logistik;21353;Dallmaier;Dallmeier Systems GmbH;Karl-Hammerschmidt-Str. 38;85609;München;;;;
Hess;110568;LS73675;ja;27.01.2026;Logistik;21429;Maag;Maag GmbH;Zum Sauerland 4;59469;Ense;;;;
AQUATRADE Glinde;110569;LS73676;ja;19.01.2026;Logistik;21494;Realfit;Realfit Heide;Husumer Str. 82;25746;Heide;;;;
VST Schörling;110570;LS73677;ja;04.02.2026;Logistik;21539;Maas & Kollegen;Maas & Kollegen;Forstenrieder Allee 72;81476;München;;;;
Schöttle - Haiterbach;110571;LS73678;ja;02.02.2026;Logistik;21615;Bless You Hinterhaushelden;Hinterhaushelden GmbH;Schloßplatz 5;73033;Göppingen;;;;
VST Schörling;110573;LS73679;ja;06.02.2026;Logistik;21765;Karolinen-Gymnasium;Karolinen-Gymnasium;Ebersbergerstr. 3;83022;Rosenheim;;;;
Hess;110574;LS73680;ja;27.01.2026;Logistik;21874;Space Plus Hagen;Space PLUS Store GmbH;Kölnerstraße 65-71;58135;Hagen;;;;
Planegg;110575;LS73681;ja;18.02.2026;Logistik;21944;Die Hausärzte im Policenter;Die Hausärzte im Policenter;Oßwaldstr. 1;82319;Starnberg;;;;
STK Service;110576;LS73682;ja;26.02.2026;Logistik;21955;Junghans Wollversand;Junghans Wollversand GmbH & Co.KG;Gut-Dämme-Straße 4;52070;Aachen;;;;
STK Service;110577;LS73683;ja;26.02.2026;Logistik;21955;Junghans Wollversand;Junghans Wollversand GmbH & Co.KG;Auf der Hüls 205;52068;Aachen;;;;
STK Service;110578;LS73684;ja;26.02.2026;Logistik;21955;Junghans Wollversand;Junghans Wollversand GmbH & Co.KG;Auf der Hüls 205;52068;Aachen;;;;
STK Service;110579;LS73685;ja;26.02.2026;Logistik;21955;Junghans Wollversand;Junghans Wollversand GmbH & Co.KG;Auf der Hüls 205  / 1.OG;52068;Aachen;;;;
STK Service;110580;LS73686;ja;26.02.2026;Logistik;21955;Junghans Wollversand;Junghans Wollversand GmbH & Co.KG;Auf der Hüls 205  / 2.OG;52068;Aachen;;;;
STK Service;110581;LS73687;ja;26.02.2026;Logistik;21955;Junghans Wollversand;Junghans Wollversand GmbH & Co.KG;Charlottenburger Allee 33;52068;Aachen;;;;
STK Service;110582;LS73688;ja;26.02.2026;Logistik;21955;Junghans Wollversand;Junghans Wollversand GmbH & Co.KG;Charlottenburger Allee 50;52068;Aachen;;;;
Berlin Wein König;110583;LS73689;ja;01.02.2026;Logistik;21352;Setting;Setting HQ GmbH;Rosenthaler Str. 36;10178;Berlin;;;;
Berlin Wein König;110584;LS73690;ja;01.02.2026;Logistik;21352;Setting;Setting HQ UG (haftungsbeschränkt);Rosenthaler Str. 36;10178;Berlin;;;;
Berlin Wein König;110585;LS73691;nein;09.01.2026;Logistik;21352;Setting;Setting HQ GmbH;Rosenthaler Str. 36;10178;Berlin;;;;
AMW Auersperg;110586;LS73692;ja;19.01.2026;Logistik;21979;AKGBerlin GmbH;AKGBerlin GmbH - Intern.Akademie;Köpenicker Str. 325, Haus 11;12555;Berlin;;;;
VST Plep;110587;LS73693;ja;16.02.2026;Logistik;22000;Heine Optotechnik;HEINE Optotechnik GmbH & Co. KG;Dornierstraße 6;82205;Gilching;;;;
VST Plep;110588;LS73694;ja;16.02.2026;Logistik;22000;Heine Optotechnik;HEINE Optotechnik GmbH & Co. KG;Dornierstraße 6;82205;Gilching;;;;
VST Plep;110589;LS73695;ja;16.02.2026;Logistik;22000;Heine Optotechnik;HEINE Optotechnik GmbH & Co. KG;Dornierstraße 6;82205;Gilching;;;;
VST Plep;110590;LS73696;ja;16.02.2026;Logistik;22000;Heine Optotechnik;HEINE Optotechnik GmbH & Co. KG;Dornierstraße 6;82205;Gilching;;;;
VST Plep;110591;LS73697;ja;16.02.2026;Logistik;22000;Heine Optotechnik;HEINE Optotechnik GmbH & Co. KG;Dornierstraße 6;82205;Gilching;;;;
VST Plep;110592;LS73698;ja;16.02.2026;Logistik;22000;Heine Optotechnik;HEINE Optotechnik GmbH & Co. KG;Dornierstraße 6;82205;Gilching;;;;
VST Plep;110593;LS73699;ja;16.02.2026;Logistik;22000;Heine Optotechnik;HEINE Optotechnik GmbH & Co. KG;Dornierstraße 6;82205;Gilching;;;;
VST Plep;110594;LS73700;ja;16.02.2026;Logistik;22000;Heine Optotechnik;HEINE Optotechnik GmbH & Co. KG;Dornierstraße 6;82205;Gilching;;;;
AMW Auersperg;110595;LS73701;ja;14.01.2026;Logistik;21994;Lindemann, Berlin;Lindemann GmbH & Co.KG;Heusinger Straße 12-16;12107;Berlin;;;;
Planegg;110596;LS73702;ja;09.01.2026;Logistik;22148;Dr. Lämmel;Drs Carola und Johann-Christoph Läm;Bahnhofstrasse 13a;85586;Ebersberg;;;;
Berlin Wein König;110597;LS73703;nein;09.01.2026;Logistik;21144;Knotel;Knotel Berlin I GmbH c/o Kry International AB;Mehringdamm 33  / 4.OG;10961;Berlin;;;;
VST Schörling;110598;LS73704;ja;09.02.2026;Logistik;22345;LKC Grünwald GmbH & Co. KG;LKC Grünwald GmbH & Co.KG WPG StBG;Kopernikusstraße 9;81679;München;;;;
VST Schörling;110599;LS73705;ja;26.01.2026;Logistik;22246;Agentur für Arbeit München;Agentur für Arbeit München;Kapuzinerstr. 26;80337;München;;;;
VST Schörling;110600;LS73706;ja;26.01.2026;Logistik;22246;Agentur für Arbeit München;Agentur für Arbeit München;Kapuzinerstr. 26;80337;München;;;;
VST Schörling;110601;LS73707;ja;26.01.2026;Logistik;22246;Agentur für Arbeit München;Auslagerung OS;Gustav-Heinemann-Ring 212;81739;München;;;;
VST Schörling;110602;LS73708;ja;26.01.2026;Logistik;22246;Agentur für Arbeit München;Agentur für Arbeit München;Kapuzinerstr. 26;80337;München;;;;
VST Schörling;110603;LS73709;ja;26.01.2026;Logistik;22246;Agentur für Arbeit München;Agentur für Arbeit München;Kapuzinerstr. 26;80337;München;;;;
VST Schörling;110604;LS73710;ja;26.01.2026;Logistik;22246;Agentur für Arbeit München;Agentur für Arbeit München;Kapuzinerstr. 26;80337;München;;;;
VST Schörling;110605;LS73711;ja;26.01.2026;Logistik;22246;Agentur für Arbeit München;Agentur für Arbeit München;Kapuzinerstr. 26;80337;München;;;;
VST Schörling;110606;LS73712;ja;26.01.2026;Logistik;22246;Agentur für Arbeit München;Agentur für Arbeit München;Kapuzinerstr. 26;80337;München;;;;
VST Schörling;110607;LS73713;ja;26.01.2026;Logistik;22246;Agentur für Arbeit München;Agentur für Arbeit München;Kapuzinerstr. 26;80337;München;;;;
VST Schörling;110608;LS73714;ja;26.01.2026;Logistik;22246;Agentur für Arbeit München;Agentur für Arbeit München;Kapuzinerstr. 26;80337;München;;;;
VST Schörling;110609;LS73715;ja;04.02.2026;Logistik;22378;SKI GmbH;SKI GmbH + Co.KG;Lessingstraße 9  / 3.OG;80336;München;;;;
VST Plep;110610;LS73716;ja;13.01.2026;Logistik;22395;Förderschule Nieder-Olm;Förderschule Nieder-Olm;Oppenheimer Str. 69;55268;Nieder-Olm;;;;
STK Service;110611;LS73717;ja;24.02.2026;Logistik;22435;Accuride Wheels Solingen GmbH;KRONPRINZ Germany GmbH;Weyerstraße 112;42697;Solingen;;;;
STK Service;110612;LS73718;ja;24.02.2026;Logistik;22435;Accuride Wheels Solingen GmbH;KRONPRINZ Germany GmbH;Weyerstraße 112;42697;Solingen;;;;
STK Service;110613;LS73719;ja;24.02.2026;Logistik;22435;Accuride Wheels Solingen GmbH;KRONPRINZ Germany GmbH;Weyerstraße 112;42697;Solingen;;;;
STK Service;110614;LS73720;ja;24.02.2026;Logistik;22435;Accuride Wheels Solingen GmbH;KRONPRINZ Germany GmbH;Weyerstraße 112;42697;Solingen;;;;
STK Service;110615;LS73721;ja;24.02.2026;Logistik;22435;Accuride Wheels Solingen GmbH;KRONPRINZ Germany GmbH;Weyerstraße 112;42697;Solingen;;;;
STK Service;110616;LS73722;ja;24.02.2026;Logistik;22435;Accuride Wheels Solingen GmbH;KRONPRINZ Germany GmbH;Weyerstraße 112;42697;Solingen;;;;
STK Service;110617;LS73723;ja;24.02.2026;Logistik;22435;Accuride Wheels Solingen GmbH;KRONPRINZ Germany GmbH;Weyerstraße 112;42697;Solingen;;;;
Bastian;110618;LS73724;ja;14.01.2026;Logistik;22425;Agentur für Arbeit Passau;Bundesagentur für Arbeit;Innstr. 30;94032;Passau;;;;
Planegg;110619;LS73725;ja;27.01.2026;Logistik;22522;Arcus Elektrotechnik;Arcus Elektrotechnik Alois Schiffmann GmbH;Truderinger Str. 199;81673;München;;;;
Planegg;110620;LS73726;ja;14.01.2026;Logistik;22522;Arcus Elektrotechnik;Arcus Elektrotechnik Alois Schiffmann GmbH;Truderinger Str. 199;81673;München;;;;
Planegg;110621;LS73727;ja;14.01.2026;Logistik;22522;Arcus Elektrotechnik;Arcus Elektrotechnik Alois Schiffmann GmbH;Truderinger Str. 199;81673;München;;;;
Planegg;110622;LS73728;ja;27.01.2026;Logistik;22522;Arcus Elektrotechnik;Arcus Elektrotechnik Alois Schiffmann GmbH;Truderinger Str. 199;81673;München;;;;
Planegg;110623;LS73729;ja;14.01.2026;Logistik;22522;Arcus Elektrotechnik;Arcus Elektrotechnik Alois Schiffmann GmbH;Truderinger Str. 199;81673;München;;;;
Planegg;110624;LS73730;ja;27.01.2026;Logistik;22522;Arcus Elektrotechnik;Arcus Elektrotechnik Alois Schiffmann GmbH;Truderinger Str. 199;81673;München;;;;
Planegg;110625;LS73731;ja;27.01.2026;Logistik;22522;Arcus Elektrotechnik;Arcus Elektrotechnik Alois Schiffmann GmbH;Truderinger Str. 199;81673;München;;;;
Planegg;110626;LS73732;ja;09.01.2026;Logistik;22522;Arcus Elektrotechnik;Arcus Elektrotechnik Alois Schiffmann GmbH;Truderinger Str. 199;81673;München;;;;
Planegg;110628;LS73734;ja;18.02.2026;Logistik;22843;K&L Gates München;K & L Gates LLP;Karlstr. 12;80333;München;;;;
STK Service;110629;LS73735;ja;23.02.2026;Logistik;22807;alpha e.V.- Hofgemeinschaft Pu;alpha e.V.- Hofgemeinschaft Purd;Purd 2a;42499;Hückeswagen;;;;
Planegg;110630;LS73736;ja;21.01.2026;Logistik;22971;ROSSIGNOL SKI DEUTSCHLAND GMBH;ROSSIGNOL SKI DEUTSCHLAND GMBH;Zielstattstr. 11;81379;München;;;;
VST Schörling;110631;LS73737;ja;06.02.2026;Logistik;22467;Agentur für Arbeit Rosenheim;Agentur für Arbeit Rosenheim;Wittelsbacher Str. 57;83022;Rosenheim;;;;
VST Schörling;110632;LS73738;ja;06.02.2026;Logistik;22467;Agentur für Arbeit Rosenheim;Agentur für Arbeit Rosenheim;Wittelsbacher Str. 57;83022;Rosenheim;;;;
VST Schörling;110633;LS73739;ja;06.02.2026;Logistik;22467;Agentur für Arbeit Rosenheim;Agentur für Arbeit Rosenheim;Herdergarten 2;83607;Holzkirchen;;;;
VST Schörling;110634;LS73740;ja;27.01.2026;Logistik;22466;Agentur für Arbeit Weilheim;Agentur für Arbeit Weilheim;Karwendelstr. 1;82362;Weilheim;;;;
VST Schörling;110635;LS73741;ja;11.02.2026;Logistik;22466;Agentur für Arbeit Weilheim;Agentur für Arbeit Weilheim;Mühlweg 3a   / 3.OG Teeküche;86899;Landsberg am Lech;;;;
VST Schörling;110636;LS73742;ja;27.01.2026;Logistik;22466;Agentur für Arbeit Weilheim;Agentur für Arbeit Weilheim;Karwendelstr. 1;82362;Weilheim;;;;
VST Schörling;110637;LS73743;ja;27.01.2026;Logistik;22466;Agentur für Arbeit Weilheim;Agentur für Arbeit Weilheim;Hanfelderstr. 15b  /1.UG, K3;82319;Starnberg;;;;
Kyffhäuser;110638;LS73744;ja;21.01.2026;Logistik;22992;Stadtverwaltung Radebeul;Stadtverwaltung Radebeul;Pestalozzistraße 8;01445;Radebeul;;;;
AQUATRADE Bram;110639;LS73745;ja;09.02.2026;Logistik;23022;J-Store;J-Store Hamburg;Wandsbeker Chaussee 101;22089;Hamburg;;;;
AQUATRADE Bram;110640;LS73746;ja;09.02.2026;Logistik;23022;J-Store;J-Store Hamburg;Wandsbeker Chaussee 33;22089;Hamburg;;;;
STK Service;110641;LS73747;nein;09.01.2026;Logistik;22727;Bolt Services de GmbH;Bolt Services DE GmbH;Lindentalweg 4;44388;Dortmund;;;;
STK Service;110642;LS73748;ja;24.02.2026;Logistik;22996;apt Holding;apt Holding GmbH;Rheinpromenade 11;40789;Monheim;;;;
VST Schörling;110643;LS73749;ja;24.03.2026;Logistik;22854;FWW Fundservices GmbH;FWW Fundservices GmbH;Münchener Str. 14;85540;Haar;;;;
VST Schörling;110644;LS73750;ja;24.03.2026;Logistik;22854;FWW Fundservices GmbH;FWW Fundservices GmbH;Münchener Str. 14;85540;Haar;;;;
VST Schörling;110645;LS73751;ja;24.03.2026;Logistik;22854;FWW Fundservices GmbH;FWW Fundservices GmbH;Münchener Str. 14;85540;Haar;;;;
VST Schörling;110646;LS73752;ja;24.03.2026;Logistik;22854;FWW Fundservices GmbH;FWW Fundservices GmbH;Münchener Str. 14;85540;Haar;;;;
Planegg;110647;LS73753;ja;27.01.2026;Logistik;23012;Iyuno;Iyuno Germany GmbH;Lindwurmstraße 88  / 1.OG;80337;München;;;;
Planegg;110648;LS73754;ja;27.01.2026;Logistik;23012;Iyuno;Iyuno Germany GmbH;Lindwurmstraße 88  / 2.OG;80337;München;;;;
Planegg;110649;LS73755;ja;27.01.2026;Logistik;23012;Iyuno;Iyuno Germany GmbH;Lindwurmstraße 88  / 2.+3. OG;80337;München;;;;
VST Schörling;110650;LS73756;ja;12.02.2026;Logistik;23052;Steinhagen;Steinhagen Offices GmbH;Carl-Zeiss-Ring 15a;85737;Ismaning;;;;
VST Schörling;110651;LS73757;ja;12.02.2026;Logistik;23052;Steinhagen;Steinhagen Offices GmbH;Carl-Zeiss-Ring 15a;85737;Ismaning;;;;
STK Service;110652;LS73758;ja;23.02.2026;Logistik;23126;Falck;Falck Notfallrettung u.Krankentransport GmbH;Im Löhken 6;58099;Hagen;;;;
Gleisner;110653;LS73759;ja;14.01.2026;Logistik;22990;Elflein Service GmbH;Elflein Service GmbH;Regnitzstraße 18 b;96052;Bamberg;;;;
aboutwater Frankfurt;110654;LS73760;ja;09.01.2026;Logistik;23159;City-Fahrschule Dieter Bernard;City-Fahrschule Dieter Bernardy GmbH;Bischheimer Str. 3;67292;Kirchheimbolanden;;;;
Schöttle - Haiterbach;110655;LS73761;ja;02.02.2026;Logistik;22382;Sozialstation Esslingen e.V.;Sozialstation Esslingen e.V.;Urbanstr. 4;73728;Esslingen;;;;
Schöttle - Haiterbach;110656;LS73762;ja;02.02.2026;Logistik;22382;Sozialstation Esslingen e.V.;Sozialstation Esslingen gGmbH;Urbanstr. 4  / 2.OG;73728;Esslingen;;;;
Schöttle - Haiterbach;110657;LS73763;ja;02.02.2026;Logistik;22382;Sozialstation Esslingen e.V.;Sozialstation Esslingen gGmbH;Weiherstr. 35/1;73730;Esslingen;;;;
Schöttle - Haiterbach;110658;LS73764;ja;02.02.2026;Logistik;22382;Sozialstation Esslingen e.V.;Sozialstation Esslingen gGmbH;Katharinenstraße 65;73728;Esslingen;;;;
Schöttle - Haiterbach;110659;LS73765;ja;02.02.2026;Logistik;22382;Sozialstation Esslingen e.V.;Sozialstation Esslingen gGmbH;Kelterstr. 19;73733;Esslingen;;;;
Schöttle - Haiterbach;110660;LS73766;ja;02.02.2026;Logistik;22382;Sozialstation Esslingen e.V.;Sozialstation Esslingen gGmbH;Blumenstr. 72;73733;Esslingen;;;;
Schöttle - Haiterbach;110661;LS73767;ja;02.02.2026;Logistik;22382;Sozialstation Esslingen e.V.;Sozialstation Esslingen gGmbH;Katharinenstraße 65;73728;Esslingen;;;;
Hess;110663;LS73769;ja;27.01.2026;Logistik;23338;Le Gastro;Deutsche Post AG;Rosmarter Allee 3;58762;Altena;;;;
STK Service;110664;LS73770;ja;19.03.2026;Logistik;23274;Schwerpunktpraxis Einsfelder;Schwerpunktpraxis für Manuelle Lymphdrainage;Georgstraße 32;49809;Lingen;;;;
AMW Auersperg;110665;LS73771;ja;20.01.2026;Logistik;22997;LCM Reinigung;LCM Reinigung GmbH;Reinickendorfer Str. 11;13347;Berlin-Wedding;;;;
AMW Auersperg;110666;LS73772;ja;20.01.2026;Logistik;22997;LCM Reinigung;LCM Reinigung GmbH;Reinickendorfer Str. 11;13347;Berlin-Wedding;;;;
AQUATRADE Glinde;110667;LS73773;ja;19.01.2026;Logistik;23355;Falck Notfallrettung und Krank;Falck Notfallrettung u.Katastrophenschutz;Alter Postweg 42;21614;Buxtehude;;;;
VST Schörling;110668;LS73774;ja;12.02.2026;Logistik;23850;SE Sustainable Exergy GmbH;SE Sustainable Exergy GmbH;Feldkirchener Straße 12 A;85551;Kirchheim;;;;
Hess;110669;LS73775;ja;20.01.2026;Logistik;10081;PSL GmbH;PSL GmbH;Mastenweg 1;37619;Hehlen;;;;
Hess;110670;LS73776;ja;20.01.2026;Logistik;10081;PSL GmbH;PSL GmbH;Mastenweg 1;37619;Hehlen;;;;
AMW Auersperg;110671;LS73777;ja;23.03.2026;Logistik;23577;Dataport;Dataport - Anstalt des öffentl. Rechts;Erich-Schlesinger-Str. 37;18059;Rostock;;;;
Ines Rütz Appen;110672;LS73778;ja;02.02.2026;Logistik;23577;Dataport;Dataport Hanse Center (DHC);Wikingerweg 1;20537;Hamburg;;;;
Ines Rütz Appen;110673;LS73779;ja;02.02.2026;Logistik;23577;Dataport;Dataport Hanse Center (DHC);Wikingerweg 1;20537;Hamburg;;;;
Ines Rütz Appen;110674;LS73780;nein;09.01.2026;Logistik;23577;Dataport;Dataport Hanse Center (DHC);Wikingerweg 1;20537;Hamburg;;;;
Ines Rütz Appen;110676;LS73781;ja;26.01.2026;Logistik;23577;Dataport;Dataport Hanse Center (DHC);Wikingerweg 1;20537;Hamburg;;;;
Ines Rütz Appen;110677;LS73782;ja;02.02.2026;Logistik;23577;Dataport;Dataport Hanse Center (DHC);Wikingerweg 1;20537;Hamburg;;;;
AMW Auersperg;110678;LS73783;ja;29.01.2026;Logistik;23577;Dataport;Dataport - Anstalt des öffentl. Rechts;Fraunhoferstraße 16;24118;Kiel;;;;
GWA;110679;LS73784;ja;21.01.2026;Logistik;23577;Dataport;Dataport - Anstalt des öffentl. Rechts;Otto-von-Guericke-Straße 4;39104;Magdeburg;;;;
GWA;110680;LS73785;ja;21.01.2026;Logistik;23577;Dataport;Dataport - Anstalt des öffentl. Rechts;Otto-von-Guericke-Straße 4;39104;Magdeburg;;;;
GWA;110681;LS73786;ja;21.01.2026;Logistik;23577;Dataport;Dataport - Anstalt des öffentl. Rechts;Otto-von-Guericke-Straße 4;39104;Magdeburg;;;;
AMW Auersperg;110682;LS73787;ja;27.01.2026;Logistik;23577;Dataport;Dataport - Anstalt des öffentl. Rechts;Altenholzer Straße 10-14;24161;Altenholz;;;;
AMW Auersperg;110683;LS73788;ja;27.01.2026;Logistik;23577;Dataport;Dataport - Anstalt des öffentl. Rechts;Altenholzer Straße 10-14;24161;Altenholz;;;;
AMW Auersperg;110684;LS73789;ja;27.01.2026;Logistik;23577;Dataport;Dataport - Anstalt des öffentl. Rechts;Altenholzer Straße 10-14;24161;Altenholz;;;;
AMW Auersperg;110685;LS73790;ja;21.01.2026;Logistik;23577;Dataport;Dataport - Anstalt des öffentl. Rechts;Altenholzer Straße 10-14;24161;Altenholz;;;;
AMW Auersperg;110686;LS73791;ja;27.01.2026;Logistik;23577;Dataport;Dataport - Anstalt des öffentl. Rechts;Altenholzer Straße 10-14;24161;Altenholz;;;;
AMW Auersperg;110687;LS73792;ja;27.01.2026;Logistik;23577;Dataport;Dataport - Anstalt des öffentl. Rechts;Altenholzer Straße 10-14;24161;Altenholz;;;;
Ines Rütz Appen;110688;LS73793;ja;26.01.2026;Logistik;23577;Dataport;Dataport Hanse Center (DHC);Wikingerweg 1;20537;Hamburg;;;;
Ines Rütz Appen;110689;LS73794;ja;02.02.2026;Logistik;23577;Dataport;Dataport Hanse Center (DHC);Wikingerweg 1;20537;Hamburg;;;;
Ines Rütz Appen;110690;LS73795;ja;02.02.2026;Logistik;23577;Dataport;Dataport Hanse Center (DHC);Wikingerweg 1;20537;Hamburg;;;;
AMW Auersperg;110691;LS73796;ja;27.01.2026;Logistik;23577;Dataport;Dataport - Anstalt des öffentl. Rec;Christianspries 4;24159;Kiel;;;;
AMW Auersperg;110692;LS73797;ja;27.01.2026;Logistik;23577;Dataport;Dataport - Anstalt des öffentl. Rec;Christianspries 4;24159;Kiel;;;;
AMW Auersperg;110693;LS73798;ja;28.01.2026;Logistik;23577;Dataport;Dataport - Anstalt des öffentl. Rec;Altenholzer Straße 10-14;24161;Altenholz;;;;
VST Schörling;110694;LS73799;ja;20.02.2026;Logistik;23896;Dr. Mach GmbH & Co.KG;Dr. Mach GmbH & Co.KG;Am Brucker Feld 4;85567;Grafing;;;;
VST Schörling;110695;LS73800;ja;20.02.2026;Logistik;23896;Dr. Mach GmbH & Co.KG;Dr. Mach GmbH & Co.KG;Am Brucker Feld 4;85567;Grafing;;;;
VST Schörling;110696;LS73801;ja;20.02.2026;Logistik;23896;Dr. Mach GmbH & Co.KG;Dr. Mach GmbH & Co.KG;Am Brucker Feld 4;85567;Grafing;;;;
VST Schörling;110697;LS73802;ja;20.02.2026;Logistik;23896;Dr. Mach GmbH & Co.KG;Dr. Mach GmbH & Co.KG;Am Brucker Feld 4;85567;Grafing;;;;
VST Schörling;110698;LS73803;ja;20.02.2026;Logistik;23896;Dr. Mach GmbH & Co.KG;Dr. Mach GmbH & Co.KG;Am Brucker Feld 4;85567;Grafing;;;;
Planegg;110700;LS73805;ja;19.01.2026;Logistik;23962;Gast & Collegen Rechtsanwälte;RAe Gast & Collegen PartmbB;Bahnhofstraße 21;85635;Höhenkirchen-Siegertsbrunn;;;;
aboutwater Frankfurt;110701;LS73806;ja;09.01.2026;Logistik;23943;Haustechnik Eistal GmbH;Haustechnik Eistal GmbH;Industriestraße 19;68623;Lampertheim;;;;
aboutwater Bünde;110702;LS73807;ja;20.01.2026;Logistik;23893;Diabetologie Bergedorf;Zentrum für Diabetologie Bergedorf;Glindersweg 80, Haus E;21029;Hamburg;;;;
AMW Auersperg;110703;LS73808;ja;20.01.2026;Logistik;23958;Bartko & Reher;Bartko & Reher GmbH & Co. KG;Alt-Moabit 98;10559;Berlin;;;;
Planegg;110704;LS73809;ja;19.01.2026;Logistik;23966;Elflein Logistik Bamberg;Elflein Logistik Bamberg GmbH;Carl-von-Linde-Straße 12;85716;Unterschleißheim;;;;
Kyffhäuser;110705;LS73810;ja;21.01.2026;Logistik;23953;Dr. Neubauer;Dr.med. Heiner Neubauer;Waldstraße 23;04105;Leipzig;;;;
Kyffhäuser;110706;LS73811;ja;21.01.2026;Logistik;23953;Dr. Neubauer;Dr.med. Heiner Neubauer;Brackestraße 36;04207;Leipzig;;;;
Planegg;110707;LS73812;ja;06.02.2026;Logistik;23830;Hofmeister Käsewerk;Hofmeister Käsewerk GmbH & Co. KG;Molkereistraße 23;85368;Moosburg;;;;
Planegg;110708;LS73813;ja;06.02.2026;Logistik;23830;Hofmeister Käsewerk;Hofmeister Käsewerk GmbH & Co. KG;Molkereistraße 23;85368;Moosburg;;;;
Planegg;110709;LS73814;ja;06.02.2026;Logistik;23830;Hofmeister Käsewerk;Hofmeister Käsewerk GmbH & Co. KG;Egglhauserstr. 15;84076;Pfeffenhausen;;;;
AMW Auersperg;110710;LS73815;ja;20.02.2026;Logistik;22197;Trippen A.Spieth, M.Oehler Gmb;Trippen A.Spieth, M.Oehler GmbH;Industriestr. 8;16792;Zehdenick;;;;
Ines Rütz Appen;110711;LS73816;ja;22.01.2026;Logistik;24107;IFB Innovationsstarter GmbH;IFB Innovationsstarter GmbH;Besenbinderhof 43;20097;Hamburg;;;;
Planegg;110712;LS73817;nein;09.01.2026;Logistik;24181;Mittelschule Unterschleißheim;Mittelschule Unterschleißheim;Johann-Schmid-Straße 11 a;85716;Unterschleißheim;;;;
Kyffhäuser;110713;LS73818;ja;15.01.2026;Logistik;24222;Dataport 2;Dataport - IT-BBZ;Kaiserslauterer Str. 75;06128;Halle (Saale);;;;
AMW Auersperg;110714;LS73819;ja;28.01.2026;Logistik;24222;Dataport 2;Dataport - IT-BBZ;Holstenstraße 68;24103;Kiel;;;;
AMW Auersperg;110715;LS73820;ja;28.01.2026;Logistik;24222;Dataport 2;Dataport - IT-BBZ;Holstenstraße 68;24103;Kiel;;;;
aboutwater Bünde;110716;LS73821;ja;19.01.2026;Logistik;24229;RELUX;RELUX Rohstoffe GmbH & Co. KG;Scheidkamp 9;32584;Löhne;;;;
VST Schörling;110723;LS73828;ja;02.03.2026;Logistik;24301;Agentur für Arbeit Erding;Agentur für Arbeit;Berghamer Str. 14  /  1.OG;85435;Erding;;;;
Planegg;110724;LS73829;nein;09.01.2026;Logistik;24381;Easy Consult Personaldienstl;Elevate Change GmbH;Rosa-Bavarese-Straße 15;80639;München;;;;
aboutwater Frankfurt;110725;LS73830;nein;09.01.2026;Logistik;24410;Stadt Ettlingen;Stadt Ettlingen;Schillerstraße 7-9;76275;Ettlingen;;;;
aboutwater Frankfurt;110726;LS73831;nein;09.01.2026;Logistik;24410;Stadt Ettlingen;Stadt Ettlingen;Ottostraße 5;76275;Ettlingen;;;;
aboutwater Frankfurt;110727;LS73832;nein;09.01.2026;Logistik;24410;Stadt Ettlingen;Stadt Ettlingen;Schloßplatz 3;76275;Ettlingen;;;;
aboutwater Frankfurt;110728;LS73833;nein;09.01.2026;Logistik;24410;Stadt Ettlingen;Stadt Ettlingen;Marktplatz 2;76275;Ettlingen;;;;
AMW Auersperg;110729;LS73834;ja;19.01.2026;Logistik;24285;PBI GmbH;PBI Projektgesellschaft Wartenberg mbH;Treskowallee 232;12459;Berlin;;;;
Planegg;110730;LS73835;nein;09.01.2026;Logistik;24120;Restaurant Beccofino;Restaurant Beccofino;Hochbrückenstr. 14;80331;München;;;;
Planegg;110731;LS73836;ja;30.01.2026;Logistik;24376;Schenker Deutschland AG;DSV Solutions GmbH;Freisinger Str. 15-19;85386;Eching;;;;
Planegg;110732;LS73837;ja;01.03.2026;Logistik;24376;Schenker Deutschland AG;DSV Solutions GmbH;Freisinger Str. 15-19;85386;Eching;;;;
Planegg;110733;LS73838;ja;26.01.2026;Logistik;24376;Schenker Deutschland AG;DSV Solutions GmbH;Freisinger Str. 15-19;85386;Eching;;;;
Planegg;110734;LS73839;ja;30.01.2026;Logistik;24376;Schenker Deutschland AG;DSV Solutions GmbH;Freisinger Str. 15-19;85386;Eching;;;;
Planegg;110735;LS73840;ja;26.01.2026;Logistik;24376;Schenker Deutschland AG;DSV Solutions GmbH;Freisinger Str. 15-19;85386;Eching;;;;
Planegg;110736;LS73841;ja;30.01.2026;Logistik;24376;Schenker Deutschland AG;DSV Solutions GmbH;Freisinger Str. 15-19;85386;Eching;;;;
Planegg;110737;LS73842;ja;26.01.2026;Logistik;24376;Schenker Deutschland AG;DSV Solutions GmbH;Freisinger Str. 15-19;85386;Eching;;;;
Planegg;110738;LS73843;ja;30.01.2026;Logistik;24376;Schenker Deutschland AG;DSV Solutions GmbH;Freisinger Str. 15-19;85386;Eching;;;;
Planegg;110739;LS73844;ja;26.01.2026;Logistik;24376;Schenker Deutschland AG;DSV Solutions GmbH;Freisinger Str. 15-19;85386;Eching;;;;
Kyffhäuser;110740;LS73845;ja;21.01.2026;Logistik;22992;Stadtverwaltung Radebeul;Sozialrathaus;Hauptstraße 4;01445;Radebeul;;;;
Kyffhäuser;110741;LS73846;ja;21.01.2026;Logistik;22992;Stadtverwaltung Radebeul;Rathaus "Alte Post";Pestalozzistraße 4;01445;Radebeul;;;;
aboutwater Frankfurt;110742;LS73847;ja;09.01.2026;Logistik;24373;teknihall;teknihall Service GmbH;Levi-Strauss-Allee 10-12;63150;Heusenstamm;;;;
Gänshirt-Aufmbruch;110743;LS73848;ja;26.01.2026;Logistik;24609;Semperit;Semperit Profiles Leeser GmbH & Co.;Ottostraße 25-27;41836;Hückelhoven;;;;
Bastian;110744;LS73849;ja;15.01.2026;Logistik;20836;Asam Betriebs -1;Asam Betriebs GmbH;Bayerwaldstr. 15;94377;Steinach;;;;
Kyffhäuser;110745;LS73850;ja;19.01.2026;Logistik;24956;Sanitätshaus Hertel GmbH;Sanitätshaus Hertel GmbH;Helenenstraße 18-20;09212;Limbach-Oberfrohna;;;;
STK Service;110746;LS73851;nein;09.01.2026;Logistik;24913;RI Research Dortmund;RI Research Instruments GmbH;Hauert 15;44227;Dortmund;;;;
VST Plep;110747;LS73852;ja;22.01.2026;Logistik;24931;Hochschule Trier - Umwelt-Camp;Hochschule Trier - Umwelt-Campus;Campusallee;55768;Hoppstädten-Weiersbach;;;;
Hess;110748;LS73853;ja;15.01.2026;Logistik;21688;Vedder;Vedder GmbH;Industriestraße 3;59348;Lüdinghausen;;;;
Hess;110749;LS73854;ja;15.01.2026;Logistik;21688;Vedder;Vedder GmbH;Lindenstraße 16;59348;Lüdinghausen;;;;
Hess;110750;LS73855;ja;15.01.2026;Logistik;21688;Vedder;Vedder GmbH;Industriestraße 3;59348;Lüdinghausen;;;;
Hess;110751;LS73856;ja;15.01.2026;Logistik;21688;Vedder;Vedder GmbH;Industriestraße 3;59348;Lüdinghausen;;;;
Planegg;110752;LS73857;ja;14.01.2026;Logistik;24996;Königl.Thailänd.Generalkonsula;Königlich Thailändisches Generalkon;Törringstraße 20;81675;München;;;;
Planegg;110753;LS73858;ja;14.01.2026;Logistik;24996;Königl.Thailänd.Generalkonsula;Königlich Thailändisches Generalkon;Törringstraße 20;81675;München;;;;
Planegg;110754;LS73859;nein;09.01.2026;Logistik;25015;Bayer Verwaltungsschule BVS;Bayerische Verwaltungsschule (BVS);Ridlerstraße 75;80339;München;;;;
VST Schörling;110755;LS73860;ja;04.02.2026;Logistik;21248;Florio;Florio GmbH;Wilhelm-Wagenfeld-Str. 22;80807;München;;;;
Planegg;110756;LS73861;ja;27.01.2026;Logistik;25008;ARGE GWG Moosach 1;ARGE GWG Moosach 1 Hillebrand-Pfeif;Karlingerstraße 47 / EG;80992;München;;;;
Planegg;110757;LS73862;ja;27.01.2026;Logistik;25008;ARGE GWG Moosach 1;ARGE GWG Moosach 1 Hillebrand-Pfeif;Karlingerstraße 47 / EG;80992;München;;;;
Planegg;110758;LS73863;ja;27.01.2026;Logistik;25008;ARGE GWG Moosach 1;ARGE GWG Moosach 1 Hillebrand-Pfeif;Baubergerstr./Karlingerstraße;80992;München;;;;
VST Plep;110759;LS73864;ja;15.01.2026;Logistik;24871;Diamond Aircraft Industries;Diamond Aircraft Industries Deutsch;Hans-Fleißner-Straße 54;63329;Egelsbach;;;;
AQUATRADE Glinde;110760;LS73865;ja;16.01.2026;Logistik;24954;Nordlite;Nordlite Event Solutions GmbH;Lederstraße 15 B;22525;Hamburg;;;;
AQUATRADE Glinde;110761;LS73866;ja;16.01.2026;Logistik;24954;Nordlite;Nordlite Event Solutions GmbH;Lederstraße 15 B;22525;Hamburg;;;;
AQUATRADE Glinde;110762;LS73867;ja;16.01.2026;Logistik;24954;Nordlite;Nordlite Event Solutions GmbH;Lederstraße 15 B;22525;Hamburg;;;;
AQUATRADE Glinde;110763;LS73868;ja;16.01.2026;Logistik;24954;Nordlite;Nordlite Event Solutions GmbH;Lederstraße 15 B;22525;Hamburg;;;;
AQUATRADE Glinde;110764;LS73869;ja;16.01.2026;Logistik;24954;Nordlite;Nordlite Event Solutions GmbH;Lederstraße 15 B;22525;Hamburg;;;;
AQUATRADE Glinde;110765;LS73870;ja;16.01.2026;Logistik;24954;Nordlite;Nordlite Event Solutions GmbH;Lederstraße 15 B;22525;Hamburg;;;;
AQUATRADE Bram;110766;LS73871;nein;09.01.2026;Logistik;24977;BGW Delmenhorst;BGW Bezirksverwaltung Delmenhorst;Schulstraße 44;27749;Delmenhorst;;;;
AQUATRADE Bram;110767;LS73872;nein;09.01.2026;Logistik;24977;BGW Delmenhorst;BGW Bezirksverwaltung Delmenhorst;Schulstraße 44;27749;Delmenhorst;;;;
AQUATRADE Glinde;110768;LS73873;ja;27.01.2026;Logistik;24898;Anschütz;Anschütz GmbH;Zeyestr. 16-24;24106;Kiel;;;;
AQUATRADE Glinde;110769;LS73874;ja;27.01.2026;Logistik;24898;Anschütz;Anschütz GmbH;Zeyestr. 16-24;24106;Kiel;;;;
AQUATRADE Glinde;110770;LS73875;ja;27.01.2026;Logistik;24898;Anschütz;Anschütz GmbH;Zeyestr. 16-24;24106;Kiel;;;;
AQUATRADE Glinde;110771;LS73876;ja;27.01.2026;Logistik;24898;Anschütz;Anschütz GmbH;Zeyestr. 16-24;24106;Kiel;;;;
AQUATRADE Glinde;110772;LS73877;ja;27.01.2026;Logistik;24898;Anschütz;Anschütz GmbH;Zeyestr. 16-24;24106;Kiel;;;;
AQUATRADE Glinde;110773;LS73878;ja;27.01.2026;Logistik;24898;Anschütz;Anschütz GmbH;Zeyestr. 16-24;24106;Kiel;;;;
AQUATRADE Glinde;110774;LS73879;ja;27.01.2026;Logistik;24898;Anschütz;Anschütz GmbH;Zeyestr. 16-24;24106;Kiel;;;;
AQUATRADE Glinde;110775;LS73880;nein;09.01.2026;Logistik;24898;Anschütz;Anschütz GmbH;Zeyestr. 16-24;24106;Kiel;;;;
AQUATRADE Glinde;110776;LS73881;nein;09.01.2026;Logistik;24898;Anschütz;Anschütz GmbH;Zeyestr. 16-24;24106;Kiel;;;;
AQUATRADE Glinde;110777;LS73882;nein;09.01.2026;Logistik;24898;Anschütz;Anschütz GmbH;Zeyestr. 16-24;24106;Kiel;;;;
AQUATRADE Glinde;110778;LS73883;nein;09.01.2026;Logistik;24898;Anschütz;Anschütz GmbH;Zeyestr. 16-24;24106;Kiel;;;;
AQUATRADE Glinde;110779;LS73884;nein;09.01.2026;Logistik;24898;Anschütz;Anschütz GmbH;Zeyestr. 16-24;24106;Kiel;;;;
AQUATRADE Glinde;110780;LS73885;ja;20.01.2026;Logistik;24898;Anschütz;Anschütz GmbH;Zeyestr. 16-24;24106;Kiel;;;;
AQUATRADE Glinde;110781;LS73886;nein;09.01.2026;Logistik;24898;Anschütz;Anschütz GmbH;Zeyestr. 16-24;24106;Kiel;;;;
AQUATRADE Glinde;110782;LS73887;nein;09.01.2026;Logistik;24898;Anschütz;Anschütz GmbH;Zeyestr. 16-24;24106;Kiel;;;;
AQUATRADE Glinde;110783;LS73888;nein;09.01.2026;Logistik;24898;Anschütz;Anschütz GmbH;Zeyestr. 16-24;24106;Kiel;;;;
AQUATRADE Glinde;110784;LS73889;nein;09.01.2026;Logistik;24898;Anschütz;Anschütz GmbH;Zeyestr. 16-24;24106;Kiel;;;;
VST Plep;110785;LS73890;ja;15.01.2026;Logistik;25076;Zener Telekom GmbH;Zener Telekom GmbH;Zimmersmühlenweg 14-18;61440;Oberursel;;;;
Planegg;110786;LS73891;ja;17.02.2026;Logistik;25188;Berninger Großhadern;Berninger;Gräfelfinger Str. 133e;81377;München;;;;
Planegg;110787;LS73892;nein;09.01.2026;Logistik;25015;Bayer Verwaltungsschule BVS;Bayerische Verwaltungsschule (BVS);Ridlerstraße 75;80339;München;;;;
Schöttle - Haiterbach;110788;LS73893;ja;04.02.2026;Logistik;25185;Medizinischer Dienst Baden-Wür;Medizinischer Dienst Baden-Württemb;Berliner Str. 23;78048;Villingen-Schwenningen;;;;
Schöttle - Haiterbach;110789;LS73894;ja;04.02.2026;Logistik;25185;Medizinischer Dienst Baden-Wür;Medizinischer Dienst Baden-Württemb;Berliner Str. 23;78048;Villingen-Schwenningen;;;;
AQUATRADE Bram;110791;LS73895;ja;29.01.2026;Logistik;25501;Falck Rettungsdienst Nord;Falck Rettungsdienst Nord GmbH;Rathausstr. 8;31174;Schellerten;;;;
VST Schörling;110792;LS73896;ja;23.02.2026;Logistik;22522;Arcus Elektrotechnik;Arcus Elektrotechnik Alois Schiffma;Truderinger Str. 199;81673;München;;;;
Planegg;110793;LS73897;ja;18.02.2026;Logistik;22843;K&L Gates München;K & L Gates LLP;Karlstr. 10;80333;München;;;;
Gänshirt-Aufmbruch;110794;LS73898;ja;16.01.2026;Logistik;25572;Münchener Assekuranz Vermittl.;Münchener Assekuranz Vermittlungs G;Willy-Brandt-Platz 3;46045;Oberhausen;;;;
Nothhelfer/Ulm+50km;110795;LS73899;ja;12.02.2026;Logistik;22379;Lebenshilfe Donau Iller;Lebenshilfe Donau Iller Kindheit u.;Staufenring 7;89073;Ulm;;;;
Planegg;110796;LS73900;ja;21.01.2026;Logistik;25521;Riek Steuerberatung;Riek Steuerberatung GmbH & Co.KG;Lipowskystraße 10;81373;München;;;;
Gänshirt-Aufmbruch;110797;LS73901;ja;26.01.2026;Logistik;24609;Semperit;Semperit Profiles Leeser GmbH;Ottostraße 15;41836;Hückelhoven;;;;
Bastian;110798;LS73902;ja;14.01.2026;Logistik;25412;Gautzsch Großhandel Bayern(2);H. Gautzsch Großhandel Bayern GmbH;Josef-Rädlinger-Str. 3;94575;Windorf;;;;
Planegg;110799;LS73903;ja;17.02.2026;Logistik;25616;Wittmann Entsorgungswirtschaft;Wittmann Entsorgungswirtschaft GmbH;Lochhamer Schlag 7;82166;Gräfelfing;;;;
Planegg;110800;LS73904;ja;17.02.2026;Logistik;25616;Wittmann Entsorgungswirtschaft;Wittmann Entsorgungswirtschaft GmbH;Lochhamer Schlag 7;82166;Gräfelfing;;;;
Planegg;110801;LS73905;ja;17.02.2026;Logistik;25616;Wittmann Entsorgungswirtschaft;Wittmann Entsorgungswirtschaft GmbH;Lochhamer Schlag 7;82166;Gräfelfing;;;;
Planegg;110802;LS73906;ja;17.02.2026;Logistik;25616;Wittmann Entsorgungswirtschaft;Wittmann Entsorgungswirtschaft GmbH;Lochhamer Schlag 7;82166;Gräfelfing;;;;
aboutwater Bünde;110804;LS73908;ja;15.01.2026;Logistik;25947;MOIA;MOIA Operations Germany GmbH;Vahrenwalder Straße 267;30179;Hannover;;;;
AMW Auersperg;110805;LS73909;ja;14.01.2026;Logistik;21258;Coffice;Max Solar;Hauptstraße 98;10827;Berlin;;;;
Planegg;110806;LS73910;ja;19.01.2026;Logistik;23966;Elflein Logistik Bamberg;Elflein Logistik Bamberg GmbH;Gutenbergstraße 1 b;85748;Garching;;;;
Planegg;110807;LS73911;ja;19.01.2026;Logistik;23966;Elflein Logistik Bamberg;Elflein Logistik Bamberg GmbH;Gutenbergstraße 1 b;85748;Garching;;;;
VST Schörling;110808;LS73912;ja;22.01.2026;Logistik;26108;Inova Semiconductors GmbH;Inova Semiconductors GmbH;Zielstattstr. 32;81379;München;;;;
VST Schörling;110809;LS73913;ja;22.01.2026;Logistik;26108;Inova Semiconductors GmbH;Inova Semiconductors GmbH;Zielstattstr. 32;81379;München;;;;
VST Schörling;110810;LS73914;ja;22.01.2026;Logistik;26108;Inova Semiconductors GmbH;Inova Semiconductors GmbH;Zielstattstr. 32;81379;München;;;;
VST Schörling;110811;LS73915;ja;22.01.2026;Logistik;26108;Inova Semiconductors GmbH;Inova Semiconductors GmbH;Zielstattstr. 32;81379;München;;;;
VST Schörling;110812;LS73916;ja;22.01.2026;Logistik;26108;Inova Semiconductors GmbH;Inova Semiconductors GmbH;Zielstattstr. 32;81379;München;;;;
VST Schörling;110813;LS73917;ja;22.01.2026;Logistik;26108;Inova Semiconductors GmbH;Inova Semiconductors GmbH;Zielstattstr. 32;81379;München;;;;
VST Schörling;110814;LS73918;ja;04.02.2026;Logistik;26107;Noreisch-Grillen-Catering;Noreisch-Grillen-Catering;Esmarchstr. 25;80999;München;;;;
Berlin Wein König;110815;LS73919;nein;09.01.2026;Logistik;21352;Setting;Setting HQ GmbH;Rosenthaler Str. 36;10178;Berlin;;;;
Berlin Wein König;110816;LS73920;nein;09.01.2026;Logistik;21352;Setting;Setting HQ GmbH;Linienstraße 214;10119;Berlin;;;;
aboutwater Bünde;110817;LS73921;ja;15.01.2026;Logistik;25985;IT.Niedersachsen;IT.Niedersachsen;Göttinger Chaussee 259;30459;Hannover;;;;
aboutwater Bünde;110818;LS73922;ja;15.01.2026;Logistik;25985;IT.Niedersachsen;IT.Niedersachsen;Göttinger Chaussee 209;30459;Hannover;;;;
aboutwater Bünde;110819;LS73923;ja;14.01.2026;Logistik;25985;IT.Niedersachsen;IT.Niedersachsen;Calenberger Str. 59;30169;Hannover;;;;
aboutwater Bünde;110820;LS73924;ja;14.01.2026;Logistik;25985;IT.Niedersachsen;IT.Niedersachsen;Calenberger Str. 59;30169;Hannover;;;;
aboutwater Bünde;110821;LS73925;ja;14.01.2026;Logistik;25985;IT.Niedersachsen;IT.Niedersachsen;Humboldstr. 33;30169;Hannover;;;;
aboutwater Bünde;110822;LS73926;ja;14.01.2026;Logistik;25985;IT.Niedersachsen;IT.Niedersachsen;Humboldstr. 33;30169;Hannover;;;;
aboutwater Bünde;110823;LS73927;ja;14.01.2026;Logistik;25985;IT.Niedersachsen;IT.Niedersachsen;Humboldstr. 33;30169;Hannover;;;;
aboutwater Bünde;110824;LS73928;ja;14.01.2026;Logistik;25985;IT.Niedersachsen;IT.Niedersachsen;Humboldstr. 33;30169;Hannover;;;;
aboutwater Bünde;110825;LS73929;ja;14.01.2026;Logistik;25985;IT.Niedersachsen;IT.Niedersachsen;Humboldstr. 33;30169;Hannover;;;;
aboutwater Bünde;110826;LS73930;ja;15.01.2026;Logistik;25985;IT.Niedersachsen;IT.Niedersachsen;Gropiusstr. 7;31137;Hildesheim;;;;
aboutwater Bünde;110827;LS73931;ja;15.01.2026;Logistik;25985;IT.Niedersachsen;IT.Niedersachsen;Friedrich-Seele-Str. 7;38122;Braunschweig;;;;
aboutwater Bünde;110828;LS73932;ja;17.02.2026;Logistik;25985;IT.Niedersachsen;IT.Niedersachsen;Auf der Hude 2;21339;Lüneburg;;;;
aboutwater Bünde;110829;LS73933;ja;12.01.2026;Logistik;25985;IT.Niedersachsen;IT.Niedersachsen;Hannoversche Str. 6 - 8;49084;Osnabrück;;;;
VST Plep;110830;LS73934;ja;14.01.2026;Logistik;22395;Kreisverwaltung Mainz-Bingen;Gymnasium Hildegardisschule Bingen;Holzhauerstr. 16;55411;Bingen;;;;
STK Service;110831;LS73935;ja;28.01.2026;Logistik;26135;Stadt Marl (2) Jugendamt;KITA ´Im Wäldchen´;Breslauer Str. 5;45768;Marl;;;;
STK Service;110832;LS73936;ja;28.01.2026;Logistik;26135;Stadt Marl (2) Jugendamt;KITA ´Im Wäldchen´;Breslauer Str. 5;45768;Marl;;;;
STK Service;110833;LS73937;ja;27.01.2026;Logistik;26135;Stadt Marl (2) Jugendamt;KITA ´Marl-Mitte´;Rappaportstr. 8a;45768;Marl;;;;
STK Service;110834;LS73938;ja;27.01.2026;Logistik;26135;Stadt Marl (2) Jugendamt;KITA ´Marl-Mitte´;Rappaportstr. 8a;45768;Marl;;;;
STK Service;110835;LS73939;ja;27.01.2026;Logistik;26135;Stadt Marl (2) Jugendamt;KITA ´Marl-Mitte´;Rappaportstr. 8a;45768;Marl;;;;
STK Service;110836;LS73940;ja;02.02.2026;Logistik;26135;Stadt Marl (2) Jugendamt;KITA ´Zwergenland´;Merkelheider Weg 58;45772;Marl;;;;
STK Service;110837;LS73941;ja;02.02.2026;Logistik;26135;Stadt Marl (2) Jugendamt;KITA ´Zwergenland´;Merkelheider Weg 58;45772;Marl;;;;
STK Service;110838;LS73942;ja;02.02.2026;Logistik;26135;Stadt Marl (2) Jugendamt;KITA ´Lummerland´;Kampstr. 130a;45772;Marl;;;;
STK Service;110839;LS73943;ja;02.02.2026;Logistik;26135;Stadt Marl (2) Jugendamt;KITA ´Lummerland´;Kampstr. 130a;45772;Marl;;;;
Berlin Wein König;110840;LS73944;ja;09.03.2026;Logistik;21144;Knotel;Knotel Berlin I GmbH;Stralauer Allee 2b;10245;Berlin;;;;
Gänshirt-Aufmbruch;110841;LS73945;ja;13.01.2026;Logistik;25905;Städtisches Gymnasium Leichlin;Städtisches Gymnasium Leichlingen;Am Hammer 2;42799;Leichlingen;;;;
STK Service;110926;LS73946;ja;25.02.2026;Logistik;26142;NK Metallverarbeitung GmbH;NK Metallverarbeitung GmbH;Gewerbering 15;41751;Viersen;;;;
STK Service;110943;LS73947;ja;25.02.2026;Logistik;26142;NK Metallverarbeitung GmbH;NK Metallverarbeitung GmbH;Gewerbering 15;41751;Viersen;;;;
STK Service;110944;LS73948;ja;25.02.2026;Logistik;26142;NK Metallverarbeitung GmbH;NK Metallverarbeitung GmbH;Gewerbering 15;41751;Viersen;;;;
STK Service;111054;LS73949;ja;25.02.2026;Logistik;26142;NK Metallverarbeitung GmbH;NK Metallverarbeitung GmbH;Gewerbering 15;41751;Viersen;;;;
aboutwater Frankfurt;111218;LS73950;ja;09.01.2026;Logistik;26594;Ludwig-Erk-Schule Langen;Förderverein der Ludwig-Erk-Schule;Bahnstraße 44;63225;Langen;;;;
VST Plep;111605;LS73951;ja;15.01.2026;Logistik;26600;Schulamt MKK;Schulamt MKK;Hessen-Homburg-Platz 8;63452;Hanau;;;;
AMW Auersperg;111643;LS73952;ja;14.01.2026;Logistik;26603;DEURAG Deutsche Rechtsschutz-V;DEURAG Deutsche Rechtsschutz-Versic;Mohrenstr. 20/21;10117;Berlin;;;;
Berlin Wein König;111761;LS73953;nein;09.01.2026;Logistik;26576;Asam Praevent Berlin;ASAM praevent GmbH;Robert-Koch-Platz 4;10115;Berlin;;;;
Planegg;111837;LS73954;ja;26.01.2026;Logistik;20362;Emons Spedition;Emons Spedition GmbH & Co. KG;Lindberghstr. 6;85399;Hallbergmoos;;;;
VST Schörling;111838;LS73955;ja;16.02.2026;Logistik;26109;Green Club München;Green Club GmbH;Schellingstraße 23;80799;München;;;;
Planegg;111839;LS73956;ja;09.03.2026;Logistik;26195;IKEA (3) München-Eching;IKEA Deutschland GmbH & Co KG;Heisenbergstraße 14;85386;Eching;;;;
STK Service;111840;LS73957;ja;23.02.2026;Logistik;26635;Rojinova GmbH;Rojinova GmbH;Schwanenstr. 31;42103;Wuppertal;;;;
aboutwater Frankfurt;111841;LS73958;ja;09.01.2026;Logistik;26603;DEURAG Deutsche Rechtsschutz-V;DEURAG Deutsche Rechtsschutz-Versic;Abraham-Lincoln-Str. 3;65189;Wiesbaden;;;;
aboutwater Frankfurt;111842;LS73959;ja;09.01.2026;Logistik;26603;DEURAG Deutsche Rechtsschutz-V;DEURAG Deutsche Rechtsschutz-Versic;Abraham-Lincoln-Str. 3;65189;Wiesbaden;;;;
aboutwater Frankfurt;111843;LS73960;ja;09.01.2026;Logistik;26603;DEURAG Deutsche Rechtsschutz-V;DEURAG Deutsche Rechtsschutz-Versic;Abraham-Lincoln-Str. 3;65189;Wiesbaden;;;;
aboutwater Frankfurt;111844;LS73961;ja;09.01.2026;Logistik;26603;DEURAG Deutsche Rechtsschutz-V;DEURAG Deutsche Rechtsschutz-Versic;Abraham-Lincoln-Str. 3;65189;Wiesbaden;;;;
aboutwater Frankfurt;111845;LS73962;ja;09.01.2026;Logistik;26603;DEURAG Deutsche Rechtsschutz-V;DEURAG Deutsche Rechtsschutz-Versic;Abraham-Lincoln-Str. 3;65189;Wiesbaden;;;;
aboutwater Frankfurt;111846;LS73963;ja;09.01.2026;Logistik;26603;DEURAG Deutsche Rechtsschutz-V;DEURAG Deutsche Rechtsschutz-Versic;Abraham-Lincoln-Str. 3;65189;Wiesbaden;;;;
aboutwater Frankfurt;111847;LS73964;ja;09.01.2026;Logistik;26603;DEURAG Deutsche Rechtsschutz-V;DEURAG Deutsche Rechtsschutz-Versic;Abraham-Lincoln-Str. 3;65189;Wiesbaden;;;;
aboutwater Frankfurt;111848;LS73965;ja;09.01.2026;Logistik;26603;DEURAG Deutsche Rechtsschutz-V;DEURAG Deutsche Rechtsschutz-Versic;Abraham-Lincoln-Str. 3;65189;Wiesbaden;;;;
aboutwater Frankfurt;111849;LS73966;ja;03.02.2026;Logistik;26484;HCC 2;Regierungspräsidium Gießen;Cargo City Süd, Geb. 587a;60549;Frankfurt am Main;;;;
VST Schörling;111850;LS73967;ja;09.02.2026;Logistik;24785;Bayerischer Oberster Rechnungs;Bayerischer Oberster Rechnungshof;Kaulbachstr. 9;80539;München;;;;
VST Schörling;111851;LS73968;ja;09.02.2026;Logistik;24785;Bayerischer Oberster Rechnungs;Bayerischer Oberster Rechnungshof;Kaulbachstr. 9;80539;München;;;;
VST Schörling;111852;LS73969;ja;09.02.2026;Logistik;24785;Bayerischer Oberster Rechnungs;Bayerischer Oberster Rechnungshof;Kaulbachstr. 9;80539;München;;;;
Gänshirt-Aufmbruch;111853;LS73970;ja;16.01.2026;Logistik;26602;INTEC (2) Mülheim;INTEC Industrie-Technik  GmbH;Timmerhellstr. 35;45478;Mühlheim an der Ruhr;;;;
aboutwater Frankfurt;111854;LS73971;ja;09.01.2026;Logistik;26526;MWB;MWB - Mittelhessische Wasserbetriebe;Lahnstraße 218;35398;Gießen;;;;
Ines Rütz Appen;111855;LS73972;ja;03.03.2026;Logistik;26589;Norbulb;Norbulb Sprinkler Elemente GmbH;Robert-Koch-Straße 25a;22851;Norderstedt;;;;
Ines Rütz Appen;111856;LS73973;ja;03.03.2026;Logistik;26589;Norbulb;Norbulb Sprinkler Elemente GmbH;Robert-Koch-Straße 25a;22851;Norderstedt;;;;
Ines Rütz Appen;111857;LS73974;ja;13.01.2026;Logistik;26595;Toll Global Forwarding Germany;Toll Global Forwarding Germany GmbH;Große Elbstrasse 86;22767;Hamburg;;;;
VST Schörling;111858;LS73975;ja;04.02.2026;Logistik;26675;XPeng Motors (Germany) GmbH;XPeng Motors (Germany) GmbH;Weimarer Straße 32;80807;München;;;;
Ines Rütz Appen;111859;LS73976;nein;09.01.2026;Logistik;26525;De Villa GmbH;De Villa GmbH;Bahnhofstraße 10;22880;Wedel;;;;
Berlin Wein König;111860;LS73977;ja;09.03.2026;Logistik;21144;Knotel;Knotel Berlin I GmbH;Stralauer Allee 2b;10245;Berlin;;;;
Berlin Wein König;111861;LS73978;ja;09.03.2026;Logistik;21144;Knotel;Knotel Berlin I GmbH;Stralauer Allee 2b;10245;Berlin;;;;
aboutwater Bünde;111862;LS73979;ja;21.01.2026;Logistik;26662;SAINT-GOBAIN RESEARCH GERMANY;Saint Gobain Sekurit Deutschland GmbH;Glasstraße 1;52134;Herzogenrath;;;;
aboutwater Bünde;111863;LS73980;ja;21.01.2026;Logistik;26662;SAINT-GOBAIN RESEARCH GERMANY;Saint Gobain Sekurit Deutschland GmbH;Glasstraße 1;52134;Herzogenrath;;;;
aboutwater Bünde;111864;LS73981;ja;21.01.2026;Logistik;26662;SAINT-GOBAIN RESEARCH GERMANY;Saint Gobain Sekurit Deutschland GmbH;Glasstraße 1;52134;Herzogenrath;;;;
aboutwater Bünde;111865;LS73982;ja;09.01.2026;Logistik;26662;SAINT-GOBAIN RESEARCH GERMANY;Saint Gobain Sekurit Deutschland GmbH;Glasstraße 1;52134;Herzogenrath;;;;
aboutwater Bünde;111866;LS73983;ja;21.01.2026;Logistik;26662;SAINT-GOBAIN RESEARCH GERMANY;Saint Gobain Sekurit Deutschland GmbH;Glasstraße 1;52134;Herzogenrath;;;;
aboutwater Bünde;111867;LS73984;ja;21.01.2026;Logistik;26662;SAINT-GOBAIN RESEARCH GERMANY;Saint Gobain Sekurit Deutschland GmbH;Glasstraße 1;52134;Herzogenrath;;;;
STK Service;111873;LS73985;ja;14.01.2026;Logistik;20208;Hotshot Kaffee e. K.;Total Safety GmbH;Kerkrader Straße / TOR 2;50997;Köln;;;;
Planegg;111874;LS73986;ja;09.01.2026;Logistik;23315;Pera Coiffeur;Pera Coiffeur;Bahnhofstrße 18 b;85375;Neufahrn;;;;
Planegg;111875;LS73987;ja;13.01.2026;Logistik;23356;edgeconnex;Edgeconnex GmbH;Landsberger Str. 155 (Haus 4);80687;München;;;;
Planegg;111877;LS73988;ja;13.01.2026;Logistik;23929;Regus Vivid;Vivid Resourcing GmbH;Mühldorfstr. 8;81671;München;;;;
Planegg;111878;LS73989;ja;19.01.2026;Logistik;23966;Elflein Logistik Bamberg;Elflein Logistik Bamberg GmbH;Hufeland Straße 20;80937;München;;;;
Planegg;111879;LS73990;ja;15.01.2026;Logistik;23872;Ara 8;Goodfruit;Boschstr. 5 / 2.OG;82178;Puchheim;;;;
aboutwater Frankfurt;111880;LS73991;ja;09.01.2026;Logistik;24614;RMS Rhein-Main-Verkehrsverbund;Rhein-Main-Verkehrsverbund;Am Hauptbahnhof 6;60329;Frankfurt;;;;
aboutwater Frankfurt;111881;LS73992;ja;10.01.2026;Logistik;24614;RMS Rhein-Main-Verkehrsverbund;Rhein-Main-Verkehrsverbund;Am Hauptbahnhof 6;60329;Frankfurt;;;;
Planegg;111882;LS73993;ja;14.01.2026;Logistik;24996;Königl.Thailänd.Generalkonsula;Königlich Thailändisches Generalkonsulat;Törringstraße 20;81675;München;;;;
Planegg;111883;LS73994;ja;09.01.2026;Logistik;25090;Eavor GmbH;Eavor Erdwärme Geretsried GmbH & Co.KG;Herrnhauser Str. 75;82538;Geretsried;;;;
Planegg;111885;LS73996;ja;15.01.2026;Logistik;24376;Schenker Deutschland AG;Schenker Deutschland AG;Freisinger Str. 15-19;85386;Eching;;;;
Planegg;111888;LS73999;ja;13.01.2026;Logistik;24226;Kirinus (1) Sendlinger Tor;KIRINUS Praxis GmbH;Sendlinger Tor Platz 7;80336;München;;;;
AQUATRADE Glinde;111889;LS74000;ja;19.01.2026;Logistik;23355;Falck Buxtehude;Falck Notfallrettung u.Katastrophenschutz;Alter Postweg 42;21614;Buxtehude;;;;
STK Service;111876;LS74001;ja;16.01.2026;Estaline Philander;21237;Berufstrainingszentrum BTZ;Berufstrainingszentrum Rhein-Ruhr gGmbH;Bebelstr. 56  / Tel. 0208 409400-59;46049;Oberhausen;;;;
aboutwater Frankfurt;110229;LS74002;ja;09.01.2026;Carmen Berger;26721;Wendt-Noise;Wendt-Noise Control GmbH;Beindersheimer Str. 79;67227;Frankenthal;;;;
aboutwater Frankfurt;110415;LS74003;ja;09.01.2026;Carmen Berger;24614;RMS Rhein-Main-Verkehrsverbund;Rhein-Main-Verkehrsverbund;Poststraße 2-4;60329;Frankfurt;;;;
Planegg;;LS74004;ja;01.02.2026;Petra Gräf;20437;Marco Hetfleisch;Jochum Holzwerke;Augsburger Straße 34;86441;Zusmarshausen;;;;
aboutwater Frankfurt;110416;LS74005;ja;09.01.2026;Carmen Berger;24614;RMS Rhein-Main-Verkehrsverbund;Rhein-Main-Verkehrsverbund;Am Hauptbahnhof 6;60329;Frankfurt;;;;
aboutwater Frankfurt;110209;LS74006;ja;09.01.2026;Carmen Berger;26699;Getraenke Online Shop;Getraenkeonline;Am Bärnroth 3;97839;Esselbach;;;;
aboutwater Frankfurt;110389;LS74007;ja;09.01.2026;Carmen Berger;24722;Primark Frankfurt Wisag Hessen;Primark Store 809;Zeil 94;60313;Frankfurt;;;;
Planegg;111891;LS74008;ja;12.01.2026;Sönke Rocho;21144;Knotel;Knotel Berlin I GmbH;Stralauer Allee 2b;10245;Berlin;;;;
Planegg;;LS74009;ja;12.01.2026;Petra Gräf;20998;Gräf Petra;Petra Gräf;Wolkerweg 13;81375;München;;;;
Kyffhäuser;111893;LS74010;ja;15.01.2026;Petra Gräf;23577;Dataport;Dataport - Anstalt des öffentl. Rechts;Kaiserslauterer Str. 75;06128;Halle (Saale);;;;
Planegg;111894;LS74011;ja;19.01.2026;Estaline Philander;23966;Elflein Logistik Bamberg;Elflein Logistik Bamberg GmbH;Gutenbergstraße 1 b;85748;Garching;;;;
Planegg;111895;LS74012;ja;21.01.2026;Estaline Philander;22195;Quartz Regensburg MVZ/Neumaier;Quartz Regensburg MVZ GmbH;Krankenhausstraße 6;84066;Mallersdorf;;;;
aboutwater Bünde;110414;LS110414;ja;07.01.2026;Petra Gräf;26347;Hörmann KG (2) Bremen;Hörmann KG Verkaufsgesellschaft;Mittelwendung 25;28844;Weyhe;;;;
Planegg;;LS74014;ja;08.01.2026;Rene Kühn;20772;Crystal Water;Crystal Water;Rosenheimer Str. 34;85635;Höhenkirchen;;;;
Planegg;;LS74015;ja;07.01.2026;Rene Kühn;20772;Crystal Water;Crystal Water;Rosenheimer Str. 34;85635;Höhenkirchen;;;;
Schöttle - Haiterbach;111898;LS74016;ja;15.01.2026;Florian Gräf;22285;Night Star;Night Star Express Honold GmbH;Siemensstraße 32;71254;Dietzingen;;;;
Gänshirt-Aufmbruch;111899;LS74017;ja;16.01.2026;Carmen Berger;25571;Flohe Cable Technologies (2);FLOHE Cable Technologies GmbH;Rheinstr. 19;44579;Castrop-Rauxel;;;;
VST Schörling;;LS74018;ja;14.01.2026;Carmen Berger;21817;Notenversand Kurt Maas;Notenversand Kurt Maas GmbH & Co KG;Eugen-Friedl-Str. 3a;82340;Feldafing;;;;
Planegg;111901;LS74019;ja;12.01.2026;Mihaela Abmayr;27139;Georg Kaemmerer-Riepe;Georg Kaemmerer-Riepe;Meindorfer Strasse 153, Meindorfer;53757;Sankt Augustin;;;;
AQUATRADE Bram;111904;LS74020;ja;14.01.2026;Estaline Philander;24088;Zahnmanufaktur Emsland ZME;Zahnmanufaktur Emsland - ZME GmbH;Lengericher Str. 7;49809;Lingen;;;;
Planegg;111902;LS74021;ja;12.01.2026;Florian Gräf;25291;bePure;WALUTEC Germany GmbH;Neheimerstr. 10;59469;Ense;;;;
Planegg;111903;LS74022;ja;12.01.2026;Mihaela Abmayr;27140;Petra Dres;Petra Dres;Brunckstr. 4;67346;Sepyer;;;;
Planegg;110377;LS71975.;ja;08.01.2026;Petra Gräf;23872;Ara 8;Goodfruit;Boschstr. 5 / 2.OG;82178;Puchheim;;;;
Planegg;111905;LS74024;ja;15.01.2026;Josefine Mättig;10009;Propie-Aqua vorm.Support Wolf;Spessart-Klinik Bad Orb GmbH;Würzburger Straße 7-13;63619;Bad Orb;;;;
Emons;111906;LS74025;ja;12.01.2026;Josefine Mättig;21899;Amazon Deutschland N6 Trans.;Amazon Deutschland N6 Transport GmbH;Adolf-Oesterheld-Strasse 32;31515;Wunstorf;;;;
Gänshirt-Aufmbruch;103875;LS69837.;ja;12.01.2026;Mihaela Abmayr;23232;BIVANO (Böhmer);BIVANO GmbH;Marie-Bernays-Ring 39;41199;Mönchengladbach;;;;
Planegg;111907;LS74027;ja;12.01.2026;Josefine Mättig;21731;Amazon Spain;Attn: Chloe Emelyne;Av. Can Magarola, 127;08100;Mollet del Valles;;;;
Strecke;111908;LS74028;ja;12.01.2026;Florian Gräf;26078;Pesca HH;Pesca Hamburg Überseequartier GmbH;Überseeboulevard 20;20457;Hamburg;;;;
Planegg;111909;LS74029;ja;12.01.2026;Estaline Philander;22735;Panorama Therme;Panorama Therme;Am Thermalbad 5;72660;Beuren;;;;
Planegg;;LS74030;ja;12.01.2026;Carmen Berger;22180;Melis Backshop;Melis Backshop;Sankt Cäcilia Straße 5;82110;Germering;;;;
STK Service;110283;LS74031;ja;08.01.2026;Mihaela Abmayr;24231;Stadt Marl (1);Stadt Marl;Bergstr. 228;45768;Marl;;;;
Planegg;109831;LS74032;ja;15.01.2026;Josefine Mättig;24205;DJH LVB Sachsen-Anhalt e.V.;Jugendherberge Naumburg;Am Tennisplatz 9;06618;Naumburg;;;;
Planegg;111912;LS74033;ja;09.01.2026;Petra Gräf;27082;Donau-Speditions-Ges.Kiessling;Donau-Speditions-Gesellschaft Kiessling;Gutenbergstraße 15;93128;Regenstauf;;;;
STK Service;110412;LS74034;ja;07.01.2026;Mihaela Abmayr;24229;RELUX;RELUX Rohstoffe GmbH & Co. KG;Brückenstraße 9;32549;Bad Oeynhausen;;;;
Emons;111910;LS74035;ja;12.01.2026;Florian Gräf;21524;Rupert Auer;kbo-Inn-Salzach-Klinikum gGmbH;Gabersee 7;83512;Wasserburg am Inn;;;;
aboutwater Frankfurt;110369;LS74036;ja;12.01.2026;Carmen Berger;27125;Schwarz Immobilienmanagment;Josef Schwarz Schule;Erich-Mendelsohn-Str.1;74076;Heilbronn;;;;
Planegg;111910;LS74037;ja;12.01.2026;Florian Gräf;21524;Rupert Auer;kbo-Inn-Salzach-Klinikum gGmbH;Gabersee 7;83512;Wasserburg am Inn;;;;
Planegg;111913;LS74039;ja;19.01.2026;Mihaela Abmayr;25236;WSE Wittmann;Wittmann Sonderabfall Entsorgung GmbH;Siemensstr. 14;85716;Unterschleißheim;;;;
AMW Auersperg;106000;LS70867.;ja;08.01.2026;Mihaela Abmayr;22409;TQ TherapeutiQum;TQ TherapeutiQum;Rostocker Str. 25 A;18190;Sanitz;;;;
Emons;;LS74042;ja;12.01.2026;Christian Irrgang;10028;Jakob Wassertechnik GmbH;Jakob Wassertechnik GmbH & Co.KG;Im Krautgarten 19;86470;Thannhausen;;;;
Planegg;;LS74043;ja;27.01.2026;Petra Gräf;23928;GoodWe Europe GmbH;GoodWe Europe GmbH;Kistlerhofstrasse 170;81379;München;;;;
AMW Auersperg;105965;LS70834.;ja;12.01.2026;Mihaela Abmayr;21461;tm Getränke Munderloh;TeleTeam Call-Center und Service GmbH;Rostocker Chaussee 38;18437;Stralsund;;;;
Planegg;111917;LS74046;ja;12.01.2026;Josefine Mättig;27141;Rümmele GmbH;Rümmele GmbH;Moosmatt 3;79685;Häg-Ehrsberg;;;;
Emons;111928;LS74047;ja;12.01.2026;Christian Irrgang;20234;Bühler-Catering;Bühler-Catering GmbH;Industriestr. 2 b;76275;Ettlingen;;;;
Planegg;111929;LS74048;ja;12.01.2026;Mihaela Abmayr;24106;Münchener Verein KV;Münchener Verein Krankenversicherung a.G.;Pettenkoferstr. 19;80336;München;;;;
Planegg;111930;LS74049;ja;12.01.2026;Christian Irrgang;20191;Gleisner;Gleisner GmbH & Co.KG;Pegnitzstr. 13;91207;Lauf an der Pegnitz;;;;
Planegg;111931;LS74050;ja;12.01.2026;Florian Gräf;21129;café+co DELIKOMAT Sp. z o.o.;café+co DELIKOMAT Sp. z o.o.;Al. Generala Andersa 588;43300;Bielsko-Biala;;;;
Planegg;110370;LS74051;ja;13.01.2026;Mihaela Abmayr;20666;Cafe-Stube Klinik Teutobu;Café Stube Klinik Teutoburger Wald;Teutoburger Wald Straße 33;49214;Bad Rothenfelde;;;;
Planegg;111932;LS74052;ja;12.01.2026;Josefine Mättig;26977;Trinkflaschenexpress;Bottle-Print Vertriebs GmbH;Auf den Steinen 2,;37191;Katlenburg Lindau;;;;
Planegg;111932;LS74053;ja;12.01.2026;Josefine Mättig;26977;Trinkflaschenexpress;Bottle-Print Vertriebs GmbH;Auf den Steinen 2,;37191;Katlenburg Lindau;;;;
Emons;108565;LS74054;ja;12.01.2026;Florian Gräf;21065;Attila AS Cafe & BAR;AS Cafe & Bar Service e.K.;Aidenbachstr. 72;81379;München;;;;
Planegg;111934;LS74055;ja;30.01.2026;Estaline Philander;26924;Natalie Wagner;Natalie Wagner;Bessere Zukunft 6a;82166;Gräfelfing;;;;
Planegg;111935;LS74056;ja;12.01.2026;Josefine Mättig;20432;Reiser -2;Michael Reiser;Am Huemerhof 55;4813;Altmünster;;;;
Emons;110554;LS73652_1;ja;25.02.2026;Mihaela Abmayr;27138;Peter-Pan-Schule;Peter-Pan-Schule;Löchtweg 5;49479;Ibbenbüren;;;;
Planegg;111902;LS74059;ja;20.01.2026;Florian Gräf;25291;bePure;WALUTEC Germany GmbH;Neheimerstr. 10;59469;Ense;;;;
aboutwater Frankfurt;111938;LS74060;ja;12.01.2026;Carmen Berger;26213;Stadt Frankfurt am Main;Stadt Frankfurt am Main -Der Magistrat-;Solmsstraße 27-37;60486;Frankfurt am Main;;;;
STK Service;111936;LS74061;ja;22.01.2026;Estaline Philander;23275;Pro Idee (Junghans);Pro Idee Management GmbH & Co.KG;Neue Straße 19;52382;Niederzier;;;;
Planegg;111937;LS74062;ja;20.01.2026;Josefine Mättig;26126;Murrelektronik;Murrelektronik GmbH;Grabenstraße 29;71570;Oppenweiler;;;;
Planegg;111940;LS74063;ja;16.01.2026;Estaline Philander;23795;Raiffeisenbank München;Raiffeisenbank München-Süd eG;Liesl-Karlstadt-Str. 28;81476;München;;;;
Planegg;109606;LS74065;ja;12.01.2026;Florian Gräf;10034;ewatec;ewatec e.K.;Am Angelehof 12;88316;Isny;;;;
Planegg;111941;LS74066;ja;20.01.2026;Josefine Mättig;27144;Andreas Christ Spedition;Andreas Christ Spedition;Austr. 137;74076;Heilbronn;;;;
Planegg;111942;LS74067;ja;12.01.2026;Josefine Mättig;26977;Trinkflaschenexpress;Oxentis GmbH;Am Münster 9-11;37154;Northeim;;;;
Planegg;111943;LS74068;ja;13.01.2026;Estaline Philander;26948;facilicon GmbH;facilicon GmbH;Am Gewerbehof 28;50170;Kerpen;;;;
Teamblue Bad Münder;;LS74069;ja;12.01.2026;Florian Gräf;21621;Magnum;Magnum water coffee snack;Wirtswiese 1;57223;Kreuztal;;;;
Kyffhäuser;111945;LS74070;ja;13.01.2026;Florian Gräf;21726;Peggy Steglich;Peggy Steglich;Böhmischer Weg 5;01809;Heidenau;;;;
Emons;111947;LS74072;ja;12.01.2026;Florian Gräf;24138;TRUE Coffee di Fina;TRUE GmbH;Weyerhofstraße 68;47803;Krefeld;;;;
Planegg;111948;LS74073;ja;12.01.2026;Christian Irrgang;24166;Dallmayr Dillingen Terres;Dallmayr Automaten-Service GmbH;Europa-Allee 35a;54343;Föhren;;;;
Planegg;;ZE000996;ja;24.02.2026;Petra Gräf;10034;ewatec;Noerpel SE;Oskar-von-Miller-Straße 18;85235;Odelzhausen;;;;
Planegg;111950;LS74075;ja;15.01.2026;Estaline Philander;23823;Quest Global Engineering;Quest Global Engineering Services GmbH;Weimarer Str. 32;80807;München;;;;
Emons;111951;LS74076;ja;12.01.2026;Florian Gräf;20654;Karl Gengenbach GmbH & Co;Karl Gengenbach GmbH & Co. KG;Aschenhausweg 4;74523;Schwäbisch Hall;;;;
VST Schörling;107975;LS74077;ja;04.02.2026;Petra Gräf;21248;Florio;Florio GmbH;Wilhelm-Wagenfeld-Str. 22;80807;München;;;;
Planegg;111952;LS74078;ja;15.01.2026;Estaline Philander;61828;dm 1828 Aichach;dm Filiale 1828;Augsburger Straße 25;86551;Aichach;;;;
Planegg;111954;LS74079;ja;12.01.2026;Christian Irrgang;20234;Bühler-Catering;Bühler-Catering GmbH;Industriestr. 2 b;76275;Ettlingen;;;;
Planegg;109410;LS74080;ja;12.01.2026;Christian Irrgang;20299;GWA;GWA GmbH;Hohendodeleber Str. 8;39110;Magdeburg;;;;
GWA;;GWA-LS 01716;ja;01.01.2026;Petra Gräf;26342;Falck Ziesar;Falck Rettungsdienst Nord GmbH;Am Seehagen 1;14793;Ziesar;;;;
VST Schörling;111956;LS74083;ja;04.02.2026;Carmen Berger;27145;Adam Matheis;Adam Matheis GmbH & Co. KG;Infanteriestr. 11;80797;München;;;;
Planegg;111957;LS74084;ja;12.01.2026;Rene Kühn;20772;Crystal Water;Crystal Water;Rosenheimer Str. 34;85635;Höhenkirchen;;;;
Planegg;111959;LS74085;ja;15.01.2026;Carmen Berger;27145;Adam Matheis;Adam Matheis GmbH & Co. KG;Infanteriestr. 11;80797;München;;;;
Planegg;110397;LS74086;ja;15.01.2026;Estaline Philander;22129;Achat Hotel;ACHAT Hotel München Süd;Perchtinger Straße 3;81379;München;;;;
aboutwater Frankfurt;111960;LS74087;ja;13.01.2026;Carmen Berger;26982;Adam Issa;AbdulRahman Issa;Kurpalzhof 10/3;69124;Heidelberg;;;;
AQUATRADE Bram;111958;LS74088;ja;16.01.2026;Estaline Philander;24242;IVPNetworks;IVPNetworks GmbH;Conventstr. 8-10;22089;Hamburg;;;;
AMW Auersperg;111961;LS74089;ja;14.01.2026;Estaline Philander;25880;Atelier Kempe Thill Thörner;Atelier Kempe Thill Thörner Kaczmarek;Kronenstr. 1;10117;Berlin;;;;
Gänshirt-Aufmbruch;111962;LS74090;ja;16.01.2026;Estaline Philander;23814;Stadt Würselen;Stadt Würselen;Pützbenden 1;52146;Würselen;;;;
Planegg;111963;LS74091;ja;13.01.2026;Florian Gräf;20356;Kavo Produktions GmbH für;Kavo Produktions GmbH für Trockenfrüchte;Berckedorfer Bogen 27;21218;Seevetal;;;;
AQUATRADE Glinde;111964;LS74092;ja;16.01.2026;Estaline Philander;26046;MOIA (2);MOIA - Driver Lounge;Süderstraße 185/187;20537;Hamburg;;;;
Planegg;111966;LS74093;ja;19.01.2026;Carmen Berger;24429;Bürklin;Bürklin GmbH & Co. KG;Grünwalder Weg 30;82041;Oberhaching;;;;
AQUATRADE Bram;111965;LS74094;ja;19.01.2026;Estaline Philander;26525;De Villa GmbH;De Villa GmbH;Bahnhofstraße 10;22880;Wedel;;;;
Planegg;111967;LS74096;ja;14.01.2026;Estaline Philander;22187;Landesverband Bayer.Bauinnunge;Landesverband Bayerischer Bauinnungen;Kobellstraße 17;80336;München;;;;
Planegg;111969;LS74097;ja;21.01.2026;Carmen Berger;20255;rebike 1 GmbH;Rebike Mobility GmbH;Aidenbachstraße 54;81379;München;;;;
POSPRINT;109974;LS74098;ja;13.02.2026;Josefine Mättig;27099;Magistrat der Landeshauptstadt;Magistrat Linz - PTU;Hauptstraße 1-5;4041;Linz;;;;
Planegg;111970;LS74099;ja;21.01.2026;Estaline Philander;25521;Riek Steuerberatung;Riek Steuerberatung GmbH & Co.KG;Lipowskystraße 10;81373;München;;;;
Ines Rütz Appen;;LS74100;ja;22.01.2026;Andreas Pöppe;21258;Coffice;Max Solar GmbH;Friedensallee 120;22763;Hamburg;;;;
Planegg;110212;LS74101;ja;13.01.2026;Florian Gräf;20847;Schöttle Getränke-Service;Schöttle Getränke-Service GbR;Nagolder Str. 16;72221;Haiterbach;;;;
Planegg;108554;LS74102;ja;13.01.2026;Florian Gräf;20729;CJM Der Wassermann UG -ha;CJM Der Wassermann GmbH;Gronenfelder Weg 33;15234;Frankfurt;;;;
Planegg;111971;LS74103;ja;21.01.2026;Estaline Philander;22971;ROSSIGNOL SKI DEUTSCHLAND GMBH;ROSSIGNOL SKI DEUTSCHLAND GMBH;Zielstattstr. 11;81379;München;;;;
Dolphin, Bonstetten;;LS74104;ja;13.01.2026;Florian Gräf;20587;Getränke-Service Neumann;Getränke-Service Neumann;Siemensstraße 12;79108;Freiburg;;;;
Gänshirt-Aufmbruch;111974;LS74105;ja;16.01.2026;Estaline Philander;25967;Wasserverband Eifel-Rur;Wasserverband Eifel-Rur;Mühlenweg 10;52382;Niederzier;;;;
Planegg;111976;LS74106;ja;15.01.2026;Mihaela Abmayr;25451;Gesundheitsamt Darmstadt;Gesundheitsamt Darmstadt-Dieburg;Niersteiner Str. 3;64295;Darmstadt;;;;
Planegg;111977;LS74109;ja;13.01.2026;Josefine Mättig;10007;AVA - Dallmayr;Alois Dallmayr Automaten-Service GmbH;Waltgerstraße 51/53;36124;Eichenzell;;;;
Kyffhäuser;;LS74110;ja;15.01.2026;Florian Gräf;20668;Gastro Service Center e.K;Funkhaus Halle;Große Ulrichstraße 60;06108;Halle a.d. Saale;;;;
AQUATRADE Bram;110379;LS74111;ja;07.01.2026;Mihaela Abmayr;21204;MB Well Service;MB Well Services GmbH;Uttumer Str.;26736;Krummhörn;;;;
Blupura;111980;LS74112;ja;13.01.2026;Florian Gräf;10034;ewatec;ewatec e.K.;Am Angelehof 12;88316;Isny;;;;
Planegg;111979;LS74113;ja;13.01.2026;Josefine Mättig;27146;Bachert Unternehmensberatung;Bachert Unternehmensberatung GmbH & Co. KG;Calwer Straße 34;70713;Stuttgart;;;;
Emons;110020;LS74114;ja;13.01.2026;Florian Gräf;24890;Schultz;Schanktechnik Schultz;Hermann-Körner-Straße 46;21465;Reinbek;;;;
Planegg;111982;LS74115;ja;15.01.2026;Mihaela Abmayr;27147;Rattpack GmbH;Rattpack GmbH;Bürgermeister-Graf-Str. 9, DE 13084;89290;Buch;;;;
Emons;111984;LS74116;ja;13.01.2026;Florian Gräf;20587;Getränke-Service Neumann;Getränke-Service Neumann;Munzingerstraße 4;79189;Bad Krozingen;;;;
Planegg;111983;LS74117;ja;15.01.2026;Mihaela Abmayr;27148;Anja Öchsner;Anja Öchsner;Apostel-Paulus-Straße 40;10823;Berlin;;;;
Ines Rütz Appen;111986;LS74119;ja;21.01.2026;Florian Gräf;21583;Living Water GmbH;cronn GmbH;Sandtorkai 68;20457;Hamburg;;;;
aboutwater Frankfurt;111987;LS74120;ja;13.01.2026;Carmen Berger;27149;Wolfs Sportrevier;Wolfs Sportrevier;Jägerbuschstraße 1;63594;Hasselroth;;;;
Planegg;;LS74121;ja;13.01.2026;Christian Irrgang;22403;RSI Rauh;RSI GmbH;Allgäuer Str. 26;87787;Wolfertschwenden;;;;
aboutwater Frankfurt;111989;LS74122;ja;13.01.2026;Carmen Berger;25536;Gebr. Weis GmbH;Gebr. Weis GmbH;Böhmesweg 6;63839;Kleinwallstadt;;;;
Planegg;111991;LS74123;ja;13.01.2026;Florian Gräf;25000;aboutwater Hungary;aboutwater Zrt;Bárándi u 26-28;8000;SZÉKESFEHÉRVÁR;;;;
Emons;109846;LS74124;ja;13.01.2026;Florian Gräf;10034;ewatec;ewatec e.K.;Am Angelehof 12;88316;Isny;;;;
Planegg;109846;LS74125;ja;13.01.2026;Florian Gräf;10034;ewatec;ewatec e.K.;Am Angelehof 12;88316;Isny;;;;
Planegg;111994;LS74126;ja;20.01.2026;Josefine Mättig;24906;medocino Hamburg GmbH;medocino Hamburg GmbH;Wilma-Witte-Stieg 1;22047;Hamburg;;;;
Planegg;;LS74127;ja;13.01.2026;Rene Kühn;20772;Crystal Water;Crystal Water;Rosenheimer Str. 34;85635;Höhenkirchen;;;;
aboutwater Frankfurt;111996;LS74128;ja;14.01.2026;Carmen Berger;23956;Globus Logistik;GLOBUS Logistik GmbH & Co. KG;Globusallee;55411;Bingen;;;;
Planegg;;LS74129;ja;14.01.2026;Petra Gräf;22187;Landesverband Bayer.Bauinnunge;Landesverband Bayerischer Bauinnungen;Kobellstraße 17;80336;München;;;;
Planegg;;LS74130;ja;02.03.2026;Petra Gräf;25415;Gesundheits-Lounge Gerster;Gesundheits-Lounge Isabel Gerster;Ganghoferstr. 24;85716;Unterschleißheim;;;;
aboutwater Frankfurt;111997;LS74131;ja;14.01.2026;Estaline Philander;23338;Le Gastro;Deutsche Post AG;Flughafen Gebäude 190;60549;Frankfurt;;;;
aboutwater Frankfurt;112000;LS74132;ja;19.01.2026;Carmen Berger;27150;SV 1909 Hofheim;SV 1909 Hofheim;Zeilsheimerstr.57;65179;Hofheim;;;;
aboutwater Frankfurt;112002;LS74133;ja;22.01.2026;Estaline Philander;27096;LSU Schäberle;LSU Schäberle;Motorstraße 9;70499;Stuttgart;;;;
aboutwater Bünde;112003;LS74134;ja;29.01.2026;Logistik;25972;Kreisstadt Steinfurt;Städt. Gymnasium Borghorst;Herderstraße 6;48565;Steinfurt;;;;
aboutwater Bünde;112004;LS74135;ja;29.01.2026;Logistik;25972;Kreisstadt Steinfurt;Städt. Realschule Burgsteinfurt;Tecklenburger Straße 46;48565;Steinfurt;;;;
aboutwater Bünde;112005;LS74136;ja;29.01.2026;Logistik;25972;Kreisstadt Steinfurt;Graf-Ludwig-Schule;Königsberger Straße 1;48565;Steinfurt;;;;
aboutwater Bünde;112006;LS74137;ja;29.01.2026;Logistik;25972;Kreisstadt Steinfurt;Willibrordschule;Kreuzstiege 23;48565;Steinfurt;;;;
aboutwater Bünde;112007;LS74138;ja;26.01.2026;Logistik;25972;Kreisstadt Steinfurt;Regenbogenschule;Hangenkamp 11;48565;Steinfurt;;;;
aboutwater Bünde;112008;LS74139;ja;26.01.2026;Logistik;25972;Kreisstadt Steinfurt;Bismarckschule;Bismarckstr. 2;48565;Steinfurt;;;;
aboutwater Bünde;112009;LS74140;ja;26.01.2026;Logistik;25972;Kreisstadt Steinfurt;Marienschule;Nikomedesstraße 6;48565;Steinfurt;;;;
aboutwater Bünde;112010;LS74141;ja;26.01.2026;Logistik;25972;Kreisstadt Steinfurt;Schule am Bagno;Liedekerker Straße 64;48565;Steinfurt;;;;
aboutwater Bünde;112011;LS74142;ja;26.01.2026;Logistik;25972;Kreisstadt Steinfurt;Grundschule Dumte;Dumte 12;48565;Steinfurt;;;;
aboutwater Bünde;112012;LS74143;nein;14.01.2026;Logistik;25972;Kreisstadt Steinfurt;Realschule am Buchenberg;Emsdettener Str. 46;48565;Steinfurt;;;;
Kyffhäuser;112014;LS74144;ja;14.01.2026;Florian Gräf;20668;Gastro Service Center e.K;InterMed Praxiszentrum MVZ GmbH;Stieglitzstraße 87;04229;Leipzig;;;;
Planegg;112235;LS74145;ja;14.01.2026;Christian Irrgang;20191;Gleisner;Gleisner GmbH & Co.KG;Pegnitzstr. 13;91207;Lauf an der Pegnitz;;;;
VST Schörling;112015;LS74146;ja;18.02.2026;Logistik;20181;Schiller & Mayer GmbH & C;Schiller & Mayer GmbH & Co.KG;Rupert-Bodner-Straße 16;81245;München;;;;
VST Schörling;112017;LS74148;ja;16.02.2026;Logistik;20255;rebike 1 GmbH;Rebike Mobility GmbH;Aidenbachstraße 54;81379;München;;;;
STK Service;112018;LS74149;ja;12.03.2026;Logistik;20590;Orthopädiepraxis;Orthopädiepraxis;Volkhovener Weg 169;50767;Köln;;;;
VST Schörling;112019;LS74150;ja;27.03.2026;Logistik;20182;ASAM praevent GmbH;ASAM praevent GmbH;Holbeinstraße 7  / 1.OG;86150;Augsburg;;;;
VST Schörling;112020;LS74151;ja;18.03.2026;Logistik;20489;AXA Generalvertretung Ral;AXA Generalvertretung Ralf Kronast;Lochhamer Str. 2 A;82152;Planegg;;;;
Planegg;112021;LS74152;ja;01.02.2026;Logistik;20362;Emons Spedition GmbH;Emons Spedition GmbH & Co. KG;Lindberghstr. 6;85399;Hallbergmoos;;;;
Planegg;112022;LS74153;ja;30.01.2026;Logistik;20362;Emons Spedition GmbH;Emons Spedition GmbH & Co. KG;Lindberghstr. 6;85399;Hallbergmoos;;;;
VST Schörling;112023;LS74154;ja;16.02.2026;Logistik;20807;Medien.Bayern GmbH;Medien.Bayern GmbH;Balanstr. 73 / Haus 11;81541;München;;;;
VST Schörling;112024;LS74155;ja;16.02.2026;Logistik;20914;Kotra;KOTRA MÜNCHEN;Bürkleinstr.10;80538;München;;;;
VST Schörling;112025;LS74156;ja;12.02.2026;Logistik;20968;Goldbach;Goldvertise Media GmbH;Betastr. 10 H;85774;Unterföhring;;;;
Gengenbach;112026;LS74157;ja;19.02.2026;Logistik;21072;Nicotra;Nicotra Gebhardt GmbH;Gebhardtstraße 19-25;74638;Waldenburg;;;;
STK Service;112027;LS74158;ja;27.02.2026;Logistik;20912;GEODIS CL Germany GmbH;GEODIS CL Germany GmbH;Im Freihafen 6 b;47138;Duisburg;;;;
STK Service;112028;LS74159;ja;27.02.2026;Logistik;20912;GEODIS CL Germany GmbH;GEODIS CL Germany GmbH;Im Freihafen 14;47138;Duisburg;;;;
Gengenbach;112029;LS74160;ja;19.02.2026;Logistik;21072;Nicotra;Nicotra Gebhardt GmbH;Gebhardtstraße 19-25;74638;Waldenburg;;;;
Gengenbach;112030;LS74161;ja;19.02.2026;Logistik;21072;Nicotra;Nicotra Gebhardt GmbH;Gebhardtstraße 19-25;74638;Waldenburg;;;;
Gengenbach;112031;LS74162;ja;19.02.2026;Logistik;21072;Nicotra;Nicotra Gebhardt GmbH;Gebhardtstraße 19-25;74638;Waldenburg;;;;
Gengenbach;112032;LS74163;ja;19.02.2026;Logistik;21072;Nicotra;Nicotra Gebhardt GmbH;Gebhardtstraße 19-25;74638;Waldenburg;;;;
Planegg;112033;LS74164;nein;01.02.2026;Logistik;21435;Verwaltung Igling;Verwaltungsgemeinschaft Igling;Donnersbergstr. 1;86859;Igling;;;;
Berlin Wein König;112034;LS74165;nein;01.02.2026;Logistik;21544;NAREE Würzburger Str.;Naree;Würzburger Straße 4;10789;Berlin;;;;
AMW Auersperg;112035;LS74166;ja;13.02.2026;Logistik;21544;NAREE Würzburger Str.;Naree;Gerichtstr. 47;13347;Berlin;;;;
AMW Auersperg;112036;LS74167;nein;01.04.2026;Logistik;21544;NAREE Würzburger Str.;Naree;Zepernicker Straße 18a;16321;Bernau bei Berlin;;;;
Planegg;112037;LS74168;ja;30.01.2026;Logistik;21625;Emons logistik;Emons Logistik GmbH;Am Gfild 5;85375;Neufahrn;;;;
Planegg;112038;LS74169;ja;30.01.2026;Logistik;21625;Emons logistik;Emons Logistik GmbH;Lindberghstrasse 5;85399;Hallbergmoos;;;;
VST Schörling;112039;LS74170;ja;27.02.2026;Logistik;21698;Mr. Lodge Brüning;Mr. Lodge GmbH, Wohnen auf Zeit;Barer Straße 32;80333;München;;;;
AMW Auersperg;112040;LS74171;ja;20.01.2026;Logistik;21845;Hong Kong Economic;Hong Kong Economic and Trade Office;Jägerstrasse 33  / 1.OG;10117;Berlin;;;;
AMW Auersperg;112041;LS74172;ja;20.01.2026;Logistik;21845;Hong Kong Economic;Hong Kong Economic and Trade Office;Jägerstrasse 33;10117;Berlin;;;;
AMW Auersperg;112042;LS74173;ja;20.01.2026;Logistik;21845;Hong Kong Economic;Hong Kong Economic and Trade Office;Jägerstrasse 33  / 3.OG;10117;Berlin;;;;
Planegg;112043;LS74174;nein;01.02.2026;Logistik;21993;Scanlab;Scanlab GmbH;Siemensstraße 2 A;82178;Puchheim;;;;
Planegg;112044;LS74175;nein;01.02.2026;Logistik;21993;Scanlab;Scanlab GmbH;Siemensstraße 2 A;82178;Puchheim;;;;
Planegg;112045;LS74176;nein;01.02.2026;Logistik;21993;Scanlab;Scanlab GmbH;Siemensstraße 2 A;82178;Puchheim;;;;
Planegg;112046;LS74177;nein;01.02.2026;Logistik;21993;Scanlab;Scanlab GmbH;Siemensstraße 2 A;82178;Puchheim;;;;
Planegg;112047;LS74178;nein;01.02.2026;Logistik;21993;Scanlab;Scanlab GmbH;Siemensstraße 2 A;82178;Puchheim;;;;
Planegg;112048;LS74179;nein;01.02.2026;Logistik;21993;Scanlab;Scanlab GmbH;Siemensstraße 2 A;82178;Puchheim;;;;
Planegg;112049;LS74180;nein;01.02.2026;Logistik;21993;Scanlab;Scanlab GmbH;Siemensstraße 2 A;82178;Puchheim;;;;
Planegg;112050;LS74181;nein;01.02.2026;Logistik;21993;Scanlab;Scanlab GmbH;Siemensstraße 2 A;82178;Puchheim;;;;
AMW Auersperg;112051;LS74182;ja;21.01.2026;Logistik;22043;BTZ Berlin der FAW;BTZ Berlin der FAW - Berufliches Trainingsz.;Schwedenstr. 6;13559;Berlin;;;;
Planegg;112052;LS74183;ja;23.03.2026;Logistik;22064;Autohaus Diermeier GmbH;Autohaus Diermeier GmbH;Pasteurstraße 5;80999;München-Allach;;;;
AMW Auersperg;112053;LS74184;ja;06.03.2026;Logistik;22067;Hach Lange GmbH;Hach Lange GmbH;Königsweg 10;14163;Berlin;;;;
AMW Auersperg;112054;LS74185;ja;06.03.2026;Logistik;22067;Hach Lange GmbH;Hach Lange GmbH;Königsweg 10;14163;Berlin;;;;
Planegg;112055;LS74186;nein;01.02.2026;Logistik;22133;IMZ;IMZ GmbH;Grosjeanstraße 2;81925;München;;;;
Berlin Wein König;112056;LS74187;nein;01.02.2026;Logistik;21144;Knotel;Knotel Berlin I GmbH;Nürnberger Str. 8 / 3.OG;10787;Berlin;;;;
VST Schörling;112057;LS74188;ja;11.02.2026;Logistik;22180;Melis Backshop;Melis Backshop;Sankt Cäcilia Straße 5;82110;Germering;;;;
Berlin Wein König;112059;LS74190;nein;01.02.2026;Logistik;21352;Setting;Setting HQ GmbH;Chorinerstr. 72;10119;Berlin;;;;
Planegg;112060;LS74191;ja;05.03.2026;Logistik;22412;ASM Logistics GmbH;ASMPT Logistics GmbH;Galileostr. 2;82131;Gauting;;;;
VST Schörling;112061;LS74192;ja;16.02.2026;Logistik;22446;Vesotec;Vesotec Ingenieurgesellschaft mbH;Oskar-Schlemmer-Str. 11;80807;München;;;;
STK Service;112062;LS74193;ja;25.02.2026;Logistik;22344;Ministerium Kinder, Familie Dü;Ministerium für Kinder, Familie,;Völklinger Str. 4;40219;Düsseldorf;;;;
STK Service;112063;LS74194;ja;25.02.2026;Logistik;22344;Ministerium Kinder, Familie Dü;Ministerium für Kinder, Familie,;Völklinger Str. 4;40219;Düsseldorf;;;;
STK Service;112064;LS74195;ja;25.02.2026;Logistik;22344;Ministerium Kinder, Familie Dü;Ministerium für Kinder, Familie,;Völklinger Str. 4;40219;Düsseldorf;;;;
STK Service;112065;LS74196;ja;25.02.2026;Logistik;22344;Ministerium Kinder, Familie Dü;Ministerium für Kinder, Familie,;Völklinger Str. 4;40219;Düsseldorf;;;;
STK Service;112066;LS74197;ja;25.02.2026;Logistik;22344;Ministerium Kinder, Familie Dü;Ministerium für Kinder, Familie,;Völklinger Str. 4;40219;Düsseldorf;;;;
STK Service;112067;LS74198;ja;25.02.2026;Logistik;22344;Ministerium Kinder, Familie Dü;Ministerium für Kinder, Familie,;Völklinger Str. 4;40219;Düsseldorf;;;;
STK Service;112068;LS74199;ja;25.02.2026;Logistik;22344;Ministerium Kinder, Familie Dü;Ministerium für Kinder, Familie,;Völklinger Str. 4;40219;Düsseldorf;;;;
STK Service;112069;LS74200;ja;25.02.2026;Logistik;22344;Ministerium Kinder, Familie Dü;Ministerium für Kinder, Familie,;Völklinger Str. 4;40219;Düsseldorf;;;;
STK Service;112070;LS74201;ja;25.02.2026;Logistik;22344;Ministerium Kinder, Familie Dü;Ministerium für Kinder, Familie,;Völklinger Str. 4;40219;Düsseldorf;;;;
STK Service;112071;LS74202;ja;25.02.2026;Logistik;22344;Ministerium Kinder, Familie Dü;Ministerium für Kinder, Familie,;Völklinger Str. 4;40219;Düsseldorf;;;;
STK Service;112072;LS74203;ja;25.02.2026;Logistik;22344;Ministerium Kinder, Familie Dü;Ministerium für Kinder, Familie,;Völklinger Str. 4;40219;Düsseldorf;;;;
VST Schörling;112073;LS74204;ja;16.02.2026;Logistik;22447;Vereinigung der Pflegenden Bay;Vereinigung der Pflegenden in Bayern (KöR);Prinzregentenstraße 24  / 4.OG;80538;München;;;;
AMW Auersperg;112074;LS74205;ja;23.03.2026;Logistik;21981;Landhotel Rittmeister;Rittmeister-Hotel GmbH;Biestower Damm 1;18059;Rostock;;;;
AMW Auersperg;112075;LS74206;ja;20.02.2026;Logistik;22197;Trippen A.Spieth, M.Oehler Gmb;Trippen A.Spieth, M.Oehler GmbH;Industriestr. 8;16792;Zehdenick;;;;
Planegg;112076;LS74207;ja;03.02.2026;Logistik;22510;Augenzentrum Nymphenburger;Augenzentrum Nymphenburger Höfe München;Nymphenburger Str. 4;80335;München;;;;
Planegg;112077;LS74208;ja;03.02.2026;Logistik;22510;Augenzentrum Nymphenburger;Augenzentrum Nymphenburger Höfe München;Nymphenburger Str. 4;80335;München;;;;
VST Schörling;112078;LS74209;ja;20.03.2026;Logistik;22560;MarServices GmbH;MarServices® GmbH;Inkofener Str. 32;85410;Haag a.d. Amper;;;;
Planegg;112079;LS74210;nein;01.02.2026;Logistik;22549;Remberg GmbH;remberg GmbH;Schillerstr. 23a;80803;München;;;;
STK Service;112080;LS74211;ja;25.02.2026;Logistik;22643;WR Certification GmbH;WR Certification GmbH;Hansaallee 247 b  /4.OG;40549;Düsseldorf;;;;
VST Schörling;112081;LS74212;ja;09.02.2026;Logistik;22511;Qwello;Qwello GmbH;Gisela-Stein-Straße 20-21;81671;München;;;;
AMW Auersperg;112082;LS74213;ja;21.01.2026;Logistik;22671;International Motivation Train;International Motivation Training Deutschland;Warschauer Str. 65;10243;Berlin;;;;
Ines Rütz Appen;112083;LS74214;ja;31.03.2026;Logistik;22741;Turner & Townsend;Turner & Townsend GmbH;Stubbenhuk 7;20459;Hamburg;;;;
Ines Rütz Appen;112084;LS74215;ja;23.03.2026;Logistik;22559;Zentrum für Personaldienste;Zentrum für Personaldienste;Normannenweg 36;20537;Hamburg;;;;
aboutwater Frankfurt;112085;LS74216;ja;01.02.2026;Logistik;22578;Freddie´s Flowers DE;Freddie´s Flowers DE GmbH;Seligenstädter Str. 53;63791;Karlstein;;;;
aboutwater Frankfurt;112086;LS74217;ja;01.02.2026;Logistik;22578;Freddie´s Flowers DE;Freddie´s Flowers DE GmbH;Seligenstädter Str. 53;63791;Karlstein;;;;
VST Schörling;112087;LS74218;ja;12.02.2026;Logistik;22478;Agentur für Arbeit Dachau;Agentur für Arbeit Freising;Münchner Str. 61 A  / 1.OG;85221;Dachau;;;;
VST Schörling;112088;LS74219;ja;26.02.2026;Logistik;22477;Agentur für Arbeit Ebersberg;Agentur für Arbeit Freising;Kolpingstr. 1  / 1.OG, Raum 013;85560;Ebersberg;;;;
Planegg;112089;LS74220;nein;01.02.2026;Logistik;22476;Agentur für Arbeit Freising;Agentur für Arbeit Freising;Parkstr. 11  / 1.UG, Raum K03;85356;Freising;;;;
AQUATRADE Glinde;112090;LS74221;ja;19.01.2026;Logistik;22925;GMA;GMA-Werkstoffprüfung GmbH;Julius Leber Weg 24;21684;Stade;;;;
Planegg;112091;LS74222;nein;01.02.2026;Logistik;23182;Agile Robots AG;Agile Robots SE;Staffelseestr. 8;81477;München;;;;
Planegg;112092;LS74223;nein;01.02.2026;Logistik;23182;Agile Robots AG;Agile Robots SE;Staffelseestr. 8;81477;München;;;;
Planegg;112093;LS74224;nein;01.02.2026;Logistik;23182;Agile Robots AG;Agile Robots AG;Staffelseestr. 8;81477;München;;;;
Planegg;112094;LS74225;nein;01.02.2026;Logistik;23234;Häusler NL Harlaching;HÄUSLER Automobil GmbH & Co. KG;Grünwalderstr. 31;81547;München;;;;
Planegg;112095;LS74226;nein;01.02.2026;Logistik;23273;Gynäkologie am Goetheplatz;Gynäkologie am Goetheplatz;Ringseisstraße 9;80337;München;;;;
AMW Auersperg;112096;LS74227;ja;19.02.2026;Logistik;22964;TBS Brandschutzanlagen GmbH;Firian Brandschutzanlagen GmbH;Mielestraße 2;14542;Werder (Havel);;;;
AMW Auersperg;112097;LS74228;ja;21.01.2026;Logistik;23216;GetMomo;GetMomo Financial GmbH;Oranienstraße 6 / Hinterhaus, 1 . OG;10997;Berlin;;;;
Berlin Wein König;112098;LS74229;nein;01.02.2026;Logistik;23096;MAAS-Berlin;MAAS-Berlin Rettungsdienst-Akademie;Janusz Korczak Straße 31;12627;Berlin;;;;
Planegg;112099;LS74230;nein;01.02.2026;Logistik;21698;Mr. Lodge Brüning;Mr. Lodge GmbH;Türkenstr. 11 /  1.OG;80333;München;;;;
Nothhelfer/Ulm+50km;112100;LS74231;ja;16.02.2026;Logistik;22285;Night Star;Night Star Express Honold GmbH;Leibnitz Straße 24;89231;Neu-Ulm;;;;
Planegg;112101;LS74232;ja;25.02.2026;Logistik;23184;Dr.Rettler Service GmbH;Dr.Rettler Service GmbH;Gmunder Straße 53;81379;München;;;;
Planegg;112102;LS74233;ja;25.02.2026;Logistik;23184;Dr.Rettler Service GmbH;Dr.Rettler Service GmbH;Gmunder Straße 53;81379;München;;;;
Planegg;112103;LS74234;ja;25.02.2026;Logistik;23184;Dr.Rettler Service GmbH;Dr.Rettler Service GmbH;Gmunder Straße 53;81379;München;;;;
Planegg;112104;LS74235;ja;30.01.2026;Logistik;23315;Pera Coiffeur;Pera Coiffeur;Bahnhofstrße 18 b;85375;Neufahrn;;;;
aboutwater Bünde;112105;LS74236;ja;20.01.2026;Logistik;23231;Böhmer;Hans Willi Böhmer;Oerzer Str. 14;21394;Südergellersen;;;;
GWA;112106;LS74237;ja;20.03.2026;Logistik;23231;Böhmer;Hans Willi Böhmer;Siedlung 8a;38828;Adersleben;;;;
Kyffhäuser;112107;LS74238;ja;04.02.2026;Logistik;23287;Dresdener Mühle;Dresdener Mühle GmbH;Waltherstraße 2;01067;Dresden;;;;
Gänshirt-Aufmbruch;112108;LS74239;ja;26.01.2026;Logistik;23338;Le Gastro;Deutsche Post AG;Hanns-Martin-Schleyer-Straße 19a;47877;Willich;;;;
Kyffhäuser;112109;LS74240;ja;23.02.2026;Logistik;23338;Le Gastro;Deutsche Post AG;Carl-Miele-Straße 1;99334;Ichtershausen-Thörey;;;;
Kyffhäuser;112110;LS74241;ja;23.02.2026;Logistik;23338;Le Gastro;Deutsche Post AG;Bei den Froschäckern 4;99098;Erfurt;;;;
Kyffhäuser;112111;LS74242;ja;23.02.2026;Logistik;23338;Le Gastro;Deutsche Post AG;Sommerbergstr. 16;98527;Suhl;;;;
Gänshirt-Aufmbruch;112112;LS74243;ja;26.01.2026;Logistik;23338;Le Gastro;Deutsche Post AG;Anrather Str. 660;47804;Krefeld;;;;
Gänshirt-Aufmbruch;112113;LS74244;ja;19.02.2026;Logistik;23338;Le Gastro;Deutsche Post AG;Dr.-Alfred-Herrhausen-Allee 40;47228;Duisburg;;;;
Gänshirt-Aufmbruch;112114;LS74245;ja;19.02.2026;Logistik;23338;Le Gastro;Deutsche Post AG;Dr.-Alfred-Herrhausen-Allee 40;47228;Duisburg;;;;
Gänshirt-Aufmbruch;112115;LS74246;ja;26.01.2026;Logistik;23338;Le Gastro;Deutsche Post AG;Heinrich-Hertz-Str. 40;47445;Moers;;;;
Gänshirt-Aufmbruch;112116;LS74247;ja;19.02.2026;Logistik;23338;Le Gastro;Deutsche Post AG / Abt. 36 + ZB;Lünsingskuhle 70;46282;Dorsten;;;;
Gänshirt-Aufmbruch;112117;LS74248;ja;19.02.2026;Logistik;23338;Le Gastro;Deutsche Post AG;Baumstraße 39-41;47198;Duisburg;;;;
Gänshirt-Aufmbruch;112118;LS74249;ja;19.02.2026;Logistik;23338;Le Gastro;Deutsche Post AG;Daniel-Eckhardt-Str. 7;45356;Essen;;;;
Hess;112119;LS74250;ja;12.02.2026;Logistik;23338;Le Gastro;Deutsche Post AG;Buschmühlenstr. 40;58093;Hagen;;;;
Hess;112120;LS74251;ja;27.01.2026;Logistik;23338;Le Gastro;Deutsche Post AG;Runtestr. 21;59457;Werl;;;;
Gänshirt-Aufmbruch;112121;LS74252;ja;09.02.2026;Logistik;23338;Le Gastro;Deutsche Post AG;Lanterstr. 20;46539;Dinslaken;;;;
Kyffhäuser;112122;LS74253;ja;10.02.2026;Logistik;23338;Le Gastro;Deutsche Post;Im Rotte 2 / Raum 324;34355;Staufenberg;;;;
Gänshirt-Aufmbruch;112124;LS74255;ja;19.02.2026;Logistik;23338;Le Gastro;Deutsche Post AG;Dr.-Alfred-Herrhausen-Allee 40;47228;Duisburg;;;;
VST Schörling;112125;LS74256;ja;10.03.2026;Logistik;23338;Le Gastro;Deutsche Post AG;Siemensstr. 12 A;85716;Unterschleißheim;;;;
AMW Auersperg;112126;LS74257;ja;23.03.2026;Logistik;23338;Le Gastro;Deutsche Post AG;Ahornring 6;18184;Roggentin;;;;
VST Schörling;112127;LS74258;ja;24.02.2026;Logistik;23338;Le Gastro;Deutsche Post AG;Dr.-Schmitt-Str. 9;85737;Ismaning;;;;
VST Schörling;112128;LS74259;ja;24.02.2026;Logistik;23338;Le Gastro;Deutsche Post AG;Freisinger Allee 6;85356;München - Flughafen;;;;
VST Schörling;112129;LS74260;ja;24.02.2026;Logistik;23338;Le Gastro;Deutsche Post AG;Freisinger Allee 6;85356;München - Flughafen;;;;
VST Schörling;112130;LS74261;ja;24.02.2026;Logistik;23338;Le Gastro;Deutsche Post AG;Freisinger Allee 6;85356;München - Flughafen;;;;
VST Schörling;112131;LS74262;ja;04.03.2026;Logistik;23338;Le Gastro;Deutsche Post AG;Eichendorffstraße 28-30;85609;Aschheim;;;;
AMW Auersperg;112132;LS74263;ja;24.03.2026;Logistik;23338;Le Gastro;Deutsche Post AG;Bürgerseeweg 27;17235;Neustrelitz;;;;
Gänshirt-Aufmbruch;112133;LS74264;nein;01.04.2026;Logistik;23338;Le Gastro;Deutsche Post AG;Warmbreitbandstr. 4;44145;Dortmund;;;;
VST Plep;112134;LS74265;ja;11.02.2026;Logistik;23338;Le Gastro;Deutsche Post AG;Kleyerstr. 11;64295;Darmstadt;;;;
VST Plep;112135;LS74266;ja;11.02.2026;Logistik;23338;Le Gastro;Deutsche Post AG;Kleyerstr. 11;64295;Darmstadt;;;;
VST Plep;112136;LS74267;ja;11.02.2026;Logistik;23338;Le Gastro;Deutsche Post AG;Deutsche-Telekom-Allee 7;64295;Darmstadt;;;;
VST Plep;112137;LS74268;ja;11.02.2026;Logistik;23338;Le Gastro;Deutsche Post AG;Deutsche-Telekom-Allee 7;64295;Darmstadt;;;;
VST Plep;112138;LS74269;ja;11.02.2026;Logistik;23338;Le Gastro;Deutsche Post AG;Deutsche-Telekom-Allee 7;64295;Darmstadt;;;;
VST Plep;112139;LS74270;ja;11.02.2026;Logistik;23338;Le Gastro;Deutsche Post AG;Deutsche-Telekom-Allee 7;64295;Darmstadt;;;;
VST Plep;112140;LS74271;ja;11.02.2026;Logistik;23338;Le Gastro;Deutsche Post AG;Deutsche-Telekom-Allee 7;64295;Darmstadt;;;;
VST Plep;112141;LS74272;ja;11.02.2026;Logistik;23338;Le Gastro;Deutsche Post AG;Deutsche-Telekom-Allee 7;64295;Darmstadt;;;;
VST Plep;112142;LS74273;ja;11.02.2026;Logistik;23338;Le Gastro;Deutsche Post AG;Deutsche-Telekom-Allee 7;64295;Darmstadt;;;;
VST Plep;112143;LS74274;ja;11.02.2026;Logistik;23338;Le Gastro;Deutsche Post AG;Deutsche-Telekom-Allee 7;64295;Darmstadt;;;;
VST Plep;112144;LS74275;ja;12.02.2026;Logistik;23338;Le Gastro;Deutsche Post AG;Deutsche-Telekom-Allee 7;64295;Darmstadt;;;;
VST Plep;112145;LS74276;ja;12.02.2026;Logistik;23338;Le Gastro;Deutsche Post AG;Deutsche-Telekom-Allee 7;64295;Darmstadt;;;;
VST Plep;112146;LS74277;ja;11.02.2026;Logistik;23338;Le Gastro;Deutsche Post AG;Deutsche-Telekom-Allee 7;64295;Darmstadt;;;;
VST Schörling;112147;LS74278;ja;23.02.2026;Logistik;21698;Mr. Lodge Brüning;Mr. Lodge GmbH;Prinz-Ludwig-Str. 7;80333;München;;;;
VST Schörling;112148;LS74279;ja;23.02.2026;Logistik;21698;Mr. Lodge Brüning;Mr. Lodge GmbH;Prinz-Ludwig-Str. 7;80333;München;;;;
VST Schörling;112149;LS74280;ja;23.02.2026;Logistik;21698;Mr. Lodge Brüning;Mr. Lodge GmbH;Prinz-Ludwig-Str. 7;80333;München;;;;
Gänshirt-Aufmbruch;112150;LS74281;ja;18.02.2026;Logistik;23326;Thamm;Thamm GmbH;Gorch-Fock-Straße 2;53229;Bonn;;;;
Planegg;112151;LS74282;ja;09.02.2026;Logistik;23304;Formula GT GmbH;Formula GT GmbH;Olschewskibogen 5;80935;München;;;;
Planegg;112152;LS74283;ja;09.02.2026;Logistik;23304;Formula GT GmbH;Formula GT GmbH;Olschewskibogen 5;80935;München;;;;
Planegg;112153;LS74284;ja;31.03.2026;Logistik;23356;edgeconnex;Edgeconnex GmbH;Landsberger Str. 155 (Haus 4);80687;München;;;;
VST Schörling;112154;LS74285;nein;01.02.2026;Logistik;23357;Agentur für Arbeit Donauwörth;Agentur für Arbeit Illertissen;Gustav-Stresemann-Str. 1 a;89257;Illertissen;;;;
Planegg;112155;LS74286;ja;19.03.2026;Logistik;23348;GfA A.d.ö.R. Abfallwirtschaft;GfA A.d.ö.R.;Josef-Kistler-Weg 22;82140;Olching;;;;
Planegg;112156;LS74287;ja;19.03.2026;Logistik;23348;GfA A.d.ö.R. Abfallwirtschaft;GfA A.d.ö.R.;Josef-Kistler-Weg 22;82140;Olching;;;;
Planegg;112157;LS74288;ja;19.03.2026;Logistik;23348;GfA A.d.ö.R. Abfallwirtschaft;GfA A.d.ö.R.;Josef-Kistler-Weg 22;82140;Olching;;;;
Planegg;112158;LS74289;ja;19.03.2026;Logistik;23348;GfA A.d.ö.R. Abfallwirtschaft;GfA A.d.ö.R.;Josef-Kistler-Weg 22;82140;Olching;;;;
Planegg;112159;LS74290;ja;19.03.2026;Logistik;23348;GfA A.d.ö.R. Abfallwirtschaft;GfA A.d.ö.R.;Josef-Kistler-Weg 22;82140;Olching;;;;
Planegg;112160;LS74291;ja;19.03.2026;Logistik;23348;GfA A.d.ö.R. Abfallwirtschaft;GfA A.d.ö.R.;Josef-Kistler-Weg 22;82140;Olching;;;;
aboutwater Bünde;112161;LS74292;ja;20.01.2026;Logistik;23233;Lünekartoffel (Böhmer);Lünekartoffel-Vertrieb GmbH & Co.KG;Oerzer Str. 14;21394;Südergellersen;;;;
Ines Rütz Appen;112162;LS74293;ja;18.03.2026;Logistik;23162;Teppana Produktion GmbH;Teppana Produktion GmbH;Obenhauptstraße 4;22335;Hamburg;;;;
Berlin Wein König;112163;LS74294;nein;01.02.2026;Logistik;21352;Setting;Setting HQ GmbH;Schönhauser Allee 180;10119;Berlin;;;;
Berlin Wein König;112164;LS74295;nein;01.02.2026;Logistik;21352;Setting;Setting HQ GmbH;Schönhauser Allee 180;10119;Berlin;;;;
Berlin Wein König;112165;LS74296;nein;01.02.2026;Logistik;21352;Setting;Setting HQ GmbH;Schönhauser Allee 180;10119;Berlin;;;;
Berlin Wein König;112166;LS74297;nein;01.02.2026;Logistik;21352;Setting;Setting HQ GmbH;Schönhauser Allee 180;10119;Berlin;;;;
VST Schörling;112167;LS74298;ja;27.02.2026;Logistik;23352;smart RoKa GmbH;smartvillage M-Bogenhausen GmbH;Rosenkavalierplatz 13;81925;München;;;;
VST Schörling;112168;LS74299;ja;27.02.2026;Logistik;23352;smart RoKa GmbH;smartvillage M-Bogenhausen GmbH;Rosenkavalierplatz 13;81925;München;;;;
VST Schörling;112169;LS74300;ja;27.02.2026;Logistik;23352;smart RoKa GmbH;smartvillage M-Bogenhausen GmbH;Rosenkavalierplatz 13;81925;München;;;;
VST Schörling;112170;LS74301;ja;27.02.2026;Logistik;23352;smart RoKa GmbH;smartvillage M-Bogenhausen GmbH;Rosenkavalierplatz 13;81925;München;;;;
VST Schörling;112171;LS74302;ja;27.02.2026;Logistik;23352;smart RoKa GmbH;smartvillage M-Bogenhausen GmbH;Rosenkavalierplatz 13;81925;München;;;;
VST Schörling;112172;LS74303;ja;27.02.2026;Logistik;23352;smart RoKa GmbH;smartvillage M-Bogenhausen GmbH;Rosenkavalierplatz 13;81925;München;;;;
aboutwater Bünde;112173;LS74304;ja;22.01.2026;Logistik;22352;CISPA - Helmholtz-Zentrum;CISPA Helmholtz-Zentrum;Lange Laube 6  / 3.OG;30159;Hannover;;;;
AMW Auersperg;112174;LS74305;ja;20.01.2026;Logistik;23673;alphamed;alphamed Sanitätshaus und;Axel-Springer-Passage, Markgrafenstr. 19a;10969;Berlin;;;;
AMW Auersperg;112175;LS74306;ja;19.02.2026;Logistik;23673;alphamed;alphamed Sanitätshaus und;Gatower Str. 241;14089;Berlin;;;;
AMW Auersperg;112176;LS74307;ja;21.01.2026;Logistik;23673;alphamed;alphamed Sanitätshaus und;Wilhelmsruher Damm 231 - 245;13435;Berlin;;;;
AMW Auersperg;112177;LS74308;ja;19.02.2026;Logistik;23673;alphamed;alphamed Sanitätshaus und;Drakestr. 33;12205;Berlin;;;;
aboutwater Bünde;112178;LS74309;ja;24.03.2026;Logistik;22727;Bolt Services DE GmbH;Bolt Services DE GmbH;Lilienthalstrasse 5;34123;Kassel;;;;
Gänshirt-Aufmbruch;112179;LS74310;ja;26.01.2026;Logistik;23814;Stadt Würselen;Stadt Würselen;Lindenplatz 24,  1.OG;52146;Würselen;;;;
Gänshirt-Aufmbruch;112180;LS74311;ja;01.03.2026;Logistik;23814;Stadt Würselen;Stadt Würselen;Pützbenden 1;52146;Würselen;;;;
Gänshirt-Aufmbruch;112181;LS74312;ja;01.03.2026;Logistik;23814;Stadt Würselen;Stadt Würselen;Sebastianus-/Tittelsstrasse;52146;Würselen;;;;
Gänshirt-Aufmbruch;112182;LS74313;ja;01.03.2026;Logistik;23814;Stadt Würselen;Stadt Würselen;Industriestraße 17;52146;Würselen;;;;
Ines Rütz Appen;112183;LS74314;ja;02.02.2026;Logistik;23577;Dataport;Dataport Hanse Center (DHC);Wikingerweg 1;20537;Hamburg;;;;
Ines Rütz Appen;112184;LS74315;ja;26.01.2026;Logistik;23577;Dataport;Dataport Hanse Center (DHC);Wikingerweg 1;20537;Hamburg;;;;
VST Schörling;112186;LS74317;ja;24.03.2026;Logistik;20749;Anouk Collection;Anouk Collection;Münchner Straße 8;83067;Holzkirchen;;;;
Gänshirt-Aufmbruch;112187;LS74318;ja;05.02.2026;Logistik;23963;Giorgio Armani Köln;Armani Exchange Koeln City;Schildergasse 72-76;50667;Köln;;;;
AMW Auersperg;112188;LS74319;ja;22.01.2026;Logistik;23750;Oberlin Service GmbH;Oberlin Service GmbH;Rudolf-Breitscheid-Straße 24;14482;Potsdam;;;;
AMW Auersperg;112189;LS74320;ja;22.01.2026;Logistik;23750;Oberlin Service GmbH;Oberlin Service GmbH;Rudolf-Breitscheid-Straße 24;14482;Potsdam;;;;
AMW Auersperg;112190;LS74321;ja;22.01.2026;Logistik;23750;Oberlin Service GmbH;Oberlin Service GmbH;Rudolf-Breitscheid-Straße 24;14482;Potsdam;;;;
Planegg;112191;LS74322;nein;01.02.2026;Logistik;23635;Zahnarztpraxis Dr.Tandogan;Zahnarztpraxis Dr.Tandogan;Zweibrückenstraße 6;80331;München;;;;
VST Plep;112192;LS74323;ja;16.01.2026;Logistik;22395;Kreisverwaltung Mainz-Bingen;Realschule Nierstein;Bildstockstr. 19;55283;Nierstein;;;;
aboutwater Frankfurt;112193;LS74324;ja;01.02.2026;Logistik;23961;BBC Cellpack;BBC Cellpack Packaging Langgöns GmbH;Perchstetten 2;35428;Langgöns;;;;
VST Plep;112194;LS74325;ja;16.01.2026;Logistik;23970;Ebury;Ebury Partners Belgium SA/NV;Thurn-und-Taxis-Platz 6;60313;Frankfurt am Main;;;;
STK Service;112195;LS74326;ja;26.02.2026;Logistik;23989;Stadt Lüdinghausen;Städtischer Baubetriebshof;Werner-von-Siemens-Str. 9;59348;Lüdinghausen;;;;
VST Schörling;112196;LS74327;ja;04.02.2026;Logistik;21767;Motius;eigenblue GmbH;Walter-Gropius-Str. 17;80807;München;;;;
VST Schörling;112197;LS74328;ja;04.02.2026;Logistik;21767;Motius;eigenblue GmbH;Walter-Gropius-Str. 17;80807;München;;;;
VST Schörling;112198;LS74329;ja;18.02.2026;Logistik;23936;UBS Europe SE;UBS Europe SE;Europaplatz 1;81675;München;;;;
VST Schörling;112199;LS74330;ja;18.02.2026;Logistik;23936;UBS Europe SE;UBS Europe SE;Europaplatz 1;81675;München;;;;
VST Schörling;112200;LS74331;ja;18.02.2026;Logistik;23936;UBS Europe SE;UBS Europe SE;Europaplatz 1;81675;München;;;;
VST Schörling;112201;LS74332;ja;18.02.2026;Logistik;23936;UBS Europe SE;UBS Europe SE;Europaplatz 1;81675;München;;;;
aboutwater Frankfurt;112202;LS74333;ja;01.02.2026;Logistik;23640;Rühl Puromer GmbH;RÜHL PUROMER GmbH;Hugenottenstr. 105;61381;Friedrichsdorf;;;;
Planegg;112203;LS74334;ja;29.01.2026;Logistik;24011;Briegeldental;BRIEGELDENTAL;Rudolf-Diesel-Ring 12;82054;Sauerlach;;;;
STK Service;112204;LS74335;ja;27.02.2026;Logistik;23912;Rocket Search GmbH;Rocket Search GmbH;Huyssenallee 68;45128;Essen;;;;
STK Service;112205;LS74336;ja;17.03.2026;Logistik;23991;SkinWorks;SkinWorks;Händelstrasse 2-4;50674;Köln;;;;
AQUATRADE Glinde;112206;LS74337;ja;11.03.2026;Logistik;24000;Fun Center;Fun Center Husum GmbH & Co.KG;Ostenfelder Straße 64;25813;Husum;;;;
Gänshirt-Aufmbruch;112207;LS74338;ja;04.02.2026;Logistik;24072;Kitas Stadt Würselen;Städt. Familienzentrums Lebens-Spiel-Raum;Gerhart-Hauptmann-Str. 22;52146;Würselen;;;;
Gänshirt-Aufmbruch;112208;LS74339;ja;04.02.2026;Logistik;24072;Kitas Stadt Würselen;Städt. Kindertageseinrichtung In der Dell;In der Dell 8;52146;Würselen;;;;
Gänshirt-Aufmbruch;112209;LS74340;ja;04.02.2026;Logistik;24072;Kitas Stadt Würselen;Städt. Kindertageseinrichtung Lessingstraße;Lessingstr. 44;52146;Würselen;;;;
AMW Auersperg;112210;LS74341;ja;21.01.2026;Logistik;24105;Hive;Hive Technologies GmbH HQ;Karl-Liebknecht-Straße 14;10178;Berlin;;;;
AMW Auersperg;112212;LS74343;ja;03.02.2026;Logistik;24074;DRK Brandenburg;DRK Kreisverband Brandenburg e.V.;Grüne Aue 6;14776;Brandenburg an der Havel;;;;
AMW Auersperg;112213;LS74344;ja;03.02.2026;Logistik;24074;DRK Brandenburg;Kindertagesstätte "Kleine Strolche";Nicolaiplatz 27;14770;Brandenburg;;;;
AMW Auersperg;112214;LS74345;ja;12.02.2026;Logistik;24074;DRK Brandenburg;Kindertagesstätte "Montessori-Haus";Magdeburger Landstr. 1-3;14770;Brandenburg;;;;
AMW Auersperg;112215;LS74346;ja;03.02.2026;Logistik;24074;DRK Brandenburg;Kindertagesstätte "Pfützenhüpfer";Rietzer Str. 8a;14776;Brandenburg;;;;
AMW Auersperg;112216;LS74347;ja;12.02.2026;Logistik;24074;DRK Brandenburg;Kindertagesstätte "Sunnykids";Magdeburger Landstr. 1-3;14770;Brandenburg;;;;
AMW Auersperg;112217;LS74348;ja;12.02.2026;Logistik;24074;DRK Brandenburg;Kindertagesstätte "Wasserhüpfer";Magdeburger Landstr. 1-3;14770;Brandenburg;;;;
AMW Auersperg;112218;LS74349;ja;12.02.2026;Logistik;24074;DRK Brandenburg;Kindertagesstätte "Wirbelwind";Magdeburger Landstr. 1-3;14770;Brandenburg;;;;
AMW Auersperg;112219;LS74350;ja;12.02.2026;Logistik;24074;DRK Brandenburg;Kindertagesstätte "Zwergenhaus";Magdeburger Landstr. 1-3;14770;Brandenburg;;;;
AMW Auersperg;112220;LS74351;ja;03.02.2026;Logistik;24074;DRK Brandenburg;Betreutes Wohnen / Ambulante Pflege;Magdeburger Str. 18;14770;Brandenburg;;;;
AMW Auersperg;112221;LS74352;ja;03.02.2026;Logistik;24074;DRK Brandenburg;Rettungswache;Fontanestraße 1;14776;Brandenburg;;;;
AMW Auersperg;112222;LS74353;ja;03.02.2026;Logistik;24074;DRK Brandenburg;Tagespflege Seniorenstübchen;Klein Kreutzer Dorfstr. 31;14776;Brandenburg;;;;
AMW Auersperg;112223;LS74354;ja;12.02.2026;Logistik;24074;DRK Brandenburg;Hort "ABC-Abenteurer";Magdeburger Landstr. 1-3;14770;Brandenburg;;;;
AMW Auersperg;112224;LS74355;ja;05.03.2026;Logistik;22067;Hach Lange GmbH;Hach Lange GmbH;Königsweg 10;14163;Berlin;;;;
AMW Auersperg;112225;LS74356;ja;05.03.2026;Logistik;22067;Hach Lange GmbH;Hach Lange GmbH;Königsweg 10;14163;Berlin;;;;
AMW Auersperg;112226;LS74357;ja;05.03.2026;Logistik;22067;Hach Lange GmbH;Hach Lange GmbH;Königsweg 10;14163;Berlin;;;;
AMW Auersperg;112227;LS74358;ja;06.03.2026;Logistik;22067;Hach Lange GmbH;Hach Lange GmbH;Königsweg 10;14163;Berlin;;;;
AMW Auersperg;112228;LS74359;ja;05.03.2026;Logistik;22067;Hach Lange GmbH;Hach Lange GmbH;Königsweg 10;14163;Berlin;;;;
AMW Auersperg;112229;LS74360;ja;06.03.2026;Logistik;22067;Hach Lange GmbH;Hach Lange GmbH;Königsweg 10;14163;Berlin;;;;
AMW Auersperg;112230;LS74361;ja;05.03.2026;Logistik;22067;Hach Lange GmbH;Hach Lange GmbH;Königsweg 10;14163;Berlin;;;;
AMW Auersperg;112231;LS74362;ja;19.02.2026;Logistik;23750;Oberlin Service GmbH;Oberlin Service GmbH;Rudolf-Breitscheid-Straße 24;14482;Potsdam;;;;
AMW Auersperg;112232;LS74363;ja;23.01.2026;Logistik;24108;Axel Springer Mediahouse GmbH;Mediahouse Berlin GmbH;Mehringdamm 33;10961;Berlin;;;;
Planegg;112233;LS74364;ja;04.02.2026;Logistik;24488;ARGE PLING Hillebrand-Ehrenrei;ARGE PLING Hillebrand-Ehrenreich;Plinganserstraße 56;81369;München;;;;
Planegg;112234;LS74365;ja;04.03.2026;Logistik;24488;ARGE PLING Hillebrand-Ehrenrei;ARGE PLING Hillebrand-Ehrenreich;Plinganserstraße 56;81369;München;;;;
Planegg;112236;LS74366;ja;04.02.2026;Logistik;24488;ARGE PLING Hillebrand-Ehrenrei;ARGE PLING Hillebrand-Ehrenreich;Plinganserstraße 56;81369;München;;;;
Planegg;112237;LS74367;ja;04.02.2026;Logistik;24488;ARGE PLING Hillebrand-Ehrenrei;ARGE PLING Hillebrand-Ehrenreich;Plinganserstraße 56 a  /  EG;81369;München;;;;
Planegg;112238;LS74368;ja;04.02.2026;Logistik;24488;ARGE PLING Hillebrand-Ehrenrei;ARGE PLING Hillebrand-Ehrenreich;Karwendelstraße 11;81369;München;;;;
Planegg;112239;LS74369;ja;19.02.2026;Logistik;24513;Fahrschule Brandt;Fahrschule Brandt;Lochhauser Straße 57;82178;Puchheim;;;;
AMW Auersperg;112240;LS74370;ja;13.02.2026;Logistik;24449;Mroz;Praxis für Physiotherapie Mróz;Kaiserstr. 113;12105;Berlin;;;;
Ines Rütz Appen;112241;LS74371;ja;19.02.2026;Logistik;24435;IMWF;IMWF GmbH;Zeughausmarkt 35;20459;Hamburg;;;;
Ines Rütz Appen;112242;LS74372;ja;19.02.2026;Logistik;24434;P.E.R.;P.E.R. Agency GmbH;Ludwig-Erhard-Str. 37;20459;Hamburg;;;;
AMW Auersperg;112243;LS74373;nein;01.02.2026;Logistik;24297;IGEFA;IGEFA Handelsgesellschaft mbH & Co. KG;Henry-Kruse-Straße 1;16356;Ahrensfelde/OT Blumberg;;;;
AMW Auersperg;112244;LS74374;nein;01.02.2026;Logistik;24297;IGEFA;IGEFA Handelsgesellschaft mbH & Co. KG;Henry-Kruse-Straße 1;16356;Ahrensfelde/OT Blumberg;;;;
AMW Auersperg;112245;LS74375;nein;01.02.2026;Logistik;24297;IGEFA;IGEFA Handelsgesellschaft mbH & Co. KG;Henry-Kruse-Straße 1;16356;Ahrensfelde/OT Blumberg;;;;
AMW Auersperg;112246;LS74376;nein;01.02.2026;Logistik;24297;IGEFA;IGEFA Handelsgesellschaft mbH & Co. KG;Henry-Kruse-Straße 1;16356;Ahrensfelde/OT Blumberg;;;;
VST Schörling;112247;LS74377;ja;09.02.2026;Logistik;24558;Vertwo GmbH;Vertwo GmbH;Steinsdorfstr. 2;80538;München;;;;
Planegg;112248;LS74378;nein;30.03.2026;Logistik;24478;Patentanwälte Theriesenhöhe;HKW Intellectual Property PartG mbB;Theresienhöhe 12;80339;München;;;;
VST Plep;112249;LS74379;ja;16.01.2026;Logistik;24552;Ikano Bank;Ikano Bank AB (publ);Salierstr. 6;65189;Wiesbaden;;;;
VST Plep;112250;LS74380;ja;16.01.2026;Logistik;24552;Ikano Bank;Ikano Bank AB (publ);Salierstr. 6;65189;Wiesbaden;;;;
VST Plep;112251;LS74381;ja;16.01.2026;Logistik;24552;Ikano Bank;Ikano Bank AB (publ);Salierstr. 6;65189;Wiesbaden;;;;
Planegg;112252;LS74382;ja;29.01.2026;Logistik;24429;Bürklin;Bürklin GmbH & Co. KG;Grünwalder Weg 30;82041;Oberhaching;;;;
Planegg;112253;LS74383;ja;29.01.2026;Logistik;24429;Bürklin;Bürklin GmbH & Co. KG;Grünwalder Weg 30;82041;Oberhaching;;;;
Planegg;112254;LS74384;ja;29.01.2026;Logistik;24429;Bürklin;Bürklin GmbH & Co. KG;Grünwalder Weg 30;82041;Oberhaching;;;;
Planegg;112255;LS74385;ja;29.01.2026;Logistik;24429;Bürklin;Bürklin GmbH & Co. KG;Grünwalder Weg 30;82041;Oberhaching;;;;
Planegg;112256;LS74386;ja;29.01.2026;Logistik;24429;Bürklin;Bürklin GmbH & Co. KG;Grünwalder Weg 30;82041;Oberhaching;;;;
Planegg;112257;LS74387;ja;29.01.2026;Logistik;24429;Bürklin;Bürklin GmbH & Co. KG;Grünwalder Weg 30;82041;Oberhaching;;;;
Planegg;112258;LS74388;ja;29.01.2026;Logistik;24429;Bürklin;Bürklin GmbH & Co. KG;Grünwalder Weg 30;82041;Oberhaching;;;;
Planegg;112259;LS74389;ja;29.01.2026;Logistik;24429;Bürklin;Bürklin GmbH & Co. KG;Grünwalder Weg 30;82041;Oberhaching;;;;
Planegg;112260;LS74390;ja;29.01.2026;Logistik;24429;Bürklin;Bürklin GmbH & Co. KG;Grünwalder Weg 30;82041;Oberhaching;;;;
Planegg;112261;LS74391;ja;29.01.2026;Logistik;24429;Bürklin;Bürklin GmbH & Co. KG;Grünwalder Weg 30;82041;Oberhaching;;;;
Planegg;112262;LS74392;ja;29.01.2026;Logistik;24429;Bürklin;Bürklin GmbH & Co. KG;Grünwalder Weg 30;82041;Oberhaching;;;;
Planegg;112263;LS74393;ja;29.01.2026;Logistik;24429;Bürklin;Bürklin GmbH & Co. KG;Grünwalder Weg 30;82041;Oberhaching;;;;
aboutwater Bünde;112264;LS74394;ja;04.02.2026;Logistik;24358;Ludwig-Erhard-Berufskolleg;Ludwig-Erhard-Berufskolleg;Gut Insel 41;48151;Münster;;;;
Schöttle - Haiterbach;112265;LS74395;nein;01.02.2026;Logistik;24515;B.E.S.T. Montagebetrieb BEST;B.E.S.T. Montagebetrieb GmbH;Blumenstr. 10;73779;Deizisau;;;;
aboutwater Frankfurt;112266;LS74396;ja;01.02.2026;Logistik;24614;RMS Rhein-Main-Verkehrsverbund;Rhein-Main-Verkehrsverbund;Am Hauptbahnhof 6;60329;Frankfurt;;;;
aboutwater Frankfurt;112267;LS74397;ja;01.02.2026;Logistik;24614;RMS Rhein-Main-Verkehrsverbund;Rhein-Main-Verkehrsverbund;Am Hauptbahnhof 6;60329;Frankfurt;;;;
aboutwater Frankfurt;112268;LS74398;ja;01.02.2026;Logistik;24614;RMS Rhein-Main-Verkehrsverbund;Rhein-Main-Verkehrsverbund;Am Hauptbahnhof 6;60329;Frankfurt;;;;
aboutwater Frankfurt;112269;LS74399;nein;01.02.2026;Logistik;24614;RMS Rhein-Main-Verkehrsverbund;Rhein-Main-Verkehrsverbund;Am Hauptbahnhof 6;60329;Frankfurt;;;;
aboutwater Frankfurt;112270;LS74400;ja;01.02.2026;Logistik;24614;RMS Rhein-Main-Verkehrsverbund;Rhein-Main-Verkehrsverbund;Am Hauptbahnhof 6;60329;Frankfurt;;;;
aboutwater Frankfurt;112271;LS74401;ja;01.02.2026;Logistik;24614;RMS Rhein-Main-Verkehrsverbund;Rhein-Main-Verkehrsverbund;Am Hauptbahnhof 6;60329;Frankfurt;;;;
aboutwater Frankfurt;112272;LS74402;ja;01.02.2026;Logistik;24614;RMS Rhein-Main-Verkehrsverbund;Rhein-Main-Verkehrsverbund;Am Hauptbahnhof 6;60329;Frankfurt;;;;
aboutwater Frankfurt;112273;LS74403;ja;01.02.2026;Logistik;24614;RMS Rhein-Main-Verkehrsverbund;Rhein-Main-Verkehrsverbund;Am Hauptbahnhof 6;60329;Frankfurt;;;;
aboutwater Frankfurt;112274;LS74404;ja;01.02.2026;Logistik;24614;RMS Rhein-Main-Verkehrsverbund;Rhein-Main-Verkehrsverbund;Am Hauptbahnhof 6;60329;Frankfurt;;;;
aboutwater Frankfurt;112275;LS74405;ja;01.02.2026;Logistik;24614;RMS Rhein-Main-Verkehrsverbund;Rhein-Main-Verkehrsverbund;Am Hauptbahnhof 6;60329;Frankfurt;;;;
aboutwater Frankfurt;112276;LS74406;ja;01.02.2026;Logistik;24614;RMS Rhein-Main-Verkehrsverbund;Rhein-Main-Verkehrsverbund;Am Hauptbahnhof 6;60329;Frankfurt;;;;
aboutwater Frankfurt;112277;LS74407;ja;01.02.2026;Logistik;24614;RMS Rhein-Main-Verkehrsverbund;Rhein-Main-Verkehrsverbund;Poststraße 2-4;60329;Frankfurt;;;;
Ewatec;112278;LS74408;ja;26.03.2026;Logistik;24902;Humpis-Schule Ravensburg;Humpis-Schule Ravensburg;St.-Martinus-Straße 77;88212;Ravensburg;;;;
Gänshirt-Aufmbruch;112279;LS74409;ja;23.02.2026;Logistik;24911;Rewe-Digital;Rewe-Digital GmbH;Schanzenstraße 6 - 20;51063;Köln;;;;
Gänshirt-Aufmbruch;112280;LS74410;ja;23.02.2026;Logistik;24911;Rewe-Digital;Rewe-Digital GmbH;Schanzenstraße 6 - 20;51063;Köln;;;;
Gänshirt-Aufmbruch;112281;LS74411;ja;23.02.2026;Logistik;24911;Rewe-Digital;Rewe-Digital GmbH;Schanzenstraße 6 - 20;51063;Köln;;;;
Gänshirt-Aufmbruch;112282;LS74412;ja;23.02.2026;Logistik;24911;Rewe-Digital;Rewe-Digital GmbH;Schanzenstraße 6 - 20;51063;Köln;;;;
Gänshirt-Aufmbruch;112283;LS74413;ja;23.02.2026;Logistik;24911;Rewe-Digital;Rewe-Digital GmbH;Schanzenstraße 6 - 20;51063;Köln;;;;
Gänshirt-Aufmbruch;112284;LS74414;ja;23.02.2026;Logistik;24911;Rewe-Digital;Rewe-Digital GmbH;Schanzenstraße 6 - 20;51063;Köln;;;;
Gänshirt-Aufmbruch;112285;LS74415;ja;23.02.2026;Logistik;24911;Rewe-Digital;Rewe-Digital GmbH;Schanzenstraße 6 - 20;51063;Köln;;;;
Gänshirt-Aufmbruch;112286;LS74416;ja;23.02.2026;Logistik;24911;Rewe-Digital;Rewe-Digital GmbH;Schanzenstraße 6 - 20;51063;Köln;;;;
Gänshirt-Aufmbruch;112287;LS74417;ja;23.02.2026;Logistik;24911;Rewe-Digital;Rewe-Digital GmbH;Schanzenstraße 6 - 20;51063;Köln;;;;
Gänshirt-Aufmbruch;112288;LS74418;ja;23.02.2026;Logistik;24911;Rewe-Digital;Rewe-Digital GmbH;Schanzenstraße 6 - 20;51063;Köln;;;;
Gänshirt-Aufmbruch;112289;LS74419;ja;23.02.2026;Logistik;24911;Rewe-Digital;Rewe-Digital GmbH;Schanzenstraße 6 - 20;51063;Köln;;;;
Gänshirt-Aufmbruch;112290;LS74420;ja;23.02.2026;Logistik;24911;Rewe-Digital;Rewe-Digital GmbH;Schanzenstraße 6 - 20;51063;Köln;;;;
Gänshirt-Aufmbruch;112291;LS74421;ja;23.02.2026;Logistik;24911;Rewe-Digital;Rewe-Digital GmbH;Schanzenstraße 6 - 20;51063;Köln;;;;
Gänshirt-Aufmbruch;112292;LS74422;ja;23.02.2026;Logistik;24911;Rewe-Digital;Rewe-Digital GmbH;Schanzenstraße 6 - 20;51063;Köln;;;;
STK Service;112293;LS74423;ja;27.02.2026;Logistik;24430;M+K Horsthemke;M+K Horsthemke GmbH;Kirchhellener Str. 130;46145;Oberhausen;;;;
STK Service;112294;LS74424;ja;27.02.2026;Logistik;24430;M+K Horsthemke;M+K Horsthemke GmbH;Kirchhellener Str. 130;46145;Oberhausen;;;;
STK Service;112295;LS74425;ja;23.02.2026;Logistik;24432;Horsthemke;Horsthemke Backbetriebe GmbH;Porschestr. 23;42279;Wuppertal;;;;
Bastian;112296;LS74426;ja;26.02.2026;Logistik;21688;Vedder;Vedder GmbH;Wallersdorfer Straße 17;94522;Wallersdorf;;;;
Bastian;112297;LS74427;ja;24.02.2026;Logistik;21688;Vedder;Vedder GmbH;Wallersdorfer Straße 17;94522;Wallersdorf;;;;
Bastian;112298;LS74428;ja;24.02.2026;Logistik;21688;Vedder;Vedder GmbH;Wallersdorfer Straße 17;94522;Wallersdorf;;;;
Bastian;112299;LS74429;ja;24.02.2026;Logistik;21688;Vedder;Vedder GmbH;Wallersdorfer Straße 17;94522;Wallersdorf;;;;
Bastian;112300;LS74430;ja;24.02.2026;Logistik;21688;Vedder;Vedder GmbH;Wallersdorfer Straße 17;94522;Wallersdorf;;;;
Planegg;112301;LS74431;ja;09.02.2026;Logistik;25078;iABG;IABG mbH;Einsteinstraße 20;85521;Ottobrunn;;;;
Planegg;112302;LS74432;ja;09.02.2026;Logistik;25078;iABG;IABG mbH;Einsteinstraße 20;85521;Ottobrunn;;;;
AMW Auersperg;112303;LS74433;ja;13.02.2026;Logistik;25004;Zentrum für Pränataldiagnostik;Zentrum für Pränataldiagnostik und;Kurfürstendamm 199;10719;Berlin;;;;
AMW Auersperg;112304;LS74434;ja;13.02.2026;Logistik;25004;Zentrum für Pränataldiagnostik;Zentrum für Pränataldiagnostik und;Kurfürstendamm 199;10719;Berlin;;;;
Gänshirt-Aufmbruch;112305;LS74435;ja;01.03.2026;Logistik;23814;Stadt Würselen;Stadt Würselen;Rathaus, Morlaixplatz 1;52146;Würselen;;;;
aboutwater Bünde;112306;LS74436;ja;03.02.2026;Logistik;24955;Tecklenburger Land;Kaufmännische Schulen Tecklenburger;Wilhelmstr. 4 - 6;49477;Ibbenbüren;;;;
Planegg;112307;LS74437;ja;09.02.2026;Logistik;25090;Eavor GmbH;Eavor Erdwärme Geretsried GmbH & Co.KG;Herrnhauser Str. 75;82538;Geretsried;;;;
aboutwater Frankfurt;112308;LS74438;ja;01.02.2026;Logistik;25115;GüT Dekanat;GüT Dekanat;Hinter Den Gärten 17;55234;Offenheim;;;;
Ines Rütz Appen;112309;LS74439;ja;23.02.2026;Logistik;24995;format;format h digital GmbH - digital for;Großer Burstah 50-52;20457;Hamburg;;;;
Ines Rütz Appen;112310;LS74440;ja;23.03.2026;Logistik;22559;Zentrum für Personaldienste;Zentrum für Personaldienste;Normannenweg 36;20537;Hamburg;;;;
Ines Rütz Appen;112311;LS74441;ja;23.03.2026;Logistik;22559;Zentrum für Personaldienste;Zentrum für Personaldienste;Normannenweg 36;20537;Hamburg;;;;
Ines Rütz Appen;112312;LS74442;ja;23.03.2026;Logistik;22559;Zentrum für Personaldienste;Zentrum für Personaldienste;Normannenweg 36;20537;Hamburg;;;;
Ines Rütz Appen;112313;LS74443;ja;23.03.2026;Logistik;22559;Zentrum für Personaldienste;Zentrum für Personaldienste;Normannenweg 36;20537;Hamburg;;;;
Ines Rütz Appen;112314;LS74444;ja;23.03.2026;Logistik;22559;Zentrum für Personaldienste;Zentrum für Personaldienste;Normannenweg 36;20537;Hamburg;;;;
Ines Rütz Appen;112315;LS74445;ja;23.03.2026;Logistik;22559;Zentrum für Personaldienste;Zentrum für Personaldienste;Normannenweg 36;20537;Hamburg;;;;
Ines Rütz Appen;112316;LS74446;ja;23.03.2026;Logistik;22559;Zentrum für Personaldienste;Zentrum für Personaldienste;Normannenweg 36;20537;Hamburg;;;;
Ines Rütz Appen;112317;LS74447;ja;23.03.2026;Logistik;22559;Zentrum für Personaldienste;Zentrum für Personaldienste;Normannenweg 36;20537;Hamburg;;;;
Ines Rütz Appen;112318;LS74448;ja;23.03.2026;Logistik;22559;Zentrum für Personaldienste;Zentrum für Personaldienste;Normannenweg 36;20537;Hamburg;;;;
Ines Rütz Appen;112319;LS74449;ja;23.03.2026;Logistik;22559;Zentrum für Personaldienste;Zentrum für Personaldienste;Normannenweg 36;20537;Hamburg;;;;
Ines Rütz Appen;112320;LS74450;ja;23.03.2026;Logistik;22559;Zentrum für Personaldienste;Zentrum für Personaldienste;Normannenweg 36;20537;Hamburg;;;;
AMW Auersperg;112321;LS74451;ja;04.02.2026;Logistik;25098;AKB;AKB - Ambulante Kompetente Betreuun;Wilhelminenhofstr. 24;12555;Berlin;;;;
Gänshirt-Aufmbruch;112322;LS74452;nein;01.02.2026;Logistik;25037;speakeasy;German studios Köln;Gürzenichstr. 21;50667;Köln;;;;
STK Service;112323;LS74453;ja;17.03.2026;Logistik;23686;Falck Krankentransport GmbH;Falck Notfallrettung und;Industriestr. 156;50996;Köln;;;;
STK Service;112324;LS74454;ja;09.03.2026;Logistik;23686;Falck Krankentransport GmbH;(RW3) Falck Notfallrettung und;Am Leveloh 7;45549;Sprockhövel;;;;
aboutwater Frankfurt;112325;LS74455;ja;01.02.2026;Logistik;24741;Sparkasse Mainfranken Würzburg;Sparkasse Mainfranken Würzburg;Hofstr. 9;97070;Würzburg;;;;
aboutwater Frankfurt;112326;LS74456;ja;01.02.2026;Logistik;24741;Sparkasse Mainfranken Würzburg;Sparkasse Mainfranken Würzburg;Hofstr. 9;97070;Würzburg;;;;
aboutwater Frankfurt;112327;LS74457;ja;01.02.2026;Logistik;24741;Sparkasse Mainfranken Würzburg;Sparkasse Mainfranken Würzburg;Hofstr. 9;97070;Würzburg;;;;
aboutwater Frankfurt;112328;LS74458;ja;01.02.2026;Logistik;24741;Sparkasse Mainfranken Würzburg;Sparkasse Mainfranken Würzburg;Hofstr. 9;97070;Würzburg;;;;
aboutwater Frankfurt;112329;LS74459;ja;01.02.2026;Logistik;24741;Sparkasse Mainfranken Würzburg;Sparkasse Mainfranken Würzburg;Hofstr. 9;97070;Würzburg;;;;
aboutwater Frankfurt;112330;LS74460;ja;01.02.2026;Logistik;24741;Sparkasse Mainfranken Würzburg;Sparkasse Mainfranken Würzburg;Hofstr. 9;97070;Würzburg;;;;
aboutwater Frankfurt;112331;LS74461;ja;01.02.2026;Logistik;24741;Sparkasse Mainfranken Würzburg;Sparkasse Mainfranken Würzburg;Hofstr. 9;97070;Würzburg;;;;
aboutwater Frankfurt;112332;LS74462;ja;01.02.2026;Logistik;24741;Sparkasse Mainfranken Würzburg;Sparkasse Mainfranken Würzburg;Hofstr. 9;97070;Würzburg;;;;
aboutwater Frankfurt;112333;LS74463;ja;01.02.2026;Logistik;24741;Sparkasse Mainfranken Würzburg;Sparkasse Mainfranken Würzburg;Hofstr. 9;97070;Würzburg;;;;
aboutwater Frankfurt;112334;LS74464;ja;01.02.2026;Logistik;24741;Sparkasse Mainfranken Würzburg;Sparkasse Mainfranken Würzburg;Luitpoldstraße 29;97828;Marktheidenfeld;;;;
aboutwater Frankfurt;112335;LS74465;ja;01.02.2026;Logistik;24741;Sparkasse Mainfranken Würzburg;Sparkasse Mainfranken Würzburg;Hofstr. 9;97070;Würzburg;;;;
aboutwater Frankfurt;112336;LS74466;ja;01.02.2026;Logistik;24741;Sparkasse Mainfranken Würzburg;Sparkasse Mainfranken Würzburg;Hofstr. 9;97070;Würzburg;;;;
aboutwater Frankfurt;112337;LS74467;ja;01.02.2026;Logistik;24741;Sparkasse Mainfranken Würzburg;Sparkasse Mainfranken Würzburg;Hofstr. 9;97070;Würzburg;;;;
aboutwater Frankfurt;112338;LS74468;ja;01.02.2026;Logistik;24741;Sparkasse Mainfranken Würzburg;Sparkasse Mainfranken Würzburg;Hofstr. 9;97070;Würzburg;;;;
aboutwater Frankfurt;112339;LS74469;ja;01.02.2026;Logistik;24741;Sparkasse Mainfranken Würzburg;Sparkasse Mainfranken Würzburg;Luitpoldstraße 29;97828;Marktheidenfeld;;;;
aboutwater Frankfurt;112340;LS74470;ja;01.02.2026;Logistik;24741;Sparkasse Mainfranken Würzburg;Sparkasse Mainfranken Würzburg;Luitpoldstraße 29;97828;Marktheidenfeld;;;;
aboutwater Frankfurt;112341;LS74471;ja;01.02.2026;Logistik;24741;Sparkasse Mainfranken Würzburg;Sparkasse Mainfranken Würzburg;Marktplatz 2;97753;Karlstadt;;;;
aboutwater Frankfurt;112342;LS74472;ja;01.02.2026;Logistik;24741;Sparkasse Mainfranken Würzburg;Sparkasse Mainfranken Würzburg;Marktplatz 2;97753;Karlstadt;;;;
aboutwater Frankfurt;112343;LS74473;ja;07.04.2026;Logistik;24741;Sparkasse Mainfranken Würzburg;Sparkasse Mainfranken Würzburg;Marktplatz 2;97816;Lohr;;;;
aboutwater Frankfurt;112344;LS74474;ja;01.02.2026;Logistik;24741;Sparkasse Mainfranken Würzburg;Sparkasse Mainfranken Würzburg;Marktplatz 2;97816;Lohr;;;;
aboutwater Frankfurt;112345;LS74475;ja;01.02.2026;Logistik;24741;Sparkasse Mainfranken Würzburg;Sparkasse Mainfranken Würzburg;Hofstr. 9;97070;Würzburg;;;;
aboutwater Frankfurt;112346;LS74476;ja;01.02.2026;Logistik;24741;Sparkasse Mainfranken Würzburg;Sparkasse Mainfranken Würzburg;Herrnstr. 10;97318;Kitzingen;;;;
aboutwater Frankfurt;112347;LS74477;ja;01.02.2026;Logistik;24741;Sparkasse Mainfranken Würzburg;Sparkasse Mainfranken Würzburg;Herrnstr. 10;97318;Kitzingen;;;;
aboutwater Frankfurt;112348;LS74478;ja;01.02.2026;Logistik;24741;Sparkasse Mainfranken Würzburg;Sparkasse Mainfranken Würzburg;Herrnstr. 10;97318;Kitzingen;;;;
aboutwater Frankfurt;112349;LS74479;ja;01.02.2026;Logistik;24741;Sparkasse Mainfranken Würzburg;Sparkasse Mainfranken Würzburg;Herrnstr. 10;97318;Kitzingen;;;;
aboutwater Frankfurt;112350;LS74480;ja;01.02.2026;Logistik;24741;Sparkasse Mainfranken Würzburg;Sparkasse Mainfranken Würzburg;Nürnberger Str. 47 A;97076;Würzburg;;;;
aboutwater Frankfurt;112351;LS74481;ja;01.02.2026;Logistik;24741;Sparkasse Mainfranken Würzburg;Sparkasse Mainfranken Würzburg;Nürnberger Str. 47 A;97076;Würzburg;;;;
aboutwater Frankfurt;112352;LS74482;ja;01.02.2026;Logistik;24741;Sparkasse Mainfranken Würzburg;Sparkasse Mainfranken Würzburg;Mergentheimer Str. 63;97084;Würzburg;;;;
aboutwater Frankfurt;112353;LS74483;ja;01.02.2026;Logistik;24741;Sparkasse Mainfranken Würzburg;Sparkasse Mainfranken Würzburg;Hofstr. 9;97070;Würzburg;;;;
aboutwater Frankfurt;112354;LS74484;ja;01.02.2026;Logistik;24741;Sparkasse Mainfranken Würzburg;Sparkasse Mainfranken Würzburg;Hofstr. 9;97070;Würzburg;;;;
VST Plep;112355;LS74485;ja;09.02.2026;Logistik;25048;HCC;Hessische Zentrale für Datenverarbe;Töpferstr. 26;36088;Hünfeld;;;;
VST Plep;112357;LS74487;ja;09.02.2026;Logistik;25048;HCC;Hessische Zentrale für Datenverarbe;Mackenzeller Str. 2 (zuseCUBE);36088;Hünfeld;;;;
aboutwater Frankfurt;112358;LS74488;ja;01.02.2026;Logistik;25048;HCC;Hessische Zentrale für Datenverarbe;Mainzer Str. 29;65185;Wiesbaden;;;;
aboutwater Frankfurt;112359;LS74489;ja;01.02.2026;Logistik;25048;HCC;Hessische Zentrale für Datenverarbe;Lessingstr. 2;65185;Wiesbaden;;;;
aboutwater Frankfurt;112360;LS74490;ja;01.02.2026;Logistik;25048;HCC;Hessische Zentrale für Datenverarbeitung;Viktoriastr. 51;65189;Wiesbaden;;;;
aboutwater Frankfurt;112361;LS74491;ja;01.02.2026;Logistik;25048;HCC;Hessische Zentrale für Datenverarbeitung;Abraham-Lincoln-Str. 38-42;65189;Wiesbaden;;;;
aboutwater Frankfurt;112362;LS74492;ja;01.02.2026;Logistik;25048;HCC;Hessische Zentrale für Datenverarbe;Kaiser-Friedrich-Ring 98;65185;Wiesbaden;;;;
aboutwater Bünde;112363;LS74493;ja;17.02.2026;Logistik;24957;Rosenborn-Grundschule Harsefel;Rosenborn-Grundschule Harsefeld;Meybohmstraße 5;21698;Harsefeld;;;;
VST Schörling;112364;LS74494;ja;02.03.2026;Logistik;21698;Mr. Lodge Brüning;Mr. Lodge GmbH;Barer Straße 32;80333;München;;;;
AMW Auersperg;112365;LS74495;ja;09.02.2026;Logistik;24978;Zentral- und Landesbibliothek;AGB (Amerika-Gedenkbibliothek;Blücherplatz 1;10961;Berlin;;;;
AMW Auersperg;112366;LS74496;ja;04.02.2026;Logistik;24978;Zentral- und Landesbibliothek;AGB (Amerika-Gedenkbibliothek;Blücherplatz 1;10961;Berlin;;;;
AMW Auersperg;112367;LS74497;ja;04.02.2026;Logistik;24978;Zentral- und Landesbibliothek;AGB (Amerika-Gedenkbibliothek;Blücherplatz 1;10961;Berlin;;;;
AMW Auersperg;112368;LS74498;ja;09.02.2026;Logistik;24978;Zentral- und Landesbibliothek;BStB (Berliner Stadtbibliothek);Breite Str. 30-36;10178;Berlin;;;;
AMW Auersperg;112369;LS74499;ja;09.02.2026;Logistik;24978;Zentral- und Landesbibliothek;BStB (Berliner Stadtbibliothek);Breite Str. 30-36;10178;Berlin;;;;
AMW Auersperg;112370;LS74500;ja;09.02.2026;Logistik;24978;Zentral- und Landesbibliothek;BStB (Berliner Stadtbibliothek);Breite Str. 30-36;10178;Berlin;;;;
AMW Auersperg;112371;LS74501;ja;09.02.2026;Logistik;24978;Zentral- und Landesbibliothek;BStB (Berliner Stadtbibliothek);Breite Str. 30-36;10178;Berlin;;;;
AMW Auersperg;112372;LS74502;ja;02.02.2026;Logistik;25260;ViP Verkehrsbetrieb Potsdam Gm;ViP Verkehrsbetrieb Potsdam GmbH;Fritz-Zubeil-Str. 96;14482;Potsdam;;;;
AMW Auersperg;112373;LS74503;ja;02.02.2026;Logistik;25260;ViP Verkehrsbetrieb Potsdam Gm;ViP Verkehrsbetrieb Potsdam GmbH;Fritz-Zubeil-Str. 96;14482;Potsdam;;;;
AMW Auersperg;112374;LS74504;ja;02.02.2026;Logistik;25260;ViP Verkehrsbetrieb Potsdam Gm;ViP Verkehrsbetrieb Potsdam GmbH;Fritz-Zubeil-Str. 96;14482;Potsdam;;;;
AMW Auersperg;112375;LS74505;ja;02.02.2026;Logistik;25260;ViP Verkehrsbetrieb Potsdam Gm;ViP Verkehrsbetrieb Potsdam GmbH;Fritz-Zubeil-Str. 96;14482;Potsdam;;;;
AMW Auersperg;112376;LS74506;ja;02.02.2026;Logistik;25260;ViP Verkehrsbetrieb Potsdam Gm;ViP Verkehrsbetrieb Potsdam GmbH;Fritz-Zubeil-Str. 96;14482;Potsdam;;;;
AMW Auersperg;112377;LS74507;ja;01.02.2026;Logistik;25260;ViP Verkehrsbetrieb Potsdam Gm;ViP Verkehrsbetrieb Potsdam GmbH;Heinrich-Mann-Allee 95;14478;Potsdam;;;;
VST Schörling;112378;LS74508;ja;23.02.2026;Logistik;25352;Siemens / ARE 7018;Siemens AG;Otto-Hahn-Ring 6;81739;München;;;;
Planegg;112379;LS74509;nein;01.02.2026;Logistik;21993;Scanlab;Scanlab GmbH;Siemensstraße 2 A;82178;Puchheim;;;;
Planegg;112380;LS74510;nein;01.02.2026;Logistik;21993;Scanlab;Scanlab GmbH;Siemensstraße 2 A;82178;Puchheim;;;;
Planegg;112381;LS74511;nein;01.02.2026;Logistik;21993;Scanlab;Scanlab GmbH;Siemensstraße 2 A;82178;Puchheim;;;;
Gänshirt-Aufmbruch;112382;LS74512;ja;26.01.2026;Logistik;25458;Koenig & Partner 1 Herzogenaur;Steuerberater Koenig & Partner mbB;Josef-Lambertz-Straße 59a;52134;Herzogenrath;;;;
Berlin Wein König;112383;LS74513;nein;01.02.2026;Logistik;21352;Setting;Setting HQ GmbH;Prinzessinnenstr. 8;10969;Berlin;;;;
Ines Rütz Appen;112384;LS74514;ja;19.02.2026;Logistik;24994;PhysioFit Lurup GmbH;PhysioFit Lurup GmbH;Luruper Hauptstraße 247;22547;Hamburg;;;;
Planegg;112385;LS74515;nein;01.02.2026;Logistik;25661;Better Call Dave;Better Call Dave;Am Kugelfang 22;82256;Fürstenfeldbruck;;;;
Planegg;112386;LS74516;nein;01.02.2026;Logistik;25661;Better Call Dave;Better Call Dave;Johann-Teufelhart-Straße 53;85221;Dachau;;;;
Gänshirt-Aufmbruch;112387;LS74517;ja;19.02.2026;Logistik;25571;Flohe Cable Technologies (2);FLOHE Cable Technologies GmbH;Rheinstr. 19;44579;Castrop-Rauxel;;;;
Planegg;112388;LS74518;ja;10.02.2026;Logistik;25638;Arcteryx München;ARCTERYX München;Theatinerstraße 23;80333;München;;;;
Gänshirt-Aufmbruch;112389;LS74519;ja;19.02.2026;Logistik;25570;Flohe GmbH (1);FLOHE GmbH;Rheinstr. 19;44579;Castrop-Rauxel;;;;
Ines Rütz Appen;112390;LS74520;ja;25.02.2026;Logistik;25493;GGH MullenLowe GmbH;GGH MullenLowe GmbH;Schützenstraße 21;22761;Hamburg;;;;
Planegg;112391;LS74521;nein;01.02.2026;Logistik;25403;Lopez;Luis Fernando Valencia LOPEZ;Allgäuer Str. 101  / 3.OG ohne Aufz;81475;München;;;;
Planegg;112392;LS74522;ja;20.02.2026;Logistik;25670;Punjabi Foods Trading;Punjabi Foods Trading GmbH;Maria-Probst-Str 41a;80939;München;;;;
AMW Auersperg;112393;LS74523;ja;18.02.2026;Logistik;25397;Mondhügel;Mondhügel Bar;Bürknerstraße 6;12047;Berlin;;;;
Planegg;112394;LS74524;nein;01.02.2026;Logistik;23182;Agile Robots AG;Agile Robots;Plinganser Str. 137;;;;
Planegg;112395;LS74525;nein;01.02.2026;Logistik;23182;Agile Robots AG;Agile Robots SE;Plinganserstrasse 134;81369;München;;;;
Planegg;112396;LS74526;nein;01.02.2026;Logistik;23182;Agile Robots AG;Agile Robots SE;Plinganserstrasse 134;81369;München;;;;
Planegg;112397;LS74527;nein;01.02.2026;Logistik;23182;Agile Robots AG;Agile Robots SE;Plinganserstrasse 134;81369;München;;;;
Planegg;112398;LS74528;nein;01.02.2026;Logistik;23182;Agile Robots AG;Agile Robots SE;Plinganserstrasse 134;81369;München;;;;
Planegg;112399;LS74529;nein;01.02.2026;Logistik;23182;Agile Robots AG;Agile Robots SE;Plinganserstrasse 134;81369;München;;;;
Planegg;112400;LS74530;nein;01.02.2026;Logistik;23182;Agile Robots AG;Agile Robots SE;Plinganserstrasse 134;81369;München;;;;
Kyffhäuser;112401;LS74531;ja;23.02.2026;Logistik;25692;Kantine Party Service König;Grundschule Christian-Ludwig-Brehm-;Schmiedsgasse 28;99887;Schönau vor dem Walde Gem.Lein;;;;
aboutwater Frankfurt;112402;LS74532;ja;01.02.2026;Logistik;25697;ATC Transport;ATC Transport GmbH;Marnheimer Straße 92 B;67292;Kirchheimbolanden;;;;
STK Service;112403;LS74533;ja;26.02.2026;Logistik;24231;Stadt Marl;Techno Marl;Elbestr. 10;45768;Marl;;;;
STK Service;112404;LS74534;ja;26.02.2026;Logistik;24231;Stadt Marl;Stadt Marl - Jobcenter;Adolf-Grimme-Str. 4;45768;Marl;;;;
STK Service;112405;LS74535;ja;26.02.2026;Logistik;24231;Stadt Marl;Stadt Marl - Jobcenter;Adolf-Grimme-Str. 1;45768;Marl;;;;
STK Service;112406;LS74536;ja;26.02.2026;Logistik;24231;Stadt Marl;Stadt Marl - Altes Amtshaus;Vikariestr. 1;45768;Marl;;;;
Planegg;112407;LS74537;nein;01.02.2026;Logistik;25682;Küffner GmbH;Küffner GmbH;Gewerbestrasse 13;82064;Straßlach - Dingharting;;;;
Kyffhäuser;112408;LS74538;ja;12.02.2026;Logistik;24175;VERBIO;VERBIO SE;Ritterstraße 23   (Oelßners Hof);04109;Leipzig;;;;
Kyffhäuser;112409;LS74539;ja;12.02.2026;Logistik;24175;VERBIO;VERBIO SE;Ritterstraße 23   (Oelßners Hof);04109;Leipzig;;;;
Kyffhäuser;112410;LS74540;ja;12.02.2026;Logistik;24175;VERBIO;VERBIO SE;Ritterstraße 23   (Oelßners Hof);04109;Leipzig;;;;
Planegg;112411;LS74541;nein;01.02.2026;Logistik;25719;MVG Tram;MVG  Busverwaltung Moosach;_____________________;;München;;;;
Planegg;112412;LS74542;ja;10.02.2026;Logistik;25720;IKEA City Project South GmbH;IKEA City Project South GmbH;Willy-Brandt-Platz 5;81829;München;;;;
Planegg;112413;LS74543;ja;10.02.2026;Logistik;25720;IKEA City Project South GmbH;IKEA City Project South GmbH;Willy-Brandt-Platz 5;81829;München;;;;
Schöttle - Haiterbach;112414;LS74544;ja;03.02.2026;Logistik;25558;Heermann Maschinenbau GmbH;Heermann Maschinenbau GmbH;Steinbeisstr. 8;72636;Frickenhausen;;;;
Schöttle - Haiterbach;112415;LS74545;ja;03.02.2026;Logistik;25558;Heermann Maschinenbau GmbH;Heermann Maschinenbau GmbH;Steinbeisstr. 8;72636;Frickenhausen;;;;
Schöttle - Haiterbach;112416;LS74546;ja;04.02.2026;Logistik;25632;Green Club/Pottsalat Stuttgart;Green Club GmbH;Heusteigstr. 114;70180;Stuttgart;;;;
aboutwater Frankfurt;112417;LS74547;ja;01.02.2026;Logistik;25622;Doosan Bobcat Bensheim GmbH;Doosan Bobcat Bensheim GmbH;Wachhausst. 3;76227;Karlsruhe;;;;
Planegg;112418;LS74548;ja;30.01.2026;Logistik;20362;Emons Spedition;Emons Spedition GmbH & Co. KG;Lindberghstr. 6;85399;Hallbergmoos;;;;
aboutwater Bünde;112419;LS74549;ja;23.01.2026;Logistik;25552;Stadt Lengerich;Grundschule Stadtfeldmark;Poolweg 18;49525;Lengerich;;;;
VST Schörling;112420;LS74550;ja;27.02.2026;Logistik;26036;smartvillage GmbH Headquarter;smartvillage GmbH;Rosenkavalierplatz 14;81925;München;;;;
Kyffhäuser;112421;LS74551;ja;06.02.2026;Logistik;25369;Oelkers Apartment GmbH;Oelkers Hotel Betriebs GmbH;Glaseberg 1;37441;Bad Sachsa;;;;
Gänshirt-Aufmbruch;112422;LS74552;ja;20.02.2026;Logistik;25967;Wasserverband Eifel-Rur;Wasserverband Eifel-Rur;Eisenbahnstraße 5;52353;Düren;;;;
Gänshirt-Aufmbruch;112423;LS74553;ja;20.02.2026;Logistik;25967;Wasserverband Eifel-Rur;Wasserverband Eifel-Rur;Eisenbahnstraße 5;52353;Düren;;;;
Gänshirt-Aufmbruch;112424;LS74554;ja;20.02.2026;Logistik;25967;Wasserverband Eifel-Rur;Wasserverband Eifel-Rur;Eisenbahnstraße 5;52353;Düren;;;;
Gänshirt-Aufmbruch;112425;LS74555;ja;20.02.2026;Logistik;25967;Wasserverband Eifel-Rur;Wasserverband Eifel-Rur;Eisenbahnstraße 5;52353;Düren;;;;
Gänshirt-Aufmbruch;112426;LS74556;ja;20.02.2026;Logistik;25967;Wasserverband Eifel-Rur;Wasserverband Eifel-Rur;Eisenbahnstraße 5;52353;Düren;;;;
Gänshirt-Aufmbruch;112427;LS74557;ja;20.02.2026;Logistik;25967;Wasserverband Eifel-Rur;Wasserverband Eifel-Rur;Eisenbahnstraße 5;52353;Düren;;;;
Gänshirt-Aufmbruch;112428;LS74558;ja;12.03.2026;Logistik;25967;Wasserverband Eifel-Rur;Wasserverband Eifel-Rur;Im Gansbuch 14;52441;Linnich;;;;
Gänshirt-Aufmbruch;112429;LS74559;ja;20.02.2026;Logistik;25967;Wasserverband Eifel-Rur;Wasserverband Eifel-Rur;Eisenbahnstraße 5;52353;Düren;;;;
Kyffhäuser;112430;LS74560;ja;17.02.2026;Logistik;26165;Falck Thalheim;Falck Notfallrettung u.Krankentransp.GmbH;Am Stollen 1;09380;Thalheim;;;;
Kyffhäuser;112431;LS74561;ja;17.02.2026;Logistik;26160;Falck Burkhardtsdorf;Falck Notfallrettung u.Katastrophenschutz;Turmstr. 11 b;09235;Burkhardtsdorf;;;;
Kyffhäuser;112432;LS74562;ja;01.02.2026;Logistik;26162;Falck Dorfchemnitz;Falck Notfallrettung u.Katastrophenschutz;An den Gütern 5;08297;Dorfchemnitz;;;;
STK Service;112433;LS74563;ja;18.02.2026;Logistik;26135;Stadt Marl (2) Jugendamt;KITA ´Abenteuerburg´;Nonnenbusch 93;45770;Marl;;;;
STK Service;112434;LS74564;ja;18.02.2026;Logistik;26135;Stadt Marl (2) Jugendamt;KITA ´Abenteuerburg´;Nonnenbusch 93;45770;Marl;;;;
STK Service;112435;LS74565;ja;27.02.2026;Logistik;26135;Stadt Marl (2) Jugendamt;KITA ´Budenzauber´;Emslandstr. 18;45768;Marl;;;;
STK Service;112436;LS74566;ja;26.02.2026;Logistik;26135;Stadt Marl (2) Jugendamt;KITA ´Maxi-Marl´;Max-Reger-Str. 5;45772;Marl;;;;
STK Service;112437;LS74567;ja;26.02.2026;Logistik;26135;Stadt Marl (2) Jugendamt;KITA ´Maxi-Marl´;Max-Reger-Str. 5;45772;Marl;;;;
STK Service;112438;LS74568;ja;26.02.2026;Logistik;26135;Stadt Marl (2) Jugendamt;KITA ´Maxi-Marl´;Max-Reger-Str. 5;45772;Marl;;;;
STK Service;112439;LS74569;ja;26.02.2026;Logistik;26135;Stadt Marl (2) Jugendamt;KITA ´Wirbelwind´;Münchsweg 4;45770;Marl;;;;
STK Service;112440;LS74570;ja;27.02.2026;Logistik;26135;Stadt Marl (2) Jugendamt;KITA ´Blauland´;Max-Planck-Str. 17;45768;Marl;;;;
STK Service;112441;LS74571;ja;27.02.2026;Logistik;26135;Stadt Marl (2) Jugendamt;KITA ´Blauland´;Max-Planck-Str. 17;45768;Marl;;;;
STK Service;112442;LS74572;ja;27.02.2026;Logistik;26135;Stadt Marl (2) Jugendamt;KITA ´Blauland´;Max-Planck-Str. 17;45768;Marl;;;;
STK Service;112443;LS74573;ja;26.02.2026;Logistik;26135;Stadt Marl (2) Jugendamt;KITA ´Wirbelwind´;Münchsweg 4;45770;Marl;;;;
AMW Auersperg;112444;LS74574;ja;21.01.2026;Logistik;24105;Hive;Hive Technologies GmbH HQ;Karl-Liebknecht-Straße 14;10178;Berlin;;;;
Planegg;112445;LS74575;ja;09.03.2026;Logistik;20158;Netcentric = Wisag Gebäudetech;Wisag Gebäudetechnik Bayern;Kesselbodenstr. 30;85391;Allershausen;;;;
Planegg;112446;LS74576;ja;09.02.2026;Logistik;22064;Autohaus Diermeier GmbH;Autohaus Diermeier GmbH;Pasteurstraße 5;80999;München-Allach;;;;
aboutwater Bünde;112447;LS74577;ja;29.01.2026;Logistik;26104;Hermann-Emanuel-Berufskolleg;Hermann-Emanuel-Berufskolleg;Bahnhofstr. 28;48565;Steinfurt;;;;
aboutwater Bünde;112448;LS74578;ja;04.02.2026;Logistik;26104;Hermann-Emanuel-Berufskolleg;Hermann-Emanuel-Berufskolleg;Arminstr. 8;48282;Emsdetten;;;;
VST Schörling;112449;LS74579;ja;09.02.2026;Logistik;26166;AFR Engineering GmbH;AFR Engineering GmbH;Moosacher Straße 73;80809;München;;;;
VST Schörling;112450;LS74580;ja;09.02.2026;Logistik;26166;AFR Engineering GmbH;AFR Engineering GmbH;Moosacher Straße 73;80809;München;;;;
Planegg;112451;LS74581;ja;09.03.2026;Logistik;26195;IKEA (3) München-Eching;IKEA Deutschland GmbH & Co KG;Heisenbergstraße 14;85386;Eching;;;;
Planegg;112452;LS74582;ja;09.03.2026;Logistik;26195;IKEA (3) München-Eching;IKEA Deutschland GmbH & Co KG;Heisenbergstraße 14;85386;Eching;;;;
Planegg;112453;LS74583;ja;09.03.2026;Logistik;26195;IKEA (3) München-Eching;IKEA Deutschland GmbH & Co KG;Heisenbergstraße 14;85386;Eching;;;;
Planegg;112454;LS74584;ja;09.02.2026;Logistik;23848;Blomberger Karosserie;Blomberger Karosserie- und Lackzent;Schleißheimerstr. 395;80935;München;;;;
Planegg;112455;LS74585;ja;23.03.2026;Logistik;26225;Exentec Germany GmbH;Exentec Germany GmbH;Ammerthalstraße 22;85551;Kirchheim bei München;;;;
Gänshirt-Aufmbruch;112456;LS74586;ja;28.01.2026;Logistik;26196;Per Voi Cucina Italiana;Per Voi Cucina Italiana;Urdenbacher Dorfstraße 2;40593;Düsseldorf- Urdenbach;;;;
VST Plep;112457;LS74587;ja;16.01.2026;Logistik;25602;Hochschule Mainz;Hochschule Mainz;Lucy-Hillebrand-Straße 2;55128;Mainz;;;;
aboutwater Bünde;112458;LS74588;ja;19.02.2026;Logistik;26130;Food-Service Kohlhage/Stauffen;Stauffenberg GmbH;Lennestr. 2;58840;Plettenberg;;;;
aboutwater Bünde;112459;LS74589;ja;19.02.2026;Logistik;26130;Food-Service Kohlhage/Stauffen;Stauffenberg GmbH;Lennestr. 2;58840;Plettenberg;;;;
aboutwater Bünde;112460;LS74590;ja;19.02.2026;Logistik;26130;Food-Service Kohlhage/Stauffen;Stauffenberg GmbH;Im Ehrenfeld 4;58791;Werdohl;;;;
aboutwater Bünde;112461;LS74591;ja;18.02.2026;Logistik;26130;Food-Service Kohlhage/Stauffen;Stauffenberg GmbH;Im Ehrenfeld 4;58791;Werdohl;;;;
aboutwater Bünde;112462;LS74592;ja;18.02.2026;Logistik;26130;Food-Service Kohlhage/Stauffen;Stauffenberg GmbH;Im Ehrenfeld 4;58791;Werdohl;;;;
aboutwater Bünde;112463;LS74593;ja;18.02.2026;Logistik;26130;Food-Service Kohlhage/Stauffen;Stauffenberg GmbH;Im Ehrenfeld 4;58791;Werdohl;;;;
aboutwater Bünde;112464;LS74594;ja;18.02.2026;Logistik;26130;Food-Service Kohlhage/Stauffen;Stauffenberg GmbH;Im Ehrenfeld 4;58791;Werdohl;;;;
aboutwater Bünde;112465;LS74595;ja;18.02.2026;Logistik;26130;Food-Service Kohlhage/Stauffen;Stauffenberg GmbH;Im Ehrenfeld 4;58791;Werdohl;;;;
aboutwater Bünde;112466;LS74596;ja;01.02.2026;Logistik;26130;Food-Service Kohlhage/Stauffen;Stauffenberg GmbH;Im Ehrenfeld 4;58791;Werdohl;;;;
aboutwater Bünde;112467;LS74597;ja;19.02.2026;Logistik;26130;Food-Service Kohlhage/Stauffen;Stauffenberg GmbH;Im Ehrenfeld 4;58791;Werdohl;;;;
aboutwater Bünde;112468;LS74598;ja;24.02.2026;Logistik;26130;Food-Service Kohlhage/Stauffen;Stauffenberg GmbH;Neugrünenthal;58540;Meinerzhagen;;;;
aboutwater Bünde;112469;LS74599;ja;24.02.2026;Logistik;26130;Food-Service Kohlhage/Stauffen;Stauffenberg GmbH;Neugrünenthal;58540;Meinerzhagen;;;;
aboutwater Bünde;112470;LS74600;ja;24.02.2026;Logistik;26130;Food-Service Kohlhage/Stauffen;Stauffenberg GmbH;Neugrünenthal;58540;Meinerzhagen;;;;
aboutwater Bünde;112471;LS74601;ja;24.02.2026;Logistik;26130;Food-Service Kohlhage/Stauffen;Stauffenberg GmbH;Wasserburger. 35;58809;Neuenrade;;;;
aboutwater Bünde;112472;LS74602;ja;24.02.2026;Logistik;26130;Food-Service Kohlhage/Stauffen;Stauffenberg GmbH;Wasserburger. 35;58809;Neuenrade;;;;
aboutwater Bünde;112473;LS74603;ja;19.02.2026;Logistik;26130;Food-Service Kohlhage/Stauffen;Stauffenberg GmbH;Im Ehrenfeld 4;58791;Werdohl;;;;
aboutwater Bünde;112474;LS74604;ja;19.02.2026;Logistik;26130;Food-Service Kohlhage/Stauffen;Stauffenberg GmbH;Im Ehrenfeld 4;58791;Werdohl;;;;
Planegg;112475;LS74605;nein;01.02.2026;Logistik;26096;Erzbischöfl.St.-Ursula-Realsch;Erzbischöfliche St.-Ursula-Realschu;Hohenburg 3;83661;Lenggries;;;;
aboutwater Bünde;112476;LS74606;ja;19.01.2026;Logistik;24229;RELUX;RELUX Rohstoffe GmbH & Co. KG;Dieselstr. 6;32549;Bad Oeynhausen;;;;
Gänshirt-Aufmbruch;112477;LS74607;ja;26.01.2026;Logistik;26056;Haus St. Josef gGmbH;Haus St. Josef gGmbH;Hehlrather Straße 6;52249;Eschweiler;;;;
VST Plep;112478;LS74608;ja;16.01.2026;Logistik;26093;Porr Raunheim;PORR GmbH & Co. KGaA;Kelsterbacher Str.38;65479;Raunheim;;;;
VST Plep;112479;LS74609;nein;01.02.2026;Logistik;26203;Involas;Involas Institut für berufliche Bil;Herrnstraße 53;63065;Offenbach;;;;
VST Plep;112480;LS74610;ja;16.01.2026;Logistik;26029;Cafe Menthe;Cafe Menthe;Dortelweiler Straße 87;60389;Frankfurt;;;;
aboutwater Bünde;112481;LS74611;ja;02.02.2026;Logistik;26009;Agentur für Arbeit Bad Hersfel;Service Center Fulda;Rangstr. 4;36037;Fulda;;;;
CJM;112482;LS74612;nein;01.02.2026;Logistik;26111;Falck Päwesin;Falck Rettungsdienst Nord GmbH;Bollmannsruh 12;14778;Päwesin;;;;
aboutwater Bünde;112483;LS74613;ja;12.02.2026;Logistik;26105;Berufskolleg Rheine;Berufskolleg Rheine;Frankenburgstr. 7;48431;Rheine;;;;
Kyffhäuser;112484;LS74614;ja;05.02.2026;Logistik;26131;Landessportbund Sachsen-Anhalt;Sportinternat Halle;Robert-Koch-Straße 31;06110;Halle;;;;
GWA;112485;LS74615;ja;01.04.2026;Logistik;26131;Landessportbund Sachsen-Anhalt;Sportinternat Magdeburg;Friedrich-Ebert-Str. 16;39114;Magdeburg;;;;
STK Service;112486;LS74616;ja;03.03.2026;Logistik;26212;therapiezentrum.com;therapiezentrum.com;Adalbertsteinweg 12-16;52070;Aachen;;;;
Nothhelfer/Ulm+50km;112487;LS74617;ja;16.02.2026;Logistik;26214;SV SparkassenVersicherung;SV SparkassenVersicherung;Ehinger Str. 19;89155;Erbach;;;;
Schöttle - Haiterbach;112488;LS74618;ja;04.02.2026;Logistik;26185;Kanto GmbH;Kanto GmbH;Plieninger Straße 100;70567;Stuttgart;;;;
aboutwater Bünde;112489;LS74619;ja;27.01.2026;Logistik;26175;Börnkamp e.V.;Verein der Kindergartenfreunde Börn;Börnkamp 2;48496;Hopsten;;;;
Planegg;112490;LS74620;nein;01.02.2026;Logistik;21993;Scanlab;Scanlab GmbH;Siemensstraße 2 A;82178;Puchheim;;;;
Planegg;112491;LS74621;nein;01.02.2026;Logistik;21993;Scanlab;Scanlab GmbH;Siemensstraße 2 A;82178;Puchheim;;;;
Planegg;112492;LS74622;nein;01.02.2026;Logistik;21993;Scanlab;Scanlab GmbH;Siemensstraße 2 A;82178;Puchheim;;;;
AMW Auersperg;112493;LS74623;ja;04.02.2026;Logistik;26199;leben lernen gGmbH -;leben lernen gGmbH;Herzbergstraße 87-99;10365;Berlin;;;;
AMW Auersperg;112494;LS74624;ja;04.02.2026;Logistik;26199;leben lernen gGmbH -;leben lernen gGmbH;Herzbergstraße 87-99;10365;Berlin;;;;
AQUATRADE Bram;112495;LS74625;ja;18.02.2026;Logistik;26150;W.Tiemann GmbH & Co.KG;W. Tiemann GmbH & Co.KG;Rudolf-Diesel-Str. 1;27419;Sittensen;;;;
AQUATRADE Bram;112496;LS74626;ja;18.02.2026;Logistik;26150;W.Tiemann GmbH & Co.KG;W. Tiemann GmbH & Co.KG;Rudolf-Diesel-Str. 1;27419;Sittensen;;;;
Gleisner;112497;LS74627;ja;10.03.2026;Logistik;26140;AWO Schweinfurt;AWO Schweinfurt e.V.;Hermann- Barthel Str. 17;97424;Schweinfurt;;;;
Gengenbach;112498;LS74628;ja;25.02.2026;Logistik;25135;Mann & Schröder GmbH;Mann & Schröder GmbH;Kirchhausener Str. 44;74906;Bad Rappenau-Bonfeld;;;;
AMW Auersperg;112499;LS74629;ja;18.02.2026;Logistik;25397;Mondhügel;Mondhügel Bar;Eisenbahnstraße 42-43;10997;Berlin;;;;
Planegg;112500;LS74630;nein;01.02.2026;Logistik;26701;incadea GmbH;incadea GmbH;St.-Martin-Straße 61;81669;Munich;;;;
AQUATRADE Glinde;112501;LS74631;ja;28.01.2026;Logistik;26647;Mammographie-Screening-Einheit;Mammographie-Screening-Einheiten Ha;Mönckebergstr. 11;20095;Hamburg;;;;
Ines Rütz Appen;112502;LS74632;ja;19.02.2026;Logistik;26586;maleco Farbwerk;maleco Farbwerk GmbH;Schützenstraße 80;22761;Hamburg;;;;
Magnum Kuhnhenne;112503;LS74633;ja;29.01.2026;Logistik;24125;Klebl;Klebl GmbH Penning;Industriestraße 19;35719;Angelburg-Gönnern;;;;
Gleisner;112504;LS74634;ja;03.02.2026;Logistik;22195;MVZ Neumaier Regensburg;Quartz Regensburg MVZ GmbH;Krankenhausstraße 2;93086;Wörth a. d. Donau;;;;
Gleisner;112505;LS74635;ja;04.02.2026;Logistik;22195;MVZ Neumaier Regensburg;Quartz Regensburg MVZ GmbH;Traubenweg 3;93309;Kelheim;;;;
Gleisner;112506;LS74636;ja;03.02.2026;Logistik;22195;MVZ Neumaier Regensburg;Quartz Regensburg MVZ GmbH;Krankenhausstraße 6;84066;Mallersdorf;;;;
STK Service;112507;LS74637;ja;10.03.2026;Logistik;26610;Zahnarztpraxis Ahmed Al Modall;Zahnarztpraxis Ahmed Al Modallal;Friedrichstraße 1;58507;Lüdenscheid;;;;
Gleisner;112508;LS74638;ja;03.02.2026;Logistik;22195;MVZ Neumaier Regensburg;Quartz Regensburg MVZ GmbH;Karl-Gareis-Straße 33;94234;Viechtach;;;;
aboutwater Frankfurt;112509;LS74639;ja;01.02.2026;Logistik;26601;Prof. Dr. med. Markus Meissner;Prof. Dr. med. Markus Meissner;Rheinstraße 103;65185;Wiesbaden;;;;
Planegg;112510;LS74640;ja;09.02.2026;Logistik;26688;Bücherbüchse OHG;Bücherbüchse OHG;Sudetenstr. 49;82538;Geretsried;;;;
Planegg;112511;LS74641;ja;27.03.2026;Logistik;24656;Die Radiologie;Die Radiologie;Stollstr. 6;83022;Rosenheim;;;;
Planegg;112512;LS74642;ja;27.03.2026;Logistik;24656;Die Radiologie;Die Radiologie;Stollstr. 6;83022;Rosenheim;;;;
Planegg;112513;LS74643;ja;27.03.2026;Logistik;24656;Die Radiologie;Die Radiologie;Stollstr. 6;83022;Rosenheim;;;;
aboutwater Frankfurt;112514;LS74644;ja;01.02.2026;Logistik;26545;Nextbike;Nextbike GmbH;Flinschstraße 31;60388;Frankfurt;;;;
Gleisner;112515;LS74645;ja;03.02.2026;Logistik;22195;MVZ Neumaier Regensburg;Quartz Regensburg MVZ GmbH;Stettiner Straße 1;93073;Neutraubling;;;;
AMW Auersperg;112516;LS74646;ja;18.02.2026;Logistik;26711;dsb Dt.Sanierungsberatung;dsb Deutsche Sanierungsberatung Gmb;Anna-Louisa-Karsch-Straße 2;10178;Berlin;;;;
aboutwater Frankfurt;112517;LS74647;ja;01.02.2026;Logistik;26737;Alfred-Delp-Schule;Kreis-Bergstrasse;Carl-Leppert-Straße 5;68623;Lampertheim;;;;
aboutwater Frankfurt;112518;LS74648;ja;01.02.2026;Logistik;26737;Alfred-Delp-Schule;Kreis-Bergstrasse;Carl-Leppert-Straße 5;68623;Lampertheim;;;;
aboutwater Frankfurt;112519;LS74649;ja;01.02.2026;Logistik;26737;Alfred-Delp-Schule;Kreis-Bergstrasse;Carl-Leppert-Straße 5;68623;Lampertheim;;;;
Kyffhäuser;112520;LS74650;ja;03.02.2026;Logistik;24125;Klebl;Klebl GmbH Gröbzig;Köthener Str. 40;06388;Südliches Anhalt;;;;
Ines Rütz Appen;112522;LS74652;ja;23.02.2026;Logistik;26702;CLEANMARINE GmbH;CLEANMARINE GmbH;Hermann-Blohm-Straße 6;20457;Hamburg;;;;
Planegg;112523;LS74653;nein;01.02.2026;Logistik;26707;smartpatient gmbh;smartpatient GmbH;Neumarkter Str. 87;81673;Munich;;;;
AQUATRADE Bram;112524;LS74654;ja;01.02.2026;Logistik;26683;bbL Beton;bbL Beton GmbH;Innerstetal 8;38685;Langelsheim;;;;
AQUATRADE Bram;112525;LS74655;ja;01.02.2026;Logistik;26683;bbL Beton;bbL Beton GmbH;Innerstetal 8;38685;Langelsheim;;;;
AQUATRADE Bram;112526;LS74656;ja;01.02.2026;Logistik;26683;bbL Beton;bbL Beton GmbH;Innerstetal 8;38685;Langelsheim;;;;
AQUATRADE Bram;112527;LS74657;ja;01.02.2026;Logistik;26683;bbL Beton;bbL Beton GmbH;Innerstetal 8;38685;Langelsheim;;;;
aboutwater Bünde;112529;LS74659;ja;10.02.2026;Logistik;26622;FIEGE Logistik Stiftung & Co.;FIEGE Logistik Stiftung & Co. KG;Ludwig-Erhard-Straße 63;28197;Bremen;;;;
Berlin Wein König;112530;LS74660;nein;01.02.2026;Logistik;21352;Setting;Setting HQ GmbH;Prinzessinnenstr. 8;10969;Berlin;;;;
Berlin Wein König;112531;LS74661;nein;01.02.2026;Logistik;21352;Setting;Setting HQ GmbH;Prinzessinnenstr. 8;10969;Berlin;;;;
Gänshirt-Aufmbruch;112532;LS74662;ja;09.02.2026;Logistik;22198;Steinhoff Dinslaken;Steinhoff GmbH & Cie. OHG;Gerhard-Malina-Str. 65;46537;Dinslaken;;;;
Planegg;112534;LS74664;ja;30.01.2026;Logistik;23315;Pera Coiffeur;Pera Coiffeur;Bahnhofstrße 18 b;85375;Neufahrn;;;;
Planegg;112535;LS74665;ja;04.02.2026;Logistik;23356;edgeconnex;Edgeconnex GmbH;Landsberger Str. 155 (Haus 4);80687;München;;;;
Planegg;112536;LS74666;ja;04.02.2026;Logistik;23929;Regus Vivid;Vivid Resourcing GmbH;Mühldorfstr. 8;81671;München;;;;
Planegg;112537;LS74667;ja;04.02.2026;Logistik;23966;Elflein Logistik Bamberg;Elflein Logistik Bamberg GmbH;Hufeland Straße 20;80937;München;;;;
Planegg;112538;LS74668;ja;05.02.2026;Logistik;23872;Ara 8;Goodfruit;Boschstr. 5 / 2.OG;82178;Puchheim;;;;
aboutwater Frankfurt;112539;LS74669;ja;02.02.2026;Logistik;24614;RMS Rhein-Main-Verkehrsverbund;Rhein-Main-Verkehrsverbund;Am Hauptbahnhof 6;60329;Frankfurt;;;;
aboutwater Frankfurt;112540;LS74670;ja;10.02.2026;Logistik;24614;RMS Rhein-Main-Verkehrsverbund;Rhein-Main-Verkehrsverbund;Am Hauptbahnhof 6;60329;Frankfurt;;;;
Planegg;112541;LS74671;ja;03.02.2026;Logistik;24996;Königl.Thailänd.Generalkonsula;Königlich Thailändisches Generalkonsulat;Törringstraße 20;81675;München;;;;
Planegg;112543;LS74673;ja;30.01.2026;Logistik;24376;Schenker Deutschland AG;DSV Solutions GmbH;Freisinger Str. 15-19;85386;Eching;;;;
Planegg;112544;LS74674;ja;13.02.2026;Logistik;24376;Schenker Deutschland AG;DSV Solutions GmbH;Freisinger Str. 15-19;85386;Eching;;;;
STK Service;112546;LS74676;ja;25.02.2026;Logistik;26142;NK Metallverarbeitung GmbH;NK Metallverarbeitung GmbH;Gewerbering 15;41751;Viersen;;;;
Planegg;112547;LS74677;ja;03.02.2026;Logistik;24226;Kirinus (1) Sendlinger Tor;KIRINUS Praxis GmbH;Sendlinger Tor Platz 7;80336;München;;;;
Planegg;112548;LS74678;ja;15.01.2026;Estaline Philander;23182;Agile Robots AG;Agile Robots SE;Fraunhoferstraße 9;82256;Fürstenfeldbruck;;;;
Planegg;112549;LS74679;ja;14.01.2026;Carmen Berger;25483;ECARF Institute GmbH;ECARF Institute GmbH;Robert-Koch-Platz 7;10115;Berlin;;;;
Planegg;112550;LS74680;ja;19.01.2026;Estaline Philander;26826;SV Team AG f. KÜS Mü.Nord;KÜS Kfz Prüfstelle München Nord;Lindberghstraße 30;80939;München;;;;
Planegg;112551;LS74681;ja;23.01.2026;Estaline Philander;23245;eMoSys;eMoSys GmbH;Gautinger Str. 6;82319;Starnberg;;;;
Gänshirt-Aufmbruch;112552;LS74682;ja;14.01.2026;Estaline Philander;22104;KITA Spatzennest;KITA Spatzennest;Eibenweg 5d;47906;Kempen;;;;
aboutwater Bünde;110136;LS74683;ja;13.01.2026;Mihaela Abmayr;24094;Stroetmann Senden+Münster;L. Stroetmann Lebensmittel SE & Co. KG;Hermann-Stroetmann-Str.1;48308;Senden;;;;
Planegg;112013;LS74685;ja;16.01.2026;Estaline Philander;21493;Autodesk;Autodesk GmbH;Steinmühler Str. 2a;92331;Parsberg;;;;
Planegg;112555;LS74686;ja;14.01.2026;Josefine Mättig;25225;Amazon FC Graben;Spedition Wolfgang Mueller (Amazon Off-Site);Amazonstr. 3;86836;Graben;;;;
aboutwater Frankfurt;110552;LS74687;ja;14.01.2026;Carmen Berger;26484;HCC 2;HCC - Hessisches Competence Center;Rödgener Straße 91;35394;Gießen;;;;
aboutwater Frankfurt;110551;LS74688;ja;14.01.2026;Carmen Berger;26484;HCC 2;HCC - Hessisches Competence Center;Rödgener Straße 91;35394;Gießen;;;;
Planegg;112556;LS74689;ja;15.01.2026;Florian Gräf;26402;R & T Getränkeautomaten;R & T Getränkeautomaten;Karl-Liebknecht-Str. 102;03046;Cottbus;;;;
aboutwater Frankfurt;110555;LS74690;ja;14.01.2026;Carmen Berger;25048;HCC (1) Hessische Zentrale;Hessische Zentrale für Datenverarbeitung;Mackenzeller Str. 2 (zuseCUBE);36088;Hünfeld;;;;
Planegg;112557;LS74691;ja;15.01.2026;Estaline Philander;24173;Öhlins;Öhlins Europe;Gottlieb-Daimler-Straße 25;53520;Meuspath;;;;
Planegg;112558;LS74692;ja;21.01.2026;Josefine Mättig;27151;PFI;PFI Planungsgemeinschaft GmbH;Karl-Imhoff-Weg 4;30165;Hannover;;;;
Planegg;112560;LS74693;ja;15.01.2026;Christian Irrgang;20362;Emons Spedition;Emons Spedition GmbH & Co. KG;Lindberghstr. 6;85399;Hallbergmoos;;;;
Planegg;112559;LS74694;ja;21.01.2026;Josefine Mättig;24074;DRK Brandenburg;DRK Kreisverband Brandenburg e.V.;Grüne Aue 6;14776;Brandenburg an der Havel;;;;
Ines Rütz Appen;112561;LS74696;ja;25.02.2026;Logistik;24640;Reemtsma Cigarettenfabriken Gm;Sense Hub;Friesenweg 36 / 1.OG;22763;Hamburg;;;;
POSPRINT;109753;LS74697;ja;21.01.2026;Josefine Mättig;26511;Hochschule Saarland;UNICUM Merchandising GmbH;Fritz-Reuter-Str. 70;44867;Bochum;;;;
Planegg;112562;LS74698;ja;15.01.2026;Mihaela Abmayr;27124;Markt 11 Kaffeerösterei &;Markt 11 Kaffeerösterei & -betriebs;Mühlenstraße, 22;07745;Jena;;;;
Planegg;112563;LS74699;ja;15.01.2026;Mihaela Abmayr;20466;Spin Master International;Spin Master Int. B.V.;Lehrer-Wirth-Straße 4;81829;München;;;;
aboutwater Bünde;110530;LS74700;ja;09.04.2026;Florian Gräf;25911;Wasserversorungsverband Teckle;Wasserversorungsverband Tecklenburger Land;Am Wasserwerk 1;49479;Ibbenbühren;;;;
aboutwater Frankfurt;112564;LS74701;ja;14.01.2026;Estaline Philander;24735;InA gGmbH;InA gGmbH Integration in Arbeit;Hauptstr. 56;64711;Erbach;;;;
VST Plep;112565;LS74702;ja;11.02.2026;Logistik;23338;Le Gastro;Deutsche Post AG;Deutsche-Telekom-Allee 7;64295;Darmstadt;;;;
Emons;112566;LS74703;ja;14.01.2026;Josefine Mättig;25362;Amazon Erfurt;ERF1 - Baumann Spedition (Amazon Offsite);Bernauer Str. 56;99091;Erfurt;;;;
Berlin Wein König;112567;LS74704;ja;19.01.2026;Estaline Philander;21352;Setting;Setting HQ GmbH;Schönhauser Allee 180;10119;Berlin;;;;
aboutwater Frankfurt;112568;LS74705;ja;14.01.2026;Carmen Berger;27149;Wolfs Sportrevier;Wolfs Sportrevier;Jägerbuschstraße 1;63594;Hasselroth;;;;
aboutwater Frankfurt;112570;LS74706;ja;14.01.2026;Carmen Berger;25048;HCC (1) Hessische Zentrale;Hessische Zentrale für Datenverarbeitung;Auguste-Viktoria-Str. 18;65185;Wiesbaden;;;;
Planegg;112571;LS74707;ja;21.01.2026;Estaline Philander;26958;neuhof Bildungswerk;neuhof Schulen;Plinganserstr. 138;81369;München;;;;
Planegg;112574;LS74710;ja;15.01.2026;Christian Irrgang;20161;edr software GmbH;edr software GmbH;Zweibrückenstraße 5-7;80331;München;;;;
Planegg;112575;LS74711;ja;14.01.2026;Josefine Mättig;25542;Reisenthel Accessoires GmbH &;Reisenthel Accessoires GmbH & Co. KG;Zeppelinstraße 4;82205;Gilching;;;;
Ines Rütz Appen;112578;LS74712;ja;26.01.2026;Andreas Pöppe;23577;Dataport 1;Dataport Hanse Center (DHC);Wikingerweg 1;20537;Hamburg;;;;
AQUATRADE Glinde;112576;LS74713;ja;26.01.2026;Estaline Philander;21933;Dr. Hagemann;Dr. Angelika Hagemann;Tibarg 7-9;22459;Hamburg;;;;
Planegg;112577;LS74714;ja;14.01.2026;Josefine Mättig;26474;Amazon;Amazon Deutschland W48 Transport GmbH GmbH;Hardbeete 6;35094;Lahntal;;;;
Planegg;112580;LS74715;ja;20.01.2026;Estaline Philander;23273;Gynäkologie am Goetheplatz;Gynäkologie am Goetheplatz;Ringseisstraße 9/Keller;80337;München;;;;
STK Service;112582;LS74716;ja;14.01.2026;Florian Gräf;22313;Waldemar Sindezki;STK Service GmbH & Co. KG;Werkstraße 12;59348;Lüdinghausen;;;;
Planegg;112581;LS74717;ja;27.01.2026;Estaline Philander;22844;Inhouse Mobility GmbH;Inhouse Mobility GmbH;Walter-Gropius-Straße 15;80807;München;;;;
aboutwater Frankfurt;112583;LS74718;ja;14.01.2026;Estaline Philander;25697;ATC Transport;ATC Transport GmbH;Marnheimer Straße 92 B;67292;Kirchheimbolanden;;;;
Planegg;112579;LS74719;ja;14.01.2026;Florian Gräf;10034;ewatec;ewatec e.K.;Am Angelehof 12;88316;Isny;;;;
AMW Auersperg;112586;LS74721;ja;19.01.2026;Florian Gräf;26168;smartvillage B-Neukölln;smartvillage B Neukölln GmbH;Karl-Marx- Str. 101;12043;Berlin;;;;
Planegg;;LS74723;ja;14.01.2026;Rene Kühn;20772;Crystal Water;Crystal Water;Rosenheimer Str. 34;85635;Höhenkirchen;;;;
Gänshirt-Aufmbruch;;LS74724;ja;03.03.2026;Petra Gräf;26280;Martinswerk GmbH;Martinswerk GmbH;Kölner Straße 110;50127;Bergheim;;;;
VST Schörling;;LS74725;ja;16.01.2026;Carmen Berger;22000;Heine Optotechnik;HEINE Optotechnik GmbH & Co. KG;Dornierstraße 6;82205;Gilching;;;;
Gänshirt-Aufmbruch;112590;LS74726;ja;03.03.2026;Petra Gräf;25970;Finanzamt Aachen-KREIS;Finanzamt Aachen-Kreis;Krefelder Straße 210;52070;Aachen;;;;
Bastian;;LS74727;ja;22.01.2026;Petra Gräf;22423;Agentur für Arbeit Landshut;Bundesagentur für Arbeit;Leinfelderstr. 6;84034;Landshut;;;;
Planegg;112593;LS74728;ja;15.01.2026;Carmen Berger;23450;Traut Bürokommunikation;TRAUT Bürokommunikation GmbH & Co. KG;Boschstr. 10;82178;Puchheim;;;;
VST Schörling;112594;LS74729;ja;16.01.2026;Carmen Berger;23450;Traut Bürokommunikation;TRAUT Bürokommunikation GmbH & Co. KG;Boschstr. 10;82178;Puchheim;;;;
aboutwater Frankfurt;112595;LS74730;ja;15.01.2026;Carmen Berger;21737;Heuser;Sanofi Aventis Deutschland;Industriepark Höchst;65926;Frankfurt a.M.;;;;
aboutwater Frankfurt;112596;LS74731;ja;16.01.2026;Carmen Berger;26600;Schulamt MKK;Schulamt MKK;Hessen-Homburg-Platz 8;63452;Hanau;;;;
Bühler;112592;LS74732;ja;22.01.2026;Estaline Philander;24276;Staatliche Kunsthalle;Staatliche Kunsthalle Baden-Baden;Lichtentaler Allee 8 a;76530;Baden-Baden;;;;
aboutwater Frankfurt;;LS74733;ja;15.01.2026;Petra Gräf;24459;Otto Kuntz;Otto Kuntz GmbH;Otto Str. 4;63785;Obernburg;;;;
Planegg;112603;LS74734;ja;04.03.2026;Florian Gräf;20708;Kyffhäuser Waterworld;Kyffhäuser Waterworld;Brauereistraße 4;06556;Artern;;;;
VST Schörling;112599;LS74735;ja;19.01.2026;Carmen Berger;20359;TSCNET Services GmbH;TSCNET Services GmbH;Weihenstephaner Str. 9;81673;München;;;;
Planegg;110193;LS74736;ja;15.01.2026;Josefine Mättig;20446;Acker Druck und Werbeserv;Baden-Württemberg;Gartenstraße 105 - Zufahrt u¨ber Steinhäusers;76135;Karlsruhe;;;;
Planegg;112600;LS74737;ja;20.01.2026;Estaline Philander;26531;Chiropraktik Waier;Chiropraktik Waier;Herzogstraße 25;80803;München;;;;
aboutwater Frankfurt;108422;LS72357.;ja;15.01.2026;Petra Gräf;26545;Nextbike;Nextbike GmbH;Viehhofstr. 6-20;68165;Mannheim;;;;
Planegg;112601;LS74739;ja;15.01.2026;Estaline Philander;24996;Königl.Thailänd.Generalkonsula;Königlich Thailändisches Generalkonsulat;Törringstraße 20;81675;München;;;;
Planegg;112598;LS74740;ja;15.01.2026;Estaline Philander;21421;Bildungszentrum Gesundheitsber;Bildungszentrum für Gesundheitsberufe;Bajuwarenstraße 9  /  1.OG;85435;Erding;;;;
Magnum Kuhnhenne;111939;LS74741;ja;22.01.2026;Carmen Berger;27142;Finanzamt Bonn Innenstadt;Finanzamt Bonn-Innenstadt;Welschnonnenstr.15;53111;Bonn;;;;
Planegg;;LS74742;ja;15.01.2026;Petra Gräf;20148;KPIT Technologies GmbH;KPIT Technologies GmbH;Frankfurter Ring 105b;80807;München;;;;
aboutwater Frankfurt;112608;LS74743;ja;16.01.2026;Andreas Pöppe;22741;Turner & Townsend;Turner & Townsend GmbH;Fellnerstr. 5;60322;Frankfurt;;;;
Planegg;112604;LS74744;ja;15.01.2026;Josefine Mättig;26977;Trinkflaschenexpress;Oxentis GmbH;Am Münster 9-11;37154;Northeim;;;;
Planegg;112584;LS74745;ja;15.01.2026;Christian Irrgang;20298;Atlantis;Atlantis Trinkwassertechnik GmbH;Kornstr. 4;79258;Hartheim;;;;
Planegg;112607;LS74746;ja;15.01.2026;Florian Gräf;20234;Bühler-Catering;Bühler-Catering GmbH;Industriestr. 2 b;76275;Ettlingen;;;;
Planegg;112609;LS74747;ja;15.01.2026;Florian Gräf;27152;Sportoase;SPORT OASE GmbH;Im kleinen Mölchen 36-40;50389;Wesseling;;;;
Planegg;112606;LS74748;ja;15.01.2026;Josefine Mättig;26977;Trinkflaschenexpress;Bottle-Print Vertriebs GmbH;Auf den Steinen 2,;37191;Katlenburg Lindau;;;;
Planegg;112610;LS74749;ja;16.01.2026;Christian Irrgang;20589;Pausenlos Catering;Dieter Pellkofer;Adlerweg 10;82140;Olching;;;;
aboutwater Bünde;112611;LS74750;ja;03.02.2026;Florian Gräf;25552;Stadt Lengerich;Stadt Lengerich;Tecklenburger Straße 2;49525;Lengerich;;;;
aboutwater Bünde;112612;LS74751;ja;03.02.2026;Florian Gräf;25552;Stadt Lengerich;Stadt Lengerich;Schulstraße 70;49525;Lengerich;;;;
aboutwater Bünde;112613;LS74752;ja;03.02.2026;Florian Gräf;25552;Stadt Lengerich;Stadt Lengerich;Jahnstraße 3-5;49525;Lengerich;;;;
AQUATRADE Glinde;112614;LS74753;ja;20.01.2026;Estaline Philander;25490;Theater Lübeck gGmbH;Theater Lübeck gGmbH;Beckergrube 16;23552;Lübeck;;;;
Planegg;;LS74754;ja;15.01.2026;Christian Irrgang;27153;Wiedemann & Berg;W&B Television GmbH;Taunusstraße 21;80807;München;;;;
Kyffhäuser;;LS74755;ja;15.01.2026;Florian Gräf;20708;Kyffhäuser Waterworld;Kyffhäuser Waterworld;Brauereistraße 4;06556;Artern;;;;
Planegg;112617;LS74756;ja;15.01.2026;Josefine Mättig;26040;Rewo-Tech (2) MASCHINENbau;Rewo-Tech Maschinenbau GmbH;Kraußstraße 7;4020;Linz;;;;
aboutwater Frankfurt;112618;LS74757;ja;20.01.2026;Carmen Berger;27130;Piab Vakuum;Piab Vakuum GmbH;Otto-Hahn Str. 14;35510;Butzbach;;;;
Planegg;112619;617590;ja;15.01.2026;Estaline Philander;20234;Bühler-Catering;Stadtwerke München HKW Süd;Schäftlarnstraße 15 / Tor 3;81731;München;;;;
Dolphin, Bonstetten;;LS74759;ja;15.01.2026;Florian Gräf;20234;Bühler-Catering;Bühler-Catering GmbH;Industriestr. 2 b;76275;Ettlingen;;;;
aboutwater Frankfurt;112620;LS74760;ja;15.01.2026;Carmen Berger;26484;HCC 2;HCC - Hessisches Competence Center;Stolzenmorgen 36;35394;Gießen;;;;
Planegg;112621;LS74761;ja;15.01.2026;Christian Irrgang;25000;aboutwater Hungary;aboutwater Zrt;Bárándi u 26-28;8000;SZÉKESFEHÉRVÁR;;;;
Planegg;112622;LS74762;ja;16.01.2026;Estaline Philander;21769;WKV;WKV Kunststoffverarbeitung GmbH;Dieselstraße 3;86558;Hohenwart;;;;
Planegg;112624;LS74763;ja;19.01.2026;Estaline Philander;23586;Bayerischer Landes-Sportverban;Bayerischer Landes-Sportverband e.V.;Georg-Brauchle-Ring 93;80992;München;;;;
Planegg;112625;LS74764;ja;16.01.2026;Estaline Philander;26108;Inova Semiconductors GmbH;Inova Semiconductors GmbH;Zielstattstr. 32;81379;München;;;;
Emons;112626;LS74765;ja;15.01.2026;Christian Irrgang;20191;Gleisner;Gleisner GmbH & Co.KG;Pegnitzstr. 13;91207;Lauf an der Pegnitz;;;;
Planegg;112628;LS74766;ja;15.01.2026;Josefine Mättig;27155;RED GmbH;RED GmbH;Talangerstr. 3;82152;Krailling/München;;;;
Planegg;;LS74767;ja;22.01.2026;Petra Gräf;27154;MedAix Physio Theraspoort;MedAix Physiotherapie & Rückenzentrum;Bahnhofstraße 12;82194;Gröbenzell;;;;
Planegg;112627;LS74768;ja;21.01.2026;Estaline Philander;20168;Zausinger GmbH & Co. KG;Zausinger GmbH & Co. KG;Brienner Str. 52;80333;München;;;;
AQUATRADE Glinde;110348;LS73441.;ja;07.01.2026;Petra Gräf;26180;AW Management;AW Management GmbH & Co. KG;Kreihüttenmoorweg 39;26607;Aurich;;;;
Emons;111951;LS74770;ja;15.01.2026;Florian Gräf;20654;Karl Gengenbach GmbH & Co;Karl Gengenbach GmbH & Co. KG;Aschenhausweg 4;74523;Schwäbisch Hall;;;;
Planegg;112633;LS74771;ja;15.01.2026;Christian Irrgang;21065;Attila AS Cafe & BAR;AS Cafe & Bar Service e.K.;Aidenbachstr. 72;81379;München;;;;
Emons;112634;LS74772;ja;15.01.2026;Christian Irrgang;20208;Hotshot Kaffee e. K.;Jugendfeuerwehr Bottrop;Hans-Sachs-Str. 78-80;46236;Bottrop;;;;
AQUATRADE Glinde;110348;Korr.LS73441.;ja;07.01.2026;Petra Gräf;26180;AW Management;AW Management GmbH & Co. KG;Kreihüttenmoorweg 39;26607;Aurich;;;;
AQUATRADE Bram;112636;LS74774;ja;27.01.2026;Florian Gräf;21204;MB Well Service;MB Well Services GmbH / NWKG Wilhelmshaven;An der Helderei;26388;Wilhelmshaven;;;;
Planegg;112635;LS74775;ja;16.01.2026;Estaline Philander;20881;GROUP7 AG;GROUP7 AG International Logistics;Ulmenstraße 7;85445;Schwaig;;;;
Planegg;112637;LS74776;ja;26.01.2026;Carmen Berger;22732;Micro Fuzzy /KPIT-Tochterfirma;Micro Fuzzy Industrie-Elektronic GmbH;Frankfurter Ring 81  EG Connex Building;80807;München;;;;
VST Schörling;112638;LS74777;ja;01.02.2026;Carmen Berger;26592;Pur Vital;Pur Vital Pflegezentrum;Am Hartberg 4;84550;Feichten;;;;
Planegg;112639;LS74778;ja;22.01.2026;Estaline Philander;24009;Bayer.Staatsministerium d.Inne;Bayer.Staatsmini.d.Innern, Sport+Integration;Odeonsplatz 3;80539;München;;;;
Planegg;111973;LS74779;ja;16.01.2026;Josefine Mättig;10031;Aqualex bvba;Aqualex bvba;Nijverheidslaan 60A;8540;DEERLIJK;;;;
AMW Auersperg;112642;LS74780;ja;19.01.2026;Andreas Pöppe;26955;Zwilling Gebäudeservice;Zwilling Gebäudeservice;Teltowerstr. 6;15831;Blankenfelde-Mahlow;;;;
Planegg;112641;LS74781;ja;19.01.2026;Estaline Philander;25428;Hochschule Weihenstephan-Tries;Hochschule Weihenstephan-Triesdorf;Am Hofgarten 1;85354;Freising;;;;
Planegg;;LS74782;ja;20.01.2026;Florian Gräf;25766;Ganter Interior;Roche Diagnostics GmbH;Nonnenwald 2;82377;Penzberg;;;;
Planegg;112644;LS74783;ja;16.01.2026;Josefine Mättig;20835;SUGGLE GMBH -3;Heynen GmbH & Co.KG;Am Weidenbroich 16;42897;Remscheid;;;;
Planegg;112643;LS74784;ja;19.01.2026;Estaline Philander;22768;Discovery Communications;Discovery Communications Deutschland GmbH&Co;Betastraße 1;85774;Unterföhring;;;;
Planegg;112646;LS74785;ja;22.01.2026;Estaline Philander;25317;Mynaric;Mynaric Lasercom GmbH;Bertha-Kipfmüller-Straße 2-8;81249;München;;;;
Planegg;112648;LS74786;ja;16.01.2026;Josefine Mättig;27156;meteocontrol GmbH;meteocontrol GmbH;Pröllstraße 28;86157;Augsburg;;;;
AMW Auersperg;108388;LS72311.;ja;15.01.2026;Petra Gräf;22067;Hach Lange GmbH;Hach Lange GmbH;Hohenentwielsteig 6 A;14163;Berlin;;;;
Planegg;112659;LS74788;ja;16.01.2026;Florian Gräf;26102;Niedersachsen Wasser;Niedersachsen Wasser Kooperations-;Georgstraße 4;26919;Brake;;;;
Planegg;112650;LS74789;ja;22.01.2026;Estaline Philander;25731;ASTA GmbH;ASTA GmbH;Dornierstraße 4;82205;Gilching;;;;
Planegg;112649;LS74791;ja;22.01.2026;Josefine Mättig;25583;PRO PET AUSTRIA;Pro Pet Austria Heimtiernahrung GmbH;Waidhofner Straße 1;3852;Gastern, Austria;;;;
VST Schörling;;LS74792;ja;21.01.2026;Carmen Berger;25130;Kath. Siedlungswerk;Kath. Siedlungswerk München GmbH;Adolf-Kolping-Str. 4;80336;München;;;;
VST Schörling;112653;LS74794;nein;23.03.2026;Estaline Philander;20774;M. Asam / Asambeauty;M. Asam GmbH;Feringastrasse 12 A;85774;Unterföhring;;;;
aboutwater Bünde;110468;LS73559.;ja;12.01.2026;Petra Gräf;26911;Josef Beermann;Josef Beermann GmbH & Co. KG;Heinrich-Niemeyer-Str. 50;48477;Hörstel;;;;
VST Schörling;112001;LS74796;ja;12.02.2026;Mihaela Abmayr;25236;WSE Wittmann;Wittmann Sonderabfall Entsorgung GmbH;Siemensstr. 14;85716;Unterschleißheim;;;;
Ines Rütz Appen;112655;LS74797;ja;16.01.2026;Andreas Pöppe;25342;Centra Koordinierendes Zentrum;Centra Koordinierendes Zentrum;Heidenkampsweg 97;20097;Hamburg;;;;
Planegg;112656;LS74799;ja;19.01.2026;Estaline Philander;21421;Bildungszentrum Gesundheitsber;Bildungszentrum für Gesundheitsberufe;Bajuwarenstraße 9  /  1.OG;85435;Erding;;;;
aboutwater Bünde;112657;LS74800;ja;16.01.2026;Christian Irrgang;20191;Gleisner;Gleisner GmbH & Co.KG;Pegnitzstr. 13;91207;Lauf an der Pegnitz;;;;
Planegg;112658;LS74801;ja;16.01.2026;Mihaela Abmayr;27157;Astos Solutions GmbH;Astos Solutions GmbH;Meitnerstr. 8, 4. OG;70563;Stuttgart;;;;
Kyffhäuser;112660;LS74802;ja;19.01.2026;Estaline Philander;26163;Falck Olbernhau;Falck Notfallrettung u.Katastrophenschutz;Unterer Flöhaweg 8a;09526;Olbernhau;;;;
Ines Rütz Appen;;LS74803;ja;04.02.2026;Petra Gräf;26595;Toll Global Forwarding Germany;Toll Global Forwarding Germany GmbH;Große Elbstrasse 86;22767;Hamburg;;;;
STK Service;110410;LS74118.;ja;14.01.2026;Petra Gräf;26367;Eis-Café Konditorei Perfekt;Eis-Café Konditorei Perfekt;Friedrich-Ebert-Straße 62;45127;Essen;;;;
Kyffhäuser;112662;LS74805;ja;19.01.2026;Estaline Philander;26164;Falck Pockau-Lengenfeld;Falck Notfallrettung u.Katastrophenschutz;Buchener Straße 2;09509;Pockau-Lengenfeld;;;;
Kyffhäuser;112663;LS74806;ja;16.01.2026;Estaline Philander;26165;Falck Thalheim;Falck Notfallrettung u.Katastrophenschutz;Am Stollen 1;09380;Thalheim;;;;
Kyffhäuser;112664;LS74807;ja;19.01.2026;Estaline Philander;26160;Falck Burkhardtsdorf;Falck Notfallrettung u.Katastrophenschutz;Turmstr. 11 b;09235;Burkhardtsdorf;;;;
Kyffhäuser;112665;LS74808;ja;19.01.2026;Estaline Philander;26162;Falck Dorfchemnitz;Falck Notfallrettung u.Katastrophenschutz;An den Gütern 5;08297;Dorfchemnitz;;;;
Planegg;112666;LS74809;ja;20.01.2026;Estaline Philander;24641;Brustdiagnostik München;Brustdiagnostik München;Sonnenstraße 29  /  4.OG;80331;München;;;;
Strecke;112667;LS74810;ja;16.01.2026;Florian Gräf;25000;aboutwater Hungary;aboutwater Zrt;Bárándi u 26-28;8000;SZÉKESFEHÉRVÁR;;;;
AQUATRADE Glinde;112668;LS74812;ja;23.01.2026;Estaline Philander;22302;Landgericht Hamburg;Landgericht Hamburg;Holstenglacis 6  /  3.OG;20355;Hamburg;;;;
Kyffhäuser;112670;LS74811;nein;16.01.2026;Andreas Pöppe;23287;Dresdener Mühle;Dresdener Mühle GmbH;Waltherstraße 2;01067;Dresden;;;;
STK Service;110481;LS110481;ja;14.01.2026;Petra Gräf;24930;Familienzentrum Sternschnuppe;Familienzentrum Sternschnuppe;Josef-Wulff-Straße 70;45657;Recklinghausen;;;;
Kyffhäuser;112672;LS74815;ja;19.01.2026;Andreas Pöppe;23338;Le Gastro;Deutsche Post AG;Im Rotte 2;34355;Staufenberg;;;;
Planegg;112671;LS74816;ja;16.01.2026;Josefine Mättig;23297;Kaulsdorf;Volleyball- und Sportverein Kaulsdorf e.V.;Am Zimmersberg 10;07338;Kaulsdorf;;;;
Strecke;111968;LS74817;ja;16.01.2026;Florian Gräf;21204;MB Well Service;MB Well Services GmbH;Preußagstraße 1;49846;Hoogstede;;;;
Planegg;112673;LS74818;ja;16.01.2026;Josefine Mättig;20960;Mayer Getränke;MAYER Getränke;Böblinger Str. 67;71101;Schönaich;;;;
Planegg;112675;LS74819;ja;30.01.2026;Christian Irrgang;20771;JuBo Automatenservice Gmb;JuBo Automatenservice GmbH & Co. KG;Plauener Str. 163-165 Haus 12;13053;Berlin;;;;
aboutwater Frankfurt;112674;LS74820;ja;02.02.2026;Carmen Berger;27158;FSV 1928 Mosbach;FSV 1928 Mosbach e.V.;Gartenstraße 25;64850;Schaafheim;;;;
Planegg;112674;LS74821;ja;21.01.2026;Carmen Berger;27158;FSV 1928 Mosbach;FSV 1928 Mosbach e.V.;Gartenstraße 25;64850;Schaafheim;;;;
Gänshirt-Aufmbruch;110498;LS110498;ja;14.01.2026;Petra Gräf;26732;Jugendwohnen St. Ursula;Katholische Jugendagentur Köln gGmbH;Bonner Str .2a;51145;Köln;;;;
Planegg;112654;LS74823;ja;22.01.2026;Josefine Mättig;24030;E.VITA GmbH;E.VITA GmbH;Zettachring 2;70567;Stuttgart;;;;
POSPRINT;112654;LS74824;ja;05.02.2026;Josefine Mättig;24030;E.VITA GmbH;E.VITA GmbH;Zettachring 2;70567;Stuttgart;;;;
Planegg;112677;LS74825;ja;16.01.2026;Josefine Mättig;23353;Klarwa GmbH;klarwa GmbH;Auf dem Großstück 2;51580;Reichshof-Hunsheim;;;;
Bühler;112679;LS74826;ja;16.01.2026;Christian Irrgang;20234;Bühler-Catering;Bühler-Catering GmbH;Industriestr. 2 b;76275;Ettlingen;;;;
Planegg;;LS74827;ja;16.01.2026;Rene Kühn;20772;Crystal Water;Crystal Water;Rosenheimer Str. 34;85635;Höhenkirchen;;;;
Berlin Wein König;;LS74828;ja;19.01.2026;Carmen Berger;23191;ZEITGEIST GROUP GMBH;Zeitgeist Group GmbH;Ziegelstr. 17 / 2.OG;10117;Berlin;;;;
Planegg;112682;LS74829;ja;20.01.2026;Estaline Philander;22946;Gemeinde Unterföhring;Schulcampus/Gym;Mitterfeldallee 17a;85774;Unterföhring;;;;
AMW Auersperg;112683;LS74830;ja;20.01.2026;Estaline Philander;24978;Zentral- und Landesbibliothek;AGB (Amerika-Gedenkbibliothek);Blücherplatz 1;10961;Berlin;;;;
STK Service;112684;LS74831;ja;21.01.2026;Estaline Philander;23344;Falck Krankentransport;Falck Notfallrettung u.Krankentransp.GmbH;Erkrather Str. 253 / Anfahrt Fichtenstr.68;40223;Düsseldorf;;;;
AQUATRADE Glinde;110303;LS74832;ja;23.01.2026;Carmen Berger;24786;INDIMANT;INDIMANT Industriediamanten GmbH;Heinrich-Hertz-Straße 9;22941;Bargteheide;;;;
Gänshirt-Aufmbruch;112686;LS74833;ja;26.01.2026;Estaline Philander;23232;BIVANO (Böhmer);BIVANO GmbH;Marie-Bernays-Ring 39;41199;Mönchengladbach;;;;
Planegg;112685;LS74834;ja;19.01.2026;Josefine Mättig;22124;LGL Haushaltwaren GmbH;LGL Haushaltswaren GmbH;Helferner Weg 14b;49214;Bad Rothenfelde;;;;
Planegg;;LS74835;ja;19.01.2026;Florian Gräf;23287;Dresdener Mühle;Dresdener Mühle GmbH;Waltherstraße 2;01067;Dresden;;;;
Gänshirt-Aufmbruch;112688;LS74837;ja;26.01.2026;Estaline Philander;23231;Böhmer;Hans Willi Böhmer;Marie-Bernays-Ring 39;41199;Mönchengladbach;;;;
Planegg;112689;LS74838;ja;19.01.2026;Christian Irrgang;21065;Attila AS Cafe & BAR;AS Cafe & Bar Service e.K.;Aidenbachstr. 72;81379;München;;;;
Planegg;112690;LS74839;ja;20.01.2026;Carmen Berger;23772;AM alpha KVGmbH;AM alpha KVGmbH;Sendlinger Straße 7;80331;München;;;;
Planegg;84305;LS74841;ja;19.01.2026;Christian Irrgang;20566;pure engineering GmbH;pure engineering GmbH;Im Anwänder 14;71549;Auenwald;;;;
aboutwater Bünde;112694;LS74842;ja;20.01.2026;Andreas Pöppe;22023;Joh. Wilh. von Eicken;Joh. Wilh. von Eicken GmbH;Drechslerstr. 1-3;23556;Lübeck;;;;
Planegg;112693;LS74843;ja;19.01.2026;Josefine Mättig;27129;Universitätsmedizin Göttingen;UNIVERSITÄTSMEDIZIN GÖTTINGEN;Robert-Koch-Str. 40;37075;Göttingen;;;;
STK Service;112697;LS74846;ja;04.02.2026;Estaline Philander;22668;J.D.Neuhaus;J.D.Neuhaus GmbH & Co.KG;Windenstraße 2-4;58455;Witten-Heven;;;;
aboutwater Frankfurt;112698;LS74847;ja;19.01.2026;Estaline Philander;23943;Haustechnik Eistal GmbH;Haustechnik Eistal GmbH;Industriestraße 19;68623;Lampertheim;;;;
Aquatec - Reinbek;112699;LS74848;ja;19.01.2026;Christian Irrgang;24890;Schultz;Schanktechnik Schultz;Hermann-Körner-Straße 46;21465;Reinbek;;;;
Aquatec - Reinbek;112700;LS74849;ja;19.01.2026;Christian Irrgang;24890;Schultz;Schanktechnik Schultz;Hermann-Körner-Straße 46;21465;Reinbek;;;;
Emons;112701;LS74850;ja;19.01.2026;Florian Gräf;21737;Heuser;Heuser GmbH;Waldstr. 23 / B10;63128;Dietzenbach;;;;
Planegg;112702;LS74851;ja;19.01.2026;Josefine Mättig;26807;EBGS Förderverein;EBGS Erst-Barlach-Gesamtschule;Gothestr. 90;46535;Dinslaken;;;;
Planegg;112636;LS74852;ja;19.01.2026;Florian Gräf;21204;MB Well Service;MB Well Services GmbH / NWKG Wilhelmshaven;An der Helderei;26388;Wilhelmshaven;;;;
Planegg;112703;LS74853;ja;19.01.2026;Florian Gräf;20575;R&F Mayer GmbH;R&F Mayer GmbH;Lorcher Str. 51;73547;Lorch-Waldhausen;;;;
Planegg;112704;LS74854;ja;19.01.2026;Josefine Mättig;22000;Heine Optotechnik;HEINE Optotechnik GmbH & Co. KG;Dornierstraße 6;82205;Gilching;;;;
Planegg;112707;LS74856;ja;19.01.2026;Josefine Mättig;25009;Musikschule Fröhlich;Musikschule Fröhlich;Am Forsthaus 1;35713;Eschenburg;;;;
Emons;;LS74857;ja;19.01.2026;Florian Gräf;24448;Götze;KaffeeServiceGötze;Tauernallee 34;12107;Berlin;;;;
Planegg;112708;LS74858;ja;20.01.2026;Estaline Philander;26707;smartpatient gmbh;smartpatient GmbH;Neumarkter Str. 87;81673;Munich;;;;
Planegg;112709;LS74859;ja;19.01.2026;Josefine Mättig;24707;Norton Rose;Norton Rose Fulbright LLP;Kaiser-Wilhelm-Straße 14 (SPRINGER QUARTIER);20355;Hamburg;;;;
Deutscher;112709;LS74860;ja;23.01.2026;Josefine Mättig;24707;Norton Rose;Norton Rose Fulbright LLP;Kaiser-Wilhelm-Straße 14 (SPRINGER QUARTIER);20355;Hamburg;;;;
POSPRINT;112709;LS74861;ja;05.02.2026;Josefine Mättig;24707;Norton Rose;Norton Rose Fulbright LLP;Kaiser-Wilhelm-Straße 14 (SPRINGER QUARTIER);20355;Hamburg;;;;
Planegg;112705;LS74862;ja;19.01.2026;Estaline Philander;21421;Bildungszentrum Gesundheitsber;Bildungszentrum für Gesundheitsberufe;Bajuwarenstraße 9  /  1.OG;85435;Erding;;;;
Emons;112692;LS74863;ja;19.01.2026;Florian Gräf;20963;K+H Automatendienst GmbH;K+H Automatendienst GmbH;Mark I 22;59269;Beckum;;;;
Planegg;;LS74864;ja;19.01.2026;Christian Irrgang;20299;GWA;GWA GmbH;Hohendodeleber Str. 8;39110;Magdeburg;;;;
aboutwater Bünde;112712;LS74865;ja;20.01.2026;Mihaela Abmayr;22023;Joh. Wilh. von Eicken;Joh. Wilh. von Eicken GmbH;Drechslerstr. 1-3;23556;Lübeck;;;;
AMW Auersperg;112711;LS74866;ja;20.01.2026;Estaline Philander;24978;Zentral- und Landesbibliothek;BStB (Berliner Stadtbibliothek);Breite Str. 30-36;10178;Berlin;;;;
AQUATRADE Glinde;112713;LS74867;ja;26.01.2026;Carmen Berger;25561;EPG Ehrhardt+Partner;Ehrhardt + Partner GmbH & Co. KG;Auf dem Königslande 37;22041;Hamburg;;;;
Planegg;112716;LS74868;ja;22.01.2026;Carmen Berger;61512;dm D2F0 vorm.1512 Haunstetten;dm Filiale D2F0 vormals 1512;Unterer Talweg 60;86179;Augsburg - Haunstetten;;;;
Planegg;112717;LS74869;ja;20.01.2026;Carmen Berger;24577;Chronocash GmbH;Chronocash GmbH;Hochbrückenstr. 8 EG;80331;München;;;;
Strecke;;LS74870;ja;19.01.2026;Florian Gräf;20299;GWA;GWA GmbH;Hohendodeleber Str. 8;39110;Magdeburg;;;;
Planegg;;LS74871;ja;19.01.2026;Carmen Berger;25483;ECARF Institute GmbH;ECARF Institute GmbH;Robert-Koch-Platz 7;10115;Berlin;;;;
VST Plep;112720;LS74872;ja;20.01.2026;Estaline Philander;24552;Ikano Bank;Ikano Bank AB (publ);Salierstr. 6;65189;Wiesbaden;;;;
Planegg;112721;LS74873;ja;19.01.2026;Mihaela Abmayr;20666;Cafe-Stube Klinik Teutobu;Café Stube Klinik Teutoburger Wald;Teutoburger Wald Straße 33;49214;Bad Rothenfelde;;;;
Planegg;112719;LS74874;ja;19.01.2026;Josefine Mättig;26977;Trinkflaschenexpress;Bottle-Print Vertriebs GmbH;Auf den Steinen 2,;37191;Katlenburg Lindau;;;;
Planegg;112719;LS74875;ja;28.01.2026;Josefine Mättig;26977;Trinkflaschenexpress;Bottle-Print Vertriebs GmbH;Auf den Steinen 2,;37191;Katlenburg Lindau;;;;
Planegg;112722;LS74876;ja;21.01.2026;Mihaela Abmayr;24106;Münchener Verein KV;Münchener Verein Krankenversicherung a.G.;Pettenkoferstr. 19;80336;München;;;;
Planegg;112723;LS74877;ja;20.01.2026;Estaline Philander;24381;Elevate Change vorm.easy Consu;Elevate Change GmbH;Rosa-Bavarese-Straße 15;80639;München;;;;
AQUATRADE Bram;112725;LS74878;ja;17.02.2026;Estaline Philander;25501;Falck Schellerten;Falck Rettungsdienst Nord GmbH;Rathausstr. 8;31174;Schellerten;;;;
aboutwater Bünde;109894;LS74879;ja;22.01.2026;Petra Gräf;21477;Trinkwassertechnik Brengartner;Endress + Hauser Deutschland GmbH+Co. KG;Vahrenwalderstr.133;30165;Hannover;;;;
Planegg;112727;LS74880;ja;19.01.2026;Josefine Mättig;26977;Trinkflaschenexpress;Bottle-Print Vertriebs GmbH;Auf den Steinen 2,;37191;Katlenburg Lindau;;;;
aboutwater Bünde;109894;LS74881;ja;22.01.2026;Petra Gräf;21477;Trinkwassertechnik Brengartner;Endress + Hauser Deutschland GmbH+Co. KG;Vahrenwalderstr.133;30165;Hannover;;;;
natürlich H2O;112726;LS74882;ja;28.01.2026;Estaline Philander;24449;Physiotherapie Mroz;Praxis für Physiotherapie Mróz;Kaiserstr. 113;12105;Berlin;;;;
VST Schörling;112728;LS74883;ja;21.01.2026;Estaline Philander;22078;Sprachschule Aktiv;Sprachschule Aktiv;Heßstraße 90;80797;München;;;;
Magnum Kuhnhenne;;LS73196.;ja;13.01.2026;Mihaela Abmayr;25250;Falck Ruppichteroth Much;Falck Notfallrettung und Kranken-;Hinter dem Bockemsfeld 1;53804;Much;;;;
Planegg;112730;LS74885;ja;20.01.2026;Estaline Philander;25900;A plus architektur GmbH;A plus architektur GmbH;Schillerstraße 40 b  /  5.OG;80336;München;;;;
aboutwater Frankfurt;112731;LS74886;ja;19.01.2026;Carmen Berger;25502;Winthrop Technologies;Winthrop Technologies GmbH;Assar-Gabrielsson-Strasse 18;63128;Frankfurt-Dietzenbach;;;;
Planegg;112732;LS74887;ja;21.01.2026;Estaline Philander;24848;Grill;Naturheilpraxis Florian Grill;Hohenwaldstrasse 39;82041;Oberhaching;;;;
Planegg;112733;LS74888;ja;19.02.2026;Josefine Mättig;25189;MAXX;MAXX GmbH;Hechinger Straße 41;72414;Rangendingen;;;;
Planegg;112734;LS74889;ja;20.01.2026;Estaline Philander;23012;Iyuno;Iyuno Germany GmbH;Lindwurmstraße 88  / 2.+3. OG;80337;München;;;;
Planegg;112735;LS74890;ja;20.01.2026;Estaline Philander;26110;Ramada Messe Aspire Munich;Ramada Munich Messe - Aspire Munich GmbH;Stahlgruberring 45;81829;München;;;;
Planegg;112736;LS74891;ja;21.01.2026;Estaline Philander;26701;incadea GmbH;incadea GmbH;St.-Martin-Straße 61;81669;München;;;;
Planegg;;LS74892;ja;05.02.2026;Petra Gräf;61030;dm D1IM vorm.1030 Augsburg;dm Filiale D1IM vormals 1030;Neuburger Straße 227;86196;Augsburg - Hammerschmiede;;;;
AQUATRADE Bram;112739;LS74893;ja;29.01.2026;Estaline Philander;21429;Maag;Maag GmbH;Zum Sauerland 4;59469;Ense;;;;
Planegg;112740;LS74894;ja;21.01.2026;Estaline Philander;26950;Eduvest GmbH;Munich University of Digital Technologies;Otto-Hahn-Ring 6   /  Geb. 75  /  5.OG;81739;München;;;;
AMW Auersperg;112741;LS74895;ja;22.01.2026;Estaline Philander;25966;St.Franziskus / Alexianer Agam;Alexianer Agamus GmbH;Kiepenheuerallee 21;;;;
Kyffhäuser;112742;LS74896;ja;21.01.2026;Florian Gräf;20668;Gastro Service Center e.K;MED VZ Dr. Kempe;Grimmaische Str. 16;04109;Leipzig;;;;
Planegg;112743;LS74897;ja;19.01.2026;Josefine Mättig;23160;Esmeyer GmbH & Co. KG;MEDIAN Saale Klinik Bad Kösen;Elly-Kutscher-Str. 14;06628;Naumburg;;;;
Planegg;112744;LS74898;ja;19.01.2026;Christian Irrgang;20234;Bühler-Catering;Bühler-Catering GmbH;Industriestr. 2 b;76275;Ettlingen;;;;
Emons;112746;LS74899;ja;22.01.2026;Christian Irrgang;21199;Trink Oase;Trink Oase GmbH & Co. KG;Steinfurter Straße 37;94353;Haibach;;;;
VST Schörling;112747;LS74900;ja;27.01.2026;Petra Gräf;25603;sdp energie GmbH;sdp energie Projekte GmbH;Starnbergerstr. 30;82069;Hohenschäftlarn;;;;
Strecke;112748;LS74901;ja;19.01.2026;Florian Gräf;21204;MB Well Service;MB Well Services GmbH;Hauptstraße;49824;Emlichheim;;;;
Planegg;112749;LS74902;ja;19.01.2026;Christian Irrgang;20191;Gleisner;Gleisner GmbH & Co.KG;Pegnitzstr. 13;91207;Lauf an der Pegnitz;;;;
Berlin Wein König;;LS74903;ja;20.01.2026;Carmen Berger;21144;Knotel;Knotel Berlin I GmbH;Stralauer Allee 2b;10245;Berlin;;;;
Planegg;;LS74904;ja;20.01.2026;Rene Kühn;20772;Crystal Water;Crystal Water;Rosenheimer Str. 34;85635;Höhenkirchen;;;;
aboutwater Frankfurt;112752;LS74905;ja;20.01.2026;Carmen Berger;25645;Etos Fitnessstudio Ziegler;ETOS Fitnessstudio;Hauptstr. 1;76744;Wörth am Rhein;;;;
VST Schörling;112753;LS74906;ja;27.01.2026;Logistik;25603;sdp energie GmbH;sdp energie Projekte GmbH;Starnbergerstr. 30;82069;Hohenschäftlarn;;;;
Planegg;;LS74907;nein;01.04.2026;Christian Irrgang;22403;RSI Rauh;RSI GmbH;Allgäuer Str. 26;87787;Wolfertschwenden;;;;
VST Schörling;106156;LS71021 FF;ja;13.01.2026;Petra Gräf;24773;MVI Group AUTOMOTIVE;MVI Group GmbH;Hufelandstraße 7a;80939;München;;;;
Planegg;112758;LS74909;ja;22.01.2026;Estaline Philander;25508;KFZ-Meisterbetrieb Mahat;KFZ-Meisterbetrieb Mahat;Aubing-Ost-Str. 1;81245;München;;;;
aboutwater Bünde;112757;LS74911;ja;23.01.2026;Andreas Pöppe;25020;Stadt Tecklenburg;Teutoburger-Wald-Schule Ledde;Schulstraße 5;49545;Tecklenburg - Ledde;;;;
natürlich H2O;110411;LS74914;ja;13.01.2026;Mihaela Abmayr;26603;DEURAG Deutsche Rechtsschutz-V;DEURAG Deutsche Rechtsschutz-Versicherung AG;Anton-Wilhelm-Amo-Straße 20/21;10117;Berlin;;;;
Planegg;112763;LS74915;ja;21.01.2026;Mihaela Abmayr;26018;Alessandro Contrucci;Alessandro Contrucci;2 A route de Rurange;57920;Metzeresche;;;;
Planegg;112599;LS74916;ja;21.01.2026;Petra Gräf;20359;TSCNET Services GmbH;TSCNET Services GmbH;Weihenstephaner Str. 9;81673;München;;;;
AQUATRADE Glinde;110413;LS74917;ja;12.01.2026;Mihaela Abmayr;24954;Nordlite;Nordlite Event Solutions GmbH;Lederstraße 15 B;22525;Hamburg;;;;
AMW Auersperg;112764;LS74918;ja;23.01.2026;Petra Gräf;22991;Gemeinde Rietz-Neuendorf;Gemeinde Rietz-Neuendorf;Fürstenwalder Str. 1;15848;Rietz-Neuendorf;;;;
aboutwater Frankfurt;112765;LS74919;ja;20.01.2026;Carmen Berger;25596;Australia and New Zealand Bank;Australia and New Zealand Banking Group Ltd.;Friedrich-Ebert-Anlage 35-37;60327;Frankfurt;;;;
Planegg;112759;LS74920;ja;22.01.2026;Petra Gräf;22000;Heine Optotechnik;HEINE Optotechnik GmbH & Co. KG;Dornierstraße 6;82205;Gilching;;;;
Kyffhäuser;112767;LS74921;ja;21.01.2026;Florian Gräf;23344;Falck Krankentransport;Falck Notfallrettung u.Krankentransp.GmbH;Wellerswalder Weg 22;04758;Oschatz;;;;
AQUATRADE Glinde;;LS74922;ja;13.01.2026;Mihaela Abmayr;24898;Anschütz;Anschütz GmbH;Zeyestr. 16-24;24106;Kiel;;;;
Kyffhäuser;112768;LS74923;ja;21.01.2026;Florian Gräf;23344;Falck Krankentransport;Falck Notfallrettung u.Krankentransp.GmbH;Parkstr. 1;04758;Oschatz;;;;
Kyffhäuser;112769;LS74924;ja;21.01.2026;Florian Gräf;23344;Falck Krankentransport;Falck Notfallrettung u.Krankentransp.GmbH;Alte Lindenstraße 5;04774;Dahlen OT Schmannewitz;;;;
Kyffhäuser;112770;LS74925;ja;21.01.2026;Florian Gräf;23344;Falck Krankentransport;Falck Notfallrettung u.Krankentransp.GmbH;KH Hubertusburg;04779;Wermsdorf;;;;
AQUATRADE Glinde;112760;LS74926;ja;16.02.2026;Estaline Philander;25460;Develogic GmbH;Develogic GmbH;Hammer Deich 70;20537;Hamburg;;;;
STK Service;112771;LS74927;nein;20.01.2026;Estaline Philander;23686;Falck Duisburg Hattingen Köln;Falck Notfallrettung und;Industriestr. 156;50996;Köln;;;;
Planegg;112773;LS74928;ja;21.01.2026;Mihaela Abmayr;27159;Gstreingastro GmbH;Gstreingastro GmbH;Oberlängenfeld 5 top 17;6444;Längenfeld;;;;
aboutwater Bünde;112640;LS74929;ja;09.02.2026;Carmen Berger;26173;Oberschule Bockenem;Oberschule Bockenem;Mahlumer Str. 20;31167;Bockenem;;;;
Emons;112640;LS74930;ja;09.02.2026;Carmen Berger;26173;Oberschule Bockenem;Oberschule Bockenem;Mahlumer Str. 20;31167;Bockenem;;;;
Planegg;112774;LS74932;ja;20.01.2026;Josefine Mättig;26977;Trinkflaschenexpress;Bottle-Print Vertriebs GmbH;Auf den Steinen 2,;37191;Katlenburg Lindau;;;;
CJM;;LI260017;ja;08.01.2026;Mihaela Abmayr;26111;Falck Päwesin;Falck Rettungsdienst Nord GmbH;Bollmannsruh 12;14778;Päwesin;;;;
Planegg;112775;LS74934;ja;20.01.2026;Josefine Mättig;26977;Trinkflaschenexpress;Auenlandklinik Bad Bramstedt GmbH;Oskar-Alexander-Str. 26;24576;Bad Bramstedt;;;;
Gänshirt-Aufmbruch;112778;LS74935;ja;26.01.2026;Andreas Pöppe;26056;Haus St. Josef gGmbH;Haus St. Josef gGmbH;Hehlrather Straße 6;52249;Eschweiler;;;;
Planegg;112715;LS74936;ja;21.01.2026;Mihaela Abmayr;23475;Karola Kleps;Karola Kleps;Fichtestr.2a;14806;Bad Belzig;;;;
Planegg;112779;LS74937;ja;20.01.2026;Josefine Mättig;23160;Esmeyer GmbH & Co. KG;Esmeyer GmbH & Co. KG;Bessemer Strasse 3-5;40699;Erkrath;;;;
Planegg;112780;LS74938;ja;20.01.2026;Estaline Philander;27153;Wiedemann & Berg;Wiedemann & Berg Film GmbH;Taunusstraße 21;80807;München;;;;
Emons;112782;LS74940;ja;20.01.2026;Christian Irrgang;24890;Schultz;Schanktechnik Schultz;Hermann-Körner-Straße 46;21465;Reinbek;;;;
Planegg;112777;LS74942;ja;20.01.2026;Christian Irrgang;25944;Redl Gastrosystems GmbH;Redl Gastrosystems GmbH;Gewerbering 8;2020;Hollabrunn;;;;
Kyffhäuser;110264;LS110264;ja;19.01.2026;Petra Gräf;20668;Gastro Service Center e.K;Volksbank-Raiffeisenbank Glauchau eG;Quergasse 1;08371;Glauchau;;;;
Planegg;110479;LS74944;ja;21.01.2026;Mihaela Abmayr;27134;Superyacht Spares BV;Superyacht Spares BV;Avelingen West 24;4202 M;Gorinchem;;;;
Schöttle - Haiterbach;112785;LS74945;ja;01.02.2026;Estaline Philander;24223;ELEKTRA Tailfingen;ELEKTRA Tailfingen Schaltgeräte GmbH & Co. KG;Brunnenstraße 48;72461;Albstadt;;;;
Planegg;112784;LS74946;ja;28.01.2026;Josefine Mättig;10095;PIERH2O SRL;PIERH2O SRL;Via Bisalta, 70;12100;Cuneo (CN);;;;
Planegg;112786;LS74947;ja;20.01.2026;Josefine Mättig;27160;Scholz gifts & print  GmbH;Scholz gifts & print  GmbH;Otto-Lilienthal-Str. 23c;27777;Ganderkesee | Germany;;;;
Planegg;112787;LS74948;ja;22.01.2026;Estaline Philander;26629;SKD SE;SKD SE;Frauenstraße 38;82221;Maisach;;;;
Planegg;112790;LS74949;nein;20.01.2026;Christian Irrgang;26933;Der Dorfwirt;Der Dorfwirt;Dorfstraße 7;86940;Schwifting;;;;
Planegg;;LS73606.;ja;20.01.2026;Petra Gräf;25854;Dr.Frühwein + Partner 2;Dr.Frühwein & Partner;Kaflerstr. 8;81241;München;;;;
Planegg;112791;LS74951;ja;20.01.2026;Christian Irrgang;21065;Attila AS Cafe & BAR;AS Cafe & Bar Service e.K.;Aidenbachstr. 72;81379;München;;;;
Planegg;112792;LS74952;ja;27.01.2026;Estaline Philander;22549;Remberg GmbH;remberg GmbH;Schillerstr. 23a;80336;München;;;;
Planegg;112793;LS74953;ja;28.01.2026;Josefine Mättig;27161;Schulverwaltung Bremen;Freie Hansestadt Bremen;Helgolander Straße 67/69;28217;Bremen;;;;
Planegg;112794;LS74954;ja;29.01.2026;Josefine Mättig;26932;AVIA;AVIA Deutschland GmbH;Grillparzerstraße 6;81675;München;;;;
Planegg;112795;LS74955;ja;26.01.2026;Estaline Philander;26225;Exentec Germany GmbH;Exentec Germany GmbH;Ammerthalstraße 22;85551;Kirchheim bei München;;;;
Planegg;112796;LS74956;ja;20.01.2026;Josefine Mättig;23160;Esmeyer GmbH & Co. KG;Esmeyer GmbH & Co. KG;Bessemer Strasse 3-5;40699;Erkrath;;;;
VST Schörling;112797;LS74957;ja;02.02.2026;Estaline Philander;22184;EPOS Bio Partner;EPOS Bio Partner Süd GmbH;Gewerbestraße 12;85652;Landsham-Pliening;;;;
Planegg;;LS74958;ja;20.01.2026;Rene Kühn;20772;Crystal Water;Crystal Water;Rosenheimer Str. 34;85635;Höhenkirchen;;;;
Planegg;112799;LS74959;ja;21.01.2026;Carmen Berger;21698;Mr. Lodge Brüning;Mr. Lodge GmbH;Barer Straße 32;80333;München;;;;
AQUATRADE Glinde;112800;LS74960;ja;23.01.2026;Carmen Berger;24954;Nordlite;Nordlite Event Solutions GmbH;Lederstraße 15 B;22525;Hamburg;;;;
Planegg;110451;LS74961;ja;21.01.2026;Florian Gräf;20561;Susanne Pöppe vorm.Aquatec;Erkul Schankanlagen;Sonnhalde 1/1;79312;Emmendingen;;;;
Planegg;112801;LS74962;ja;06.03.2026;Florian Gräf;20829;Fritz Steinhaus GmbH & Co;Fritz Steinhaus GmbH & Co. KG;Im Heidkamp 17;33334;Gütersloh;;;;
Planegg;112802;LS74963;ja;23.01.2026;Estaline Philander;22879;Bel Brands Deutschland GmbH;Bel Brands Deutschland GmbH;Einsteinring 30;85609;Aschheim-Dornach;;;;
Planegg;112690;LS74839.;ja;20.01.2026;Petra Gräf;23772;AM alpha KVGmbH;AM alpha KVGmbH;Sendlinger Straße 7;80331;München;;;;
Planegg;112803;LS74965;ja;21.01.2026;Estaline Philander;22169;Tourismus-Service Grömitz;Tourismus-Service Grömitz;Neuer Markt 1;23743;Grömitz;;;;
Planegg;112804;LS74966;ja;28.01.2026;Carmen Berger;24848;Grill;Karin Fränkel;Dietramszeller Straße 8;81371;München;;;;
VST Schörling;112805;LS74967;ja;22.01.2026;Estaline Philander;21745;BBC Treuhand;BBC Treuhand- und;Rosental 4;80331;München;;;;
Planegg;112806;LS74968;ja;21.01.2026;Estaline Philander;26330;EDL Dienstleistungen GmbH;EDL Dienstleistungen GmbH;Auf der Hub 22;76307;Karlsbad;;;;
Kyffhäuser;112807;LS74969;ja;22.01.2026;Carmen Berger;23343;Falck Rettungswache 31.PLA;Falck Notfallrettung und Katastrophenschutz;Herlasgrüner Str. 76;08223;Treuen;;;;
Kyffhäuser;112808;LS74970;ja;22.01.2026;Carmen Berger;23343;Falck Rettungswache 31.PLA;Falck Notfallrettung und Katastrophenschutz;Poeppigstraße 6;08529;Plauen;;;;
Kyffhäuser;112809;LS74971;ja;22.01.2026;Carmen Berger;23343;Falck Rettungswache 31.PLA;Falck Notfallrettung und Katastrophenschutz;Netzschkauer Str. 13;07985;Elsterberg;;;;
Planegg;112810;LS74972;ja;21.01.2026;Estaline Philander;22023;Joh. Wilh. von Eicken;Joh. Wilh. von Eicken GmbH;Drechslerstr. 1-3;23556;Lübeck;;;;
Planegg;112811;LS74973;ja;22.01.2026;Estaline Philander;24106;Münchener Verein KV;Münchener Verein Krankenversicherung a.G.;Pettenkoferstr. 19;80336;München;;;;
AMW Auersperg;112711;Korr.LS74866;ja;20.01.2026;Petra Gräf;24978;Zentral- und Landesbibliothek;BStB (Berliner Stadtbibliothek);Breite Str. 30-36;10178;Berlin;;;;
Planegg;;LS74976;ja;21.01.2026;Carmen Berger;26545;Nextbike;Nextbike GmbH;Im Ried 1;79268;Bötzingen;;;;
Planegg;112814;LS74978;ja;21.01.2026;Josefine Mättig;25542;Reisenthel Accessoires GmbH &;Reisenthel Accessoires GmbH & Co. KG;Zeppelinstraße 4;82205;Gilching;;;;
POSPRINT;112814;LS74979;ja;09.02.2026;Josefine Mättig;25542;Reisenthel Accessoires GmbH &;Reisenthel Accessoires GmbH & Co. KG;Zeppelinstraße 4;82205;Gilching;;;;
Planegg;112816;LS74980;ja;21.01.2026;Christian Irrgang;20191;Gleisner;Gleisner GmbH & Co.KG;Pegnitzstr. 13;91207;Lauf an der Pegnitz;;;;
Planegg;112815;LS74981;ja;23.01.2026;Estaline Philander;26754;Münchner Wohnen Service GmbH;Münchner Wohnen GmbH;Gustav-Heinemann-Ring 111;81739;München;;;;
Planegg;112817;LS74982;ja;21.01.2026;Florian Gräf;23113;Groz Beckert;Groz-Beckert KG;Theodor-Groz-Strasse 56;72458;Albstadt;;;;
Planegg;112818;LS74983;ja;27.01.2026;Estaline Philander;23283;msg life central europe Gmbh;msg life central europe Gmbh;Englschalkinger Str. 12;81925;München;;;;
POSPRINT;112819;LS74984;ja;16.02.2026;Josefine Mättig;23381;Aufzugswerke Schmitt + Sohn;Aufzugswerke Schmitt + Sohn GmbH & Co. KG;Hadermühle 9-15;90402;Nürnberg;;;;
aboutwater Frankfurt;112820;LS74985;ja;21.01.2026;Carmen Berger;26338;HELI EUROPE Headquarter GmbH;HELI EUROPE Headquarter GmbH;Grüner Weg 14;61169;Friedberg (Hessen);;;;
AMW Auersperg;112712;LS74986;ja;11.02.2026;Petra Gräf;22023;Joh. Wilh. von Eicken;Joh. Wilh. von Eicken GmbH;Drechslerstr. 1-3;23556;Lübeck;;;;
Planegg;112824;LS74987;ja;26.01.2026;Florian Gräf;21747;natürlich H2O / Kwasniok;natürlich H2O / Hansequelle Berlin;Veltener Straße 37f;16515;Oranienburg;;;;
Planegg;112825;LS74988;ja;21.01.2026;Josefine Mättig;27162;Jakobs Präsent Service GmbH;Jakobs Präsent Service GmbH;Von-Braun-Str. 31;46244;Bottrop;;;;
Planegg;112823;LS74989;ja;27.01.2026;Estaline Philander;25875;Kunze Medien AG;Kunze Medien AG;Leopoldstr. 250;80807;München;;;;
Planegg;112827;LS74990;ja;21.01.2026;Christian Irrgang;21698;Mr. Lodge Brüning;Mr. Lodge GmbH;Barer Straße 32;80333;München;;;;
aboutwater Frankfurt;112826;LS74991;ja;21.01.2026;Carmen Berger;24628;Sto SE & Co. KGaA;Sto SE & Co. KGaA;Im Rödling 9;64331;Weiterstadt;;;;
AMW Auersperg;112829;LS74992;ja;23.01.2026;Estaline Philander;21994;Lindemann, Berlin;Lindemann GmbH & Co.KG;Heusinger Straße 12-16;12107;Berlin;;;;
aboutwater Frankfurt;112831;LS74993;ja;02.03.2026;Petra Gräf;25882;myStorage GmbH;myStorage GmbH;Bornheimer Straße 151 a;53119;Bonn;;;;
Planegg;112832;LS74994;nein;01.04.2026;Florian Gräf;22403;RSI Rauh;RSI GmbH;Allgäuer Str. 26;87787;Wolfertschwenden;;;;
aboutwater Frankfurt;112833;LS74996;ja;21.01.2026;Petra Gräf;25882;myStorage GmbH;myStorage GmbH Stuttgart-Kallenberg;Schwieberdinger Str. 112;70825;Korntal-Münchingen;;;;
aboutwater Frankfurt;112834;LS74997;ja;04.02.2026;Petra Gräf;21537;Globus Handelshof St.Wendel 1;Globus Limburg;Mundipharmastraße 1;65549;Limburg;;;;
Planegg;112836;LS74998;ja;21.01.2026;Max Sanktjohanser;21710;Amazon Austria;Amazon Transport Austria GmbH;Frikusweg 5-7;8141;Premstätten;;;;
Emons;112847;LS74999;ja;21.01.2026;Christian Irrgang;21258;Coffice;Coffice Betriebsverpflegung KG;Achen 10;83137;Schonstett;;;;
Ewatec;112837;LS75000;ja;10.02.2026;Estaline Philander;20255;rebike 1 GmbH;Rebike Mobility GmbH;Zeppelinstr. 3  / Einfahrt 6;87437;Kempten;;;;
aboutwater Frankfurt;112838;LS75001;ja;21.01.2026;Estaline Philander;26213;Stadt Frankfurt am Main;Stadt Frankfurt am Main -Der Magistrat-;Solmsstraße 27-37;60486;Frankfurt am Main;;;;
Planegg;112840;LS75003;ja;21.01.2026;Florian Gräf;27163;Walther GmbH;Walther GmbH;Moosburger Straße 2;85413;Hörgertshausen;;;;
Planegg;;LS75004;ja;21.01.2026;Rene Kühn;20772;Crystal Water;Crystal Water;Rosenheimer Str. 34;85635;Höhenkirchen;;;;
Berlin Wein König;;LS75005;nein;22.01.2026;Petra Gräf;27165;Sweef;SWEEF;Prinzessinnenstr.8-14;10969;Berlin;;;;
Kyffhäuser;112839;LS75006;ja;03.02.2026;Petra Gräf;27164;Jugendherberge Wittenberg;Jugendherberge Wittenberg;Schlossstr. 14/15;06886;Lutherstadt Wittenberg;;;;
Gleisner;112843;LS75007;ja;23.02.2026;Petra Gräf;27086;Die Autobahn Nordbayern;Die Autobahn GmbH des Bundes - NL Nordbayern;Berndorfer Str. 15;95349;Thurnau;;;;
Gleisner;112844;LS75008;ja;23.02.2026;Petra Gräf;27086;Die Autobahn Nordbayern;Die Autobahn GmbH des Bundes - NL Nordbayern;Berndorfer Str. 15;95349;Thurnau;;;;
Planegg;112845;LS75009;ja;22.01.2026;Florian Gräf;23338;Le Gastro;Andreas Salzer;Am Wallgraben 4;99880;Waltershausen;;;;
aboutwater Frankfurt;110439;Korr.Ret.1912;ja;22.01.2026;Petra Gräf;25048;HCC (1) Hessische Zentrale;Hessische Zentrale für Datenverarbeitung;Mackenzeller Str. 3;36088;Hünfeld;;;;
Planegg;112847;LS75011;ja;22.01.2026;Christian Irrgang;21258;Coffice;Coffice Betriebsverpflegung KG;Achen 10;83137;Schonstett;;;;
Kyffhäuser;112849;LS75013;ja;22.01.2026;Florian Gräf;20708;Kyffhäuser Waterworld;Kyffhäuser Waterworld;Brauereistraße 4;06556;Artern;;;;
aboutwater Frankfurt;110439;LS73518_GS;ja;22.01.2026;Mihaela Abmayr;25048;HCC (1) Hessische Zentrale;Hessische Zentrale für Datenverarbeitung;Mackenzeller Str. 3;36088;Hünfeld;;;;
Planegg;110273;LS75015;ja;22.01.2026;Max Sanktjohanser;25189;MAXX;MAXX GmbH;Hechinger Straße 41;72414;Rangendingen;;;;
VST Plep;;LS75016;ja;26.01.2026;Florian Gräf;25602;Hochschule Mainz;Hochschule Mainz;Lucy-Hillebrand-Straße 2;55128;Mainz;;;;
aboutwater Frankfurt;;LS73518.;ja;13.01.2026;Mihaela Abmayr;25048;HCC (1) Hessische Zentrale;Hessische Zentrale für Datenverarbeitung;Mackenzeller Str. 3;36088;Hünfeld;;;;
Planegg;;LS75018;ja;22.01.2026;Petra Gräf;24360;Headmasters & Beauty;Headmasters & Beauty;Klenzestraße 88;80469;München;;;;
CJM;;LS75019;ja;03.02.2026;Petra Gräf;27023;Schülerhilfe Frank Nichterlein;Schülerhilfe Pirna;Jacobäerstr. 1;01796;Pirna;;;;
Planegg;112853;LS75022;ja;27.01.2026;Max Sanktjohanser;27075;Holzbau Meiberger;Holzbau Meiberger;Lofer 304;5090;Lofer;;;;
VST Schörling;112856;LS75021;ja;26.01.2026;Carmen Berger;27092;RECIPE Chemicals + Instruments;RECIPE Chemicals + Instruments GmbH;Dessauerstraße 3;80992;München;;;;
Dolphin, Bonstetten;112855;LS75020;ja;22.01.2026;Florian Gräf;20587;Getränke-Service Neumann;Getränke-Service Neumann;Siemensstraße 12;79108;Freiburg;;;;
Planegg;112857;LS75024;ja;22.01.2026;Josefine Mättig;23353;Klarwa GmbH;klarwa GmbH;Auf dem Großstück 2;51580;Reichshof-Hunsheim;;;;
aboutwater Frankfurt;;LS75025;ja;22.01.2026;Carmen Berger;25048;HCC (1) Hessische Zentrale;Hessische Zentrale für Datenverarbeitung;Lessingstr. 2 EG Aufenthaltsraum;65185;Wiesbaden;;;;
Planegg;112860;LS75026;ja;27.01.2026;Petra Gräf;20665;Accord Healthcare GmbH;Accord Healthcare GmbH;Hansastraße 32  / 5.OG;80686;München;;;;
Planegg;112862;LS75027;ja;26.01.2026;Mihaela Abmayr;27167;Manuel Steinborn;Manuel Steinborn;Max-Paul-Straße 1;88525;Dürmentingen;;;;
Planegg;112861;LS75028;ja;29.01.2026;Estaline Philander;22805;RC Beton Bau SRL;RC Beton Bau SRL;Schuegrafstraße 9;81245;München;;;;
Planegg;112863;LS75029;ja;22.01.2026;Estaline Philander;24354;Delta Alpha;Dêlta alpha;Carnotstraße 55;39120;Magdeburg;;;;
Kyffhäuser;112846;LS75030;ja;04.02.2026;Estaline Philander;24330;DIS AG;DIS AG;An der Kreuzkirche 6;01067;Dresden;;;;
natürlich H2O;112864;LS75031;ja;28.01.2026;Estaline Philander;23969;Topos;TOPOS Versicherungskontor GmbH;Scharnweberstr. 130/131;13405;Berlin;;;;
Planegg;112876;LS75033;ja;26.01.2026;Estaline Philander;26523;Deutsche Post Freising;Deutsche Post AG;Bahnhofstr. 7;85221;Dachau;;;;
STK Service;;LS73456.;ja;22.01.2026;Petra Gräf;27168;Regus Vivid (2) Düsseldorf;Vivid Resourcing GmbH;Kaiserswerther Str. 135;40474;Düsseldorf;;;;
Planegg;112865;LS75034;ja;22.01.2026;Josefine Mättig;23160;Esmeyer GmbH & Co. KG;Esmeyer GmbH & Co. KG;Bessemer Strasse 3-5;40699;Erkrath;;;;
Planegg;112878;LS75035;ja;26.01.2026;Estaline Philander;26523;Deutsche Post Freising;Deutsche Post AG;Dachauer Str. 63;85435;Erding;;;;
Planegg;112877;LS75036;ja;23.01.2026;Estaline Philander;26523;Deutsche Post Freising;Deutsche Post AG;Hans-Pinsel-Str. 7;85540;Haar;;;;
Emons;112839;LS75006-1;ja;22.01.2026;Petra Gräf;27164;Jugendherberge Wittenberg;Jugendherberge Wittenberg;Schlossstr. 14/15;06886;Lutherstadt Wittenberg;;;;
AQUATRADE Bram;112869;LS75039;ja;01.02.2026;Carmen Berger;26683;bbL Beton;bbL Beton GmbH;Innerstetal 8;38685;Langelsheim;;;;
Planegg;112870;LS75040;ja;02.02.2026;Josefine Mättig;23984;Stadtwerke Stuttgart GmbH;Stadtwerke Stuttgart GmbH;Kesselstraße 21-23;70327;Stuttgart;;;;
Planegg;112848;LS75041;ja;22.01.2026;Max Sanktjohanser;25155;Amazon Helmstedt;Amazon Helmstedt GmbH (Non-Inventory);AM GLUESIG 5;39365;Harbke;;;;
Kyffhäuser;112872;LS75042;ja;22.01.2026;Florian Gräf;20708;Kyffhäuser Waterworld;Kyffhäuser Waterworld;Brauereistraße 4;06556;Artern;;;;
STK Service;112871;LS75043;ja;05.02.2026;Petra Gräf;27170;Freihoff Sicherheitsservice;Freihoff Sicherheitsservice GmbH;Herzogstraße 8;40764;Langenfeld;;;;
Planegg;;LS75044;ja;26.01.2026;Christian Irrgang;20695;Gusto Kaffee GmbH;ICT Integrated Circuit;Ammerthalstraße 20;85551;Kirchheim bei München;;;;
Planegg;112874;LS75045;ja;28.01.2026;Josefine Mättig;26977;Trinkflaschenexpress;Bottle-Print Vertriebs GmbH;Auf den Steinen 2,;37191;Katlenburg Lindau;;;;
Planegg;;LS75046;ja;28.01.2026;Mihaela Abmayr;24106;Münchener Verein KV;Münchener Verein Krankenversicherung a.G.;Pettenkoferstr. 19;80336;München;;;;
Planegg;112871;LS75048;ja;02.02.2026;Petra Gräf;27170;Freihoff Sicherheitsservice;Freihoff Sicherheitsservice GmbH;Herzogstraße 8;40764;Langenfeld;;;;
Planegg;112887;LS75049;ja;22.01.2026;Christian Irrgang;20191;Gleisner;Gleisner GmbH & Co.KG;Pegnitzstr. 13;91207;Lauf an der Pegnitz;;;;
AQUATRADE Glinde;112868;LS75050;ja;26.01.2026;Carmen Berger;25561;EPG Ehrhardt+Partner;Ehrhardt + Partner GmbH & Co. KG;Auf dem Königslande 37;22041;Hamburg;;;;
Planegg;112880;LS75051;ja;23.01.2026;Estaline Philander;26523;Deutsche Post Freising;Deutsche Post AG;Wiegenfeldring 7;85570;Markt Schwaben;;;;
Deutscher;112879;LS75052;ja;22.01.2026;Max Sanktjohanser;24580;Terminal for Kids GgmbH;Kita KinderArche;Hugo-Kallenbach-Straße 61;65931;Frankfurt-Sindlingen;;;;
Planegg;112881;LS75054;ja;22.01.2026;Mihaela Abmayr;20821;spaceopal GmbH;spaceopal GmbH;Arnulfstraße 58;80335;Munich;;;;
Planegg;112883;LS75055;ja;22.01.2026;Florian Gräf;20668;Gastro Service Center e.K;Volksbank-Raiffeisenbank Glauchau eG;Quergasse 1;08371;Glauchau;;;;
Planegg;112882;LS75053;ja;27.01.2026;Estaline Philander;26523;Deutsche Post Freising;Deutsche Post AG;Bahnhofstr. 12;85368;Moosburg;;;;
Planegg;112884;LS75057;ja;23.01.2026;Mihaela Abmayr;27171;Frankfurt School of Finan;Frankfurt School of Finance & Manag;Adickesallee 32-34;60322;Frankfurt am Main;;;;
Planegg;112885;LS75058;ja;02.02.2026;Estaline Philander;26931;EL AL Israel Airlines;EL AL Israel Airlines;Sicherheitsabteilung;85334;Muenchen-Flughafen;;;;
Ewatec;112888;LS75059;ja;01.04.2026;Estaline Philander;23560;Vortex;Vortex Europe GmbH;Glaserstr. 3;87463;Dietmannsried;;;;
Planegg;;LS75060;nein;01.04.2026;Florian Gräf;20191;Gleisner;Gleisner GmbH & Co.KG;Pegnitzstr. 13;91207;Lauf an der Pegnitz;;;;
Planegg;112891;LS75062;ja;23.01.2026;Estaline Philander;25503;COmarketing;COmarketing GmbH;Messerschmittstr. 4;89343;Jettingen-Scheppach;;;;
Planegg;112892;LS75063;ja;27.01.2026;Estaline Philander;25972;Kreisstadt Steinfurt;Rathaus der Kreisstadt Steinfurt;Emsdettener Straße 40;48565;Steinfurt;;;;
AQUATRADE Glinde;112893;LS75064;ja;28.01.2026;Estaline Philander;26647;Mammographie-Screening-Einheit;Mammographie-Screening-Einheiten Hamburg GbR;Mönckebergstr. 11;20095;Hamburg;;;;
AMW Auersperg;112894;LS75065;ja;18.02.2026;Estaline Philander;24105;Hive;Hive Technologies GmbH HQ;Karl-Liebknecht-Straße 14;10178;Berlin;;;;
AMW Auersperg;112895;LS75066;ja;28.01.2026;Estaline Philander;23336;Gebeco GmbH & Co. KG;Gebeco GmbH & Co. KG;Holzkoppelweg 19;24118;Kiel;;;;
Planegg;112896;LS75067;ja;22.01.2026;Max Sanktjohanser;25693;Amazon Horn-Bad Meinberg;c/o B Logistik GmbH (PAD2);Steinkühlerstr. 1;32756;Detmold;;;;
Planegg;112897;LS75068;ja;22.01.2026;Max Sanktjohanser;25693;Amazon Horn-Bad Meinberg;Amazon Horn-Bad Meinberg GmbH;Steinkühlerstr. 1;32756;Detmold;;;;
Planegg;112898;LS75069;ja;22.01.2026;Max Sanktjohanser;27173;Amazon;Amazon Koblenz GmbH CGN 1;August-Horch-Str. 2-4;56068;Koblenz;;;;
VST Schörling;107981;LS71907.;ja;21.01.2026;Petra Gräf;21450;ThinxNet;ryd GmbH;Landsberger Str. 94;80339;München;;;;
Planegg;112901;LS75071;ja;28.01.2026;Carmen Berger;24202;Berufsfachschule für Pflege;Berufsfachschule für Pflege;Heinz-Goerke-Str. 5;81377;München;;;;
Planegg;112902;LS75072;ja;23.01.2026;Josefine Mättig;20342;Johner Aqua Team;Johner Aqua Team;Am Stollen 1/1;79261;Gutach;;;;
Planegg;112903;LS75073;ja;26.01.2026;Carmen Berger;24071;MVZ Pfaffenhofen;MVZ Pfaffenhofen;Hohenwarterstrasse 31;85276;Pfaffenhofen;;;;
Planegg;112900;LS75074;ja;02.02.2026;Petra Gräf;22768;Discovery Communications;Discovery Communications Deutschland GmbH&Co;Betastraße 1;85774;Unterföhring;;;;
Planegg;112900;LS75075;ja;02.03.2026;Petra Gräf;22768;Discovery Communications;Discovery Communications Deutschland GmbH&Co;Betastraße 1;85774;Unterföhring;;;;
Planegg;112904;LS75076;ja;23.01.2026;Max Sanktjohanser;26204;Carl Hanser Verlag;Carl Hanser Verlag GmbH & Co. KG;Vilshofener Str. 10;81679;München;;;;
Planegg;112905;LS75077;ja;23.01.2026;Max Sanktjohanser;27048;ATHOS;ATHOS KG;Rosenheimer Platz 6;81669;München;;;;
aboutwater Frankfurt;112907;LS75078;ja;27.01.2026;Andreas Pöppe;25185;Medizinischer Dienst Baden-Wür;Medizinischer Dienst Baden-Württemberg;An der Friedrichshöhe 2;97941;Tauberbischofsheim;;;;
Teamblue Bad Münder;112909;LS75079;ja;23.01.2026;Florian Gräf;20299;GWA;GWA GmbH;Hohendodeleber Str. 8;39110;Magdeburg;;;;
VST Schörling;;LS75080;ja;02.02.2026;Carmen Berger;23450;Traut Bürokommunikation;TRAUT Bürokommunikation GmbH & Co. KG;Boschstr. 10;82178;Puchheim;;;;
Dolphin, Bonstetten;112911;LS75081;ja;23.01.2026;Florian Gräf;20191;Gleisner;Gleisner GmbH & Co.KG;Pegnitzstr. 13;91207;Lauf an der Pegnitz;;;;
Planegg;112906;LS75082;ja;23.01.2026;Christian Irrgang;20515;Augustin Catering GmbH;Augustin Catering GmbH;Hauptstraße 18;86920;Denklingen;;;;
Planegg;112906;LS75084;ja;23.01.2026;Christian Irrgang;20515;Augustin Catering GmbH;Augustin Catering GmbH;Hauptstraße 18;86920;Denklingen;;;;
Emons;112912;LS75085;ja;26.01.2026;Florian Gräf;23144;Therme Amadé;Therme Amadé Badbetriebsführungs GmbH;Thermenplatz 1;5541;Altenmarkt im Pongau;;;;
AQUATRADE Glinde;112915;LS75086;ja;03.02.2026;Carmen Berger;26689;Falck Rettungsdienst Werder;Rettungswache Flensburg West 2;Lilienthalstr. 21;24941;Flensburg;;;;
Planegg;;LS75087;ja;26.01.2026;Christian Irrgang;10160;AVALESS;Elke Niehaus;Im Apfelbaumland 43;49584;Fürstenau;;;;
Planegg;112908;LS75088;ja;28.01.2026;Estaline Philander;21989;TF Gastro Tobi;Vini Puri 2.0;Fritz-Endres-Str. 4;81373;München;;;;
Planegg;112917;LS75089;ja;26.01.2026;Carmen Berger;26665;Private Wirtschaftsschule Sche;Private Wirtschaftsschule Scheibner e.V.;Max-Mannheimer-Platz 1;85221;Dachau;;;;
Planegg;112920;LS75090;ja;23.01.2026;Max Sanktjohanser;27176;Amazon VZ Garbsen;Amazon VZ Garbsen GmbH (HAJ8);Grabenfeld 1;30823;Garbsen;;;;
aboutwater Frankfurt;;LS75091;ja;23.01.2026;Carmen Berger;26600;Schulamt MKK;Schulamt MKK;Hessen-Homburg-Platz 8;63452;Hanau;;;;
Planegg;112919;LS75092;ja;26.01.2026;Mihaela Abmayr;27175;Schweizer Lunch-Check;Schweizer Lunch-Check;Mövenstrasse 12;9015;St. Gallen;;;;
Planegg;112922;LS75093;ja;23.01.2026;Estaline Philander;20563;PPO GmbH;PPO GmbH;Bahnhofstr. 98  / 3.OG;82166;Gräfelfing;;;;
STK Service;;LS75094;ja;26.01.2026;Carmen Berger;23686;Falck Duisburg Hattingen Köln;(RW4) Falck Notfallrettung und;Dr. Wilhelm-Roelen-Str. 200;47179;Duisburg;;;;
natürlich H2O;112924;LS75095;ja;27.01.2026;Carmen Berger;25004;Zentrum für Pränataldiagnostik;Zentrum für Pränataldiagnostik und;Kurfürstendamm 199 / 2.OG;10719;Berlin;;;;
Gänshirt-Aufmbruch;112925;LS75096;ja;26.01.2026;Carmen Berger;23814;Stadt Würselen;Stadt Würselen;Lindenplatz 24,  1.OG;52146;Würselen;;;;
aboutwater Bünde;107839;LS71770-2;ja;06.02.2026;Florian Gräf;26902;Kreis Paderborn;Kreis Paderborn;Aldegreverstr. 10 - 14;33102;Paderborn;;;;
AQUATRADE Glinde;112926;LS75098;ja;26.01.2026;Carmen Berger;25561;EPG Ehrhardt+Partner;Ehrhardt + Partner GmbH & Co. KG;Auf dem Königslande 37;22041;Hamburg;;;;
Planegg;111969;LS75099;ja;28.01.2026;Petra Gräf;20255;rebike 1 GmbH;Rebike Mobility GmbH;Aidenbachstraße 54;81379;München;;;;
Emons;112927;LS75100;ja;23.01.2026;Florian Gräf;21737;Heuser;Heuser GmbH;Waldstr. 23 / B10;63128;Dietzenbach;;;;
Gleisner;112928;LS75101;ja;02.02.2026;Petra Gräf;27179;Kühne+Nagel;Kuehne + Nagel (AG & Co.) KG;Messezentrum 1;90471;Nürnberg;;;;
Planegg;112929;LS75102;ja;23.01.2026;Max Sanktjohanser;22526;Amazon Deutschland N18 Trans.;Amazon Deutschland N18 Transport GmbH;Am alten Flughafen 1;04356;Leipzig;;;;
aboutwater Frankfurt;112931;LS75104;ja;23.01.2026;Carmen Berger;24497;Gauterin;Gustav Gauterin e.K.;Industriestraße 18c;61381;Friedrichsdorf;;;;
Kyffhäuser;112932;LS75105;ja;10.02.2026;Petra Gräf;22992;Stadtverwaltung Radebeul;Historisches Rathaus - keine TWA;Pestalozzistraße 6;01445;Radebeul;;;;
Planegg;112933;LS75107;ja;23.01.2026;Max Sanktjohanser;27180;Förderverein Sankt Wolfgang;Förderverein Sankt Wolfgang;Hutackerstraße 14;84427;Sankt Wolfgang;;;;
Planegg;112934;LS75108;ja;26.01.2026;Thierry Brunner;21065;Attila AS Cafe & BAR;AS Cafe & Bar Service e.K.;Aidenbachstr. 72;81379;München;;;;
Planegg;;LS75109;ja;23.01.2026;Rene Kühn;20772;Crystal Water;Crystal Water;Rosenheimer Str. 34;85635;Höhenkirchen;;;;
Planegg;112936;LS75110;ja;26.01.2026;Estaline Philander;25882;myStorage GmbH;myStorage GmbH Stuttgart-Kallenberg;Schwieberdinger Str. 112;70825;Korntal-Münchingen;;;;
Gänshirt-Aufmbruch;112938;LS75111;ja;29.01.2026;Petra Gräf;23338;Le Gastro;Deutsche Post AG;Germania Str. 56, 60, 60A;44379;Dortmund;;;;
Planegg;112937;LS75112;ja;28.01.2026;Estaline Philander;24561;EcoG GmbH;EcoG GmbH;Truderinger Straße 283;81825;München;;;;
aboutwater Frankfurt;112939;LS75113;ja;26.01.2026;Carmen Berger;27130;Piab Vakuum;Piab Vakuum GmbH;Otto-Hahn Str. 14;35510;Butzbach;;;;
Planegg;112940;LS75114;ja;26.01.2026;Estaline Philander;25446;Max Rubner-Institut;Max Rubner-Institut;Haid-und-Neu-Str. 9;76131;Karlsruhe;;;;
Planegg;112941;LS75115;ja;26.01.2026;Florian Gräf;20299;GWA;GWA GmbH;Hohendodeleber Str. 8;39110;Magdeburg;;;;
AMW Auersperg;112943;LS75116;ja;02.02.2026;Carmen Berger;24728;Berufsbildungswerk Oberlinhaus;Berufsbildungswerk im Oberlinhaus gGmbH;Steinstraße 80 - 84;14480;Potsdam;;;;
AQUATRADE Bram;112945;LS75117;ja;02.02.2026;Florian Gräf;21204;MB Well Service;MB Well Services GmbH;Uttumer Straße;26736;Krummhörn;;;;
Planegg;112944;LS75118;ja;26.01.2026;Max Sanktjohanser;21852;Amazon Deutschland E2 Trans.;Amazon Deutschland E2 Transport GmbH;Joseph-Meyer-Straße 5;99095;Erfurt;;;;
Gänshirt-Aufmbruch;112942;LS75119;ja;04.02.2026;Estaline Philander;25967;Wasserverband Eifel-Rur;Wasserverband Eifel-Rur;Krefelder Str. 299;52070;Aachen;;;;
Planegg;112948;LS75120;ja;26.01.2026;Florian Gräf;20381;The Water Purifier NV;The Water Purifier NV;Genebroekstraat 82;3581;Beverlo;;;;
Planegg;112947;LS75121;ja;28.01.2026;Estaline Philander;24106;Münchener Verein KV;Münchener Verein Krankenversicherung a.G.;Pettenkoferstr. 19;80336;München;;;;
Schöttle - Haiterbach;112950;LS75122;ja;11.02.2026;Estaline Philander;21612;Bless You Bartenbach;BLESS YOU. Apotheke Bartenbach;Lerchenberger Straße 26;73035;Göppingen;;;;
Planegg;112951;LS75123;ja;26.01.2026;Florian Gräf;24138;TRUE Coffee di Fina;TRUE GmbH;Weyerhofstraße 68;47803;Krefeld;;;;
Ewatec;101143;LS68110.;ja;12.01.2026;Mihaela Abmayr;23560;Vortex;Vortex Europe GmbH;Unterwanger Straße 3;87439;Kempten (Allgäu);;;;
Planegg;112949;LS75126;ja;03.02.2026;Max Sanktjohanser;23119;ARGE Marienhof;ARGE Marienhof;Landschaftstraße 5;80331;München;;;;
STK Service;112952;LS75127;ja;28.01.2026;Estaline Philander;23686;Falck Duisburg Hattingen Köln;(RW3) Falck Notfallrettung und;Duisburger Straße 145;47166;Duisburg;;;;
Planegg;112954;LS75129;ja;26.01.2026;Florian Gräf;20381;The Water Purifier NV;The Water Purifier NV;Genebroekstraat 82;3581;Beverlo;;;;
Planegg;112955;LS75131;ja;28.01.2026;Estaline Philander;23732;la Boutique Amelie Schöttner;Petra Schöttner;Waldsiedlung 9;82041;Deisenhofen;;;;
Planegg;112956;LS75132;ja;27.01.2026;Mihaela Abmayr;27182;Soldan Witowski SoWi GbR;Soldan Witowski SoWi GbR;Hohnerstr. 25;70469;Stuttgart;;;;
Planegg;112867;LS75133;ja;04.02.2026;Max Sanktjohanser;27053;Südstern-Bölle;Südstern - Bölle AG + Co KG;Georg-Fischer-Straße 55-57;78224;Singen;;;;
Planegg;112957;LS75135;ja;28.01.2026;Estaline Philander;26166;AFR Engineering GmbH;AFR Engineering GmbH;Moosacher Straße 73;80809;München;;;;
Planegg;112960;LS75136;nein;01.04.2026;Christian Irrgang;27183;Estaline Philander;Estaline Philander;Dorfstr. 24;86926;Windach OT Hechenwang;;;;
aboutwater Frankfurt;112961;LS75139;ja;26.01.2026;Carmen Berger;26484;HCC 2;HCC - Hessisches Competence Center;Stolzenmorgen 36;35394;Gießen;;;;
AQUATRADE Glinde;;LS75138;ja;20.01.2026;Mihaela Abmayr;24898;Anschütz;Anschütz GmbH;Zeyestr. 16-24;24106;Kiel;;;;
aboutwater Frankfurt;112963;LS75140;ja;26.01.2026;Carmen Berger;26484;HCC 2;HCC - Hessisches Competence Center;Stolzenmorgen 38;35394;Gießen;;;;
Planegg;112964;LS75141;ja;26.01.2026;Max Sanktjohanser;27041;Timo Schreier;Timo Schreier;Allee 1;96484;Meeder;;;;
natürlich H2O;112965;LS75142;ja;11.02.2026;Petra Gräf;27184;Bundesverband freier Tankstell;Bundesverband freier Tankstellen und;Reinhardtstr. 12;10117;Berlin;;;;
Planegg;112572;LS75143;ja;27.01.2026;Christian Irrgang;26776;Gordon Jannke;Gordon Jannke;Buchenstrasse 2;18375;Prerow;;;;
Planegg;112965;LS75145;ja;27.01.2026;Petra Gräf;27184;Bundesverband freier Tankstell;Bundesverband freier Tankstellen und;Reinhardtstr. 12;10117;Berlin;;;;
AQUATRADE Glinde;112966;LS75146;ja;28.01.2026;Estaline Philander;25831;NSG Dienstleistungs GmbH;NSG Dienstleistungs GmbH;Kieler Straße 675;22527;Hamburg;;;;
Planegg;112946;LS75147;ja;26.01.2026;Christian Irrgang;26102;Niedersachsen Wasser;OOWV-Museum Kaskade - Infohaus Wasser;Bäderstraße 2;26349;Jade;;;;
Emons;112946;LS75148;ja;26.01.2026;Christian Irrgang;26102;Niedersachsen Wasser;OOWV-Museum Kaskade - Infohaus Wasser;Bäderstraße 2;26349;Jade;;;;
Emons;112946;LS75149;ja;23.02.2026;Christian Irrgang;26102;Niedersachsen Wasser;OOWV-Museum Kaskade - Infohaus Wasser;Bäderstraße 2;26349;Jade;;;;
Planegg;112969;LS75150;ja;26.01.2026;Florian Gräf;21367;AKONTECH König;Pelmennaia-Backshop;Alte Jakobstr. 77;10179;Berlin;;;;
Planegg;112970;LS75152;ja;27.01.2026;Estaline Philander;26523;Deutsche Post Freising;Deutsche Post AG;Münchener Str. 2;85635;Höhenkirchen-Siegertsbrunn;;;;
AQUATRADE Glinde;112973;LS75153;ja;03.02.2026;Estaline Philander;24954;Nordlite;Nordlite Event Solutions GmbH;Lederstraße 15 B;22525;Hamburg;;;;
VST Schörling;112974;LS75154;ja;02.02.2026;Estaline Philander;22000;Heine Optotechnik;HEINE Optotechnik GmbH & Co. KG;Dornierstraße 6;82205;Gilching;;;;
aboutwater Frankfurt;;LS75155;ja;26.01.2026;Carmen Berger;26578;Voltaris;VOLTARIS GmbH;Voltastraße 3;67133;Maxdorf;;;;
Planegg;112975;LS75156;ja;26.01.2026;Max Sanktjohanser;26194;Das-ee;DAS Environmental Expert GmbH;Goppelner Strasse 44;01219;Dresden;;;;
Planegg;112977;LS75157;ja;26.01.2026;Max Sanktjohanser;27038;Francesco de Falco;Villa Silvia;Via Atenolfi 53;84013;Cava de Tirreni (SA);;;;
STK Service;112978;LS75158;ja;28.01.2026;Estaline Philander;24430;M+K Horsthemke;M+K Horsthemke GmbH;Kirchhellener Str. 130;46145;Oberhausen;;;;
aboutwater Frankfurt;110486;LS75159;ja;27.01.2026;Carmen Berger;22999;Hormuth GmbH;Hormuth GmbH;Im Bieth 26;69124;Heidelberg;;;;
VST Schörling;110601;LS73707.;ja;26.01.2026;Petra Gräf;22246;Agentur für Arbeit München;Auslagerung OS;Gustav-Heinemann-Ring 212;81739;München;;;;
Strecke;106324;LS75161;ja;27.01.2026;Florian Gräf;23986;Mengwein JHM;Auto Mäuer;Altpraunheim 39;60488;Frankfurt a.M.;;;;
Strecke;109535;LS75162;ja;31.01.2026;Florian Gräf;20381;The Water Purifier NV;The Water Purifier NV;Genebroekstraat 82;3581;Beverlo;;;;
Planegg;;LS75163;ja;27.01.2026;Carmen Berger;24294;Karin Rangger;Lohnbuchhaltungs-Service Karin Rangger;Tölzer Straße 2B;82041;Oberhaching;;;;
Planegg;112980;LS75164;ja;29.01.2026;Estaline Philander;26251;feno GmbH;feno GmbH;Raiffeisenallee 3;82041;Oberhaching;;;;
STK Service;112985;LS75165;nein;27.01.2026;Estaline Philander;26948;facilicon GmbH;facilicon GmbH;An der Wachsfabrik 17;50996;Köln;;;;
VST Schörling;;LS75166;ja;04.02.2026;Petra Gräf;21497;Sparda München;Sparda-Bank München eG;Arnulfstr. 15;80335;München;;;;
Planegg;112987;LS75167;ja;27.01.2026;Estaline Philander;22522;Arcus Elektrotechnik;Arcus Elektrotechnik Alois Schiffmann GmbH;Truderinger Str. 199;81673;München;;;;
aboutwater Bünde;;LS75168;ja;30.01.2026;Petra Gräf;26853;AUGUST STORCK KG;AUGUST STORCK KG;Paulinenweg 12;33790;Halle (Westf.);;;;
Planegg;112990;LS75169;ja;03.02.2026;Florian Gräf;21935;Decoprint Druckerei GmbH;Decoprint Druckerei GmbH;Höger Damm 6;49632;Essen / Oldenburg;;;;
Planegg;112979;LS75170;ja;27.01.2026;Florian Gräf;22521;Evac Germany;EVAC Germany Hemmoor GmbH;Stader Str. 113;21745;Hemmoor;;;;
Planegg;112988;LS75171;ja;27.01.2026;Max Sanktjohanser;27187;nutrend;NUTREND D.S., a.s.;Chválkovice 604;77900;Olomouc;;;;
Planegg;112983;LS75172;ja;27.01.2026;Josefine Mättig;27188;Globality Pack;Globality Pack;Glorieta de España, 21 - 965553210;03440;IBI (Alicante);;;;
Planegg;112989;LS75173;ja;30.01.2026;Estaline Philander;26448;Grundschule Eversbuschstraße;Grundschule Eversbuschstraße;Eversbuschstraße 182;80999;München;;;;
STK Service;112993;LS75174;ja;04.02.2026;Estaline Philander;23781;Fischer;A. Fischer & Söhne GmbH;Altenbochumer Straße 15-21;44803;Bochum;;;;
aboutwater Bünde;112992;LS75175;ja;28.01.2026;Petra Gräf;26853;AUGUST STORCK KG;AUGUST STORCK KG;Paulinenweg 12;33790;Halle (Westf.);;;;
aboutwater Bünde;112995;LS75176;ja;28.01.2026;Petra Gräf;26853;AUGUST STORCK KG;AUGUST STORCK KG;Paulinenweg 12;33790;Halle (Westf.);;;;
Planegg;112994;LS75177;ja;27.01.2026;Josefine Mättig;27189;Landhaus Hohly;Landhaus Hohly;Friedhofweg 5;74245;Löwenstein;;;;
aboutwater Frankfurt;112997;LS75178;ja;27.01.2026;Carmen Berger;24722;Primark Frankfurt Wisag Hessen;Primark Store 809;Zeil 94;60313;Frankfurt;;;;
Planegg;112996;LS75179;ja;27.01.2026;Mihaela Abmayr;24405;German Tobacco;German Tobacco GmbH;Rietzer Berg 28;14797;Kloster Lehnin/OT Rietz;;;;
Ines Rütz Appen;112999;LS75180;ja;05.03.2026;Petra Gräf;26078;Pesca HH;Pesca Hamburg Überseequartier GmbH;Überseeboulevard 20;20457;Hamburg;;;;
Ines Rütz Appen;113000;LS75181;ja;05.03.2026;Petra Gräf;26078;Pesca HH;Pesca Hamburg Überseequartier GmbH;Überseeboulevard 20;20457;Hamburg;;;;
Strecke;;LS75182;ja;05.02.2026;Florian Gräf;21204;MB Well Service;MB Well Services GmbH;Am Speicher 5;49846;Hoogstede;;;;
VST Plep;113001;LS75183;ja;01.02.2026;Andreas Pöppe;23926;Schottel;SCHOTTEL GmbH;Hirtenau / Schottelstr. 1;56281;Dörth;;;;
Ines Rütz Appen;113272;LS75184;ja;12.02.2026;Andreas Pöppe;23861;BGW Hamburg;BGW Berufsgenossenschaft;Schäferkampsallee 24;20357;Hamburg;;;;
Planegg;113419;LS75185;ja;29.01.2026;Max Sanktjohanser;27190;IHK Stuttgart;IHK Region Stuttgart;Jägerstraße 30;70174;Stuttgart;;;;
Planegg;113881;LS75186;ja;29.01.2026;Estaline Philander;20489;AXA Generalvertretung Ral;AXA Generalvertretung Ralf Kronast e. K.;Lochhamer Str. 2 A;82152;Planegg;;;;
Planegg;113884;LS75187;ja;28.01.2026;Estaline Philander;22063;Friseursalon Josef & Sophie;Friseursalon Josef & Sophie;Tegernseer Landstraße 8;81541;München;;;;
Planegg;113883;LS75188;ja;02.02.2026;Estaline Philander;24642;ITC LifeScience;ITC LifeScience GmbH;Bachhamer Str. 3 b;85447;Fraunberg;;;;
Gleisner;110144;LS75189;ja;12.02.2026;Petra Gräf;27086;Die Autobahn Nordbayern;Die Autobahn GmbH des Bundes - NL Nordbayern;An der Autobahn 1;91058;Erlangen;;;;
Planegg;113886;LS75190;ja;03.02.2026;Estaline Philander;20148;KPIT Technologies GmbH;KPIT Technologies GmbH;Frankfurter Ring 105b;80807;München;;;;
Planegg;113887;LS75191;ja;27.01.2026;Max Sanktjohanser;22107;Amazon Deutschland W16 Transpo;Amazon Deutschland W16 Transport GmbH;Zuendorfer Weg 5;53842;Troisdorf;;;;
Planegg;113888;LS75192;ja;29.01.2026;Estaline Philander;60372;dm 0372 Gersthofen;dm Filiale 0372;Bahnhofstraße 13;86368;Gersthofen;;;;
Planegg;113890;LS75193;ja;29.01.2026;Estaline Philander;60757;dm D17D vorm.0757 Neusäss;dm Filiale 0757;Daimlerstraße 13-15;86356;Neusäß;;;;
Planegg;;LS75194;ja;29.01.2026;Estaline Philander;61194;dm D21I vorm.1194 Stadtbergen;dm Filiale D21I;Daimlerstraße 1;86391;Stadtbergen;;;;
Planegg;;LS75195;ja;29.01.2026;Estaline Philander;62232;dm D3LO vorm.2232 Schwabmünch;dm Filiale D3L0 vormals 2232;Gottlieb-Daimler-Straße 1a;86830;Schwabmünchen;;;;
Planegg;113893;LS75196;ja;27.01.2026;Florian Gräf;22156;Aquatrade;AQUATRADE GmbH;Hemke 10;49565;Bramsche;;;;
Planegg;;LS75197;ja;27.01.2026;Rene Kühn;20772;Crystal Water;Crystal Water;Rosenheimer Str. 34;85635;Höhenkirchen;;;;
Planegg;;LS75198;ja;27.01.2026;Rene Kühn;20772;Crystal Water;Crystal Water;Rosenheimer Str. 34;85635;Höhenkirchen;;;;
aboutwater Frankfurt;113896;LS75199;ja;03.02.2026;Carmen Berger;26601;Prof. Dr. med. Markus Meissner;Prof. Dr. med. Markus Meissner;Rheinstraße 103;65185;Wiesbaden;;;;
Hess;110663;LS73769 MBU;nein;28.01.2026;Petra Gräf;23338;Le Gastro;Deutsche Post AG;Rosmarter Allee 3;58762;Altena;;;;
Hess;112120;LS74251 MBU;nein;28.01.2026;Petra Gräf;23338;Le Gastro;Deutsche Post AG;Runtestr. 21;59457;Werl;;;;
natürlich H2O;113897;LS75202;ja;03.02.2026;Carmen Berger;21940;Dt.Gesellsch.f.Auswärtige Poli;Deutsche Gesellschaft für Auswärtige Politik;Rauchstraße 17-18;10787;Berlin;;;;
VST Plep;113898;LS75203;ja;05.02.2026;Christian Irrgang;20191;Gleisner;Gleisner GmbH & Co.KG;Pegnitzstr. 13;91207;Lauf an der Pegnitz;;;;
Planegg;110308;LS75204;ja;28.01.2026;Florian Gräf;10034;ewatec;ewatec e.K.;Am Angelehof 12;88316;Isny;;;;
CJM;113903;LS75205;ja;19.02.2026;Petra Gräf;27192;ASB Regionalverband Berlin;ASB Regionalverband Berlin-Nordost;Herzbergstraße 40-43;10365;Berlin;;;;
Planegg;112678;LS75206;ja;28.01.2026;Josefine Mättig;24440;CLAMO;LORAMA;C/ Tamayo y Bauss, nº 39, local 2.;29010;Malaga;;;;
Planegg;113904;LS75207;ja;03.02.2026;Carmen Berger;26886;Blue Tree Group GmbH;Blue Tree Group GmbH;Emil Riedel Str. 2;80538;München;;;;
Planegg;;LS75208;ja;05.02.2026;Carmen Berger;60372;dm 0372 Gersthofen;dm Filiale 0372;Bahnhofstraße 13;86368;Gersthofen;;;;
Planegg;113906;LS75209;ja;04.02.2026;Josefine Mättig;25776;drinkitnow GmbH;drinkitnow GmbH;Henschelring 4;85551;Kirchheim bei München;;;;
Planegg;113907;LS75211;ja;29.01.2026;Petra Gräf;27193;bfw (1) Regensburg;Berufsfortbildungswerk Gemeinützige;Weißenburgstraße 22;93055;Regensburg;;;;
Planegg;113908;LS75212;ja;30.01.2026;Carmen Berger;24718;Auto Kölbl GmbH;Auto Kölbl GmbH;Michael-Kölbl-Str. 1 - 3;85716;Unterschleißheim;;;;
Planegg;113909;LS75213;ja;28.01.2026;Josefine Mättig;10009;Propie-Aqua vorm.Support Wolf;Propie-Aqua GmbH;Ziegelei-Töpker-Straße 6;33154;Salzkotten;;;;
Planegg;113907;LS75211 MBU;ja;16.02.2026;Petra Gräf;27193;bfw (1) Regensburg;Berufsfortbildungswerk Gemeinützige;Weißenburgstraße 22;93055;Regensburg;;;;
Planegg;113910;LS75215;ja;29.01.2026;Petra Gräf;27194;bfw (2) Burglengenfeld;Berufsfortbildungswerk Gemeinützige;Schmidmühlener Str. 22;93133;Burglengenfeld;;;;
Planegg;113910;LS75215 MBU;ja;02.03.2026;Petra Gräf;27194;bfw (2) Burglengenfeld;Berufsfortbildungswerk Gemeinützige;Schmidmühlener Str. 22;93133;Burglengenfeld;;;;
STK Service;113911;LS75218;ja;12.02.2026;Carmen Berger;22926;Hausarztzentrum Brüggen;MVZ Hausarztzentrum Waldniel;Dülkener Str. 70;41366;Schwalmtal;;;;
VST Plep;113921;LS75220;ja;30.01.2026;Florian Gräf;24448;Götze;Deutsche Akkreditierungsstelle;Europa Allee 52;60327;Frankfurt am Main;;;;
Planegg;113912;LS75221;ja;28.01.2026;Josefine Mättig;27196;Verband kommunaler Unternehmen;Verband kommunaler Unternehmen e. V. (VKU);Invalidenstr. 91;10115;Berlin;;;;
Planegg;113913;LS75222;ja;29.01.2026;Carmen Berger;22768;Discovery Communications;Discovery Communications Deutschland GmbH&Co;Betastraße 1;85774;Unterföhring;;;;
Planegg;113915;LS75223;ja;28.01.2026;Florian Gräf;24324;Frenzel Gastroserv/vorm.Glaser;Frenzel Gastroservice & Schanktechnik;Hirschstr.42-44;76133;Karlsruhe;;;;
Planegg;113916;LS75224;ja;02.02.2026;Carmen Berger;23185;qards vorm.Bayern Card-Serv;qards GmbH;Georg-Brauchle-Ring 23-25;80992;München;;;;
aboutwater Bünde;113917;LS75225;ja;10.02.2026;Petra Gräf;22266;Primark Bremen Wisag;Primark Bremen;AG-Weser-Straße 3;28237;Bremen;;;;
Planegg;113918;LS75226;ja;28.01.2026;Carmen Berger;27197;Kaffeeart;Kaffeeart;Steinerne Furt 60;86167;Augsburg;;;;
Planegg;113914;LS75227;ja;02.02.2026;Florian Gräf;20708;Kyffhäuser Waterworld;Kyffhäuser Waterworld;Brauereistraße 4;06556;Artern;;;;
Planegg;113919;LS75228;ja;09.02.2026;Florian Gräf;26064;CHROMOnorm GmbH;CHROMOnorm GmbH;Balinger Str. 21;72415;Grosselfingen;;;;
Planegg;113920;LS75229;ja;28.01.2026;Josefine Mättig;22124;LGL Haushaltwaren GmbH;LGL Haushaltswaren GmbH;Helferner Weg 14b;49214;Bad Rothenfelde;;;;
Planegg;113922;LS75230;ja;28.01.2026;Florian Gräf;21065;Attila AS Cafe & BAR;AS Cafe & Bar Service e.K.;Aidenbachstr. 72;81379;München;;;;
aboutwater Frankfurt;113923;LS75231;ja;28.01.2026;Carmen Berger;21621;Magnum;Magnum water coffee snack;Wirtswiese 1;57223;Kreuztal;;;;
aboutwater Frankfurt;113924;LS75232;ja;28.01.2026;Carmen Berger;26603;DEURAG Deutsche Rechtsschutz-V;DEURAG Deutsche Rechtsschutz-Versicherung AG;Abraham-Lincoln-Str. 3;65189;Wiesbaden;;;;
aboutwater Frankfurt;113925;LS75233;ja;28.01.2026;Carmen Berger;26484;HCC 2;HCC - Hessisches Competence Center;Stolzenmorgen 36;35394;Gießen;;;;
aboutwater Frankfurt;113926;LS75234;ja;28.01.2026;Carmen Berger;26484;HCC 2;HCC - Hessisches Competence Center;Stolzenmorgen 38;35394;Gießen;;;;
Planegg;113928;LS75236;ja;28.01.2026;Josefine Mättig;27198;Nadine Gareis;Nadine Gareis;Straße am Höllengrund 31;15738;Zeuthen;;;;
aboutwater Frankfurt;113930;LS75237;ja;28.01.2026;Carmen Berger;26545;Nextbike;Nextbike GmbH;Daimlerstr. 2 a;76185;Karlsruhe;;;;
Ines Rütz Appen;108505;LS72445-2;ja;28.01.2026;Petra Gräf;27019;Vista Jet GmbH;VistaJet GmbH;Leverkusenstraße 54;22761;Hamburg;;;;
Planegg;110313;LS75240;ja;09.02.2026;Florian Gräf;26063;HIBU Eismaschinen GmbH Co.KG;HIBU Eismaschinen GmbH Co.KG;Stefansbecke 17;45549;Sprockhövel;;;;
Planegg;113932;LS75241;ja;29.01.2026;Rene Kühn;20772;Crystal Water;Crystal Water;Rosenheimer Str. 34;85635;Höhenkirchen;;;;
VST Schörling;110637;LS73743 MBU;ja;27.02.2026;Petra Gräf;22466;Agentur für Arbeit Weilheim;Agentur für Arbeit Weilheim;Hanfelderstr. 15b  /1.UG, K3;82319;Starnberg;;;;
VST Schörling;106025;LS73424 MBU;ja;27.02.2026;Petra Gräf;22463;Agentur für Arbeit Garmisch;Agentur für Arbeit Weilheim;Charmonixstr. 3-9  / 2.OG, Raum 216;82467;Garmisch-Partenkirchen;;;;
VST Schörling;110634;LS73740 MBU;ja;26.02.2026;Petra Gräf;22466;Agentur für Arbeit Weilheim;Agentur für Arbeit Weilheim;Karwendelstr. 1;82362;Weilheim;;;;
aboutwater Frankfurt;113943;LS75245;ja;29.01.2026;Carmen Berger;27185;Dali;DALI GmbH;Berliner Ring 89;64625;Bensheim;;;;
VST Schörling;110636;LS73742 MBU;ja;26.02.2026;Petra Gräf;22466;Agentur für Arbeit Weilheim;Agentur für Arbeit Weilheim;Karwendelstr. 1;82362;Weilheim;;;;
Planegg;113961;LS75247;ja;29.01.2026;Florian Gräf;21129;café+co DELIKOMAT Sp. z o.o.;café+co DELIKOMAT Sp. z o.o.;Al. Generala Andersa 588;43300;Bielsko-Biala;;;;
VST Schörling;;LS75248;ja;11.02.2026;Petra Gräf;26629;SKD SE;SKD SE;Frauenstraße 38;82221;Maisach;;;;
Planegg;113971;LS75249;ja;29.01.2026;Max Sanktjohanser;25077;Amazon Logistik Moenchen;Amazon Logistik Moenchengladbach GmbH (DU);Pattbergstraße 77;47445;Moers;;;;
Planegg;113973;LS75250;ja;30.01.2026;Mihaela Abmayr;27201;Cafè in der Klinik Weser;Cafè in der Klinik Weser;Schulstraße 2;31812;Bad Pyrmont;;;;
Planegg;113972;LS75251;ja;29.01.2026;Estaline Philander;23560;Vortex;Vortex Europe GmbH;Glaserstr. 3;87463;Dietmannsried;;;;
Planegg;113974;LS75252;ja;30.01.2026;Mihaela Abmayr;20666;Cafe-Stube Klinik Teutobu;Café Stube Klinik Teutoburger Wald;Teutoburger Wald Straße 33;49214;Bad Rothenfelde;;;;
Planegg;113975;LS75253;ja;29.01.2026;Max Sanktjohanser;21978;Amazon Deutschland E8 Trans.;Amazon Deutschland E8 Transport GmbH;Hans-Wittwer-Strasse 20;04435;Schkeuditz;;;;
Gänshirt-Aufmbruch;;LS75255;ja;09.02.2026;Petra Gräf;23338;Le Gastro;Deutsche Post AG;Europaallee 15;50226;Frechen;;;;
Planegg;113977;LS75256;ja;29.01.2026;Max Sanktjohanser;27129;Universitätsmedizin Göttingen;UNIVERSITÄTSMEDIZIN GÖTTINGEN;Robert-Koch-Str. 40;37075;Göttingen;;;;
STK Service;113980;LS75258;ja;11.02.2026;Petra Gräf;27168;Regus Vivid (2) Düsseldorf;Vivid Resourcing;Kaiserswerther Str. 135;40474;Düsseldorf;;;;
Planegg;113981;LS75259;ja;02.02.2026;Petra Gräf;24721;Leibniz Rechenzentrum;Leibniz Rechenzentrum;Boltzmannstr. 1;85748;Garching;;;;
Planegg;113982;LS75260;ja;02.02.2026;Petra Gräf;24721;Leibniz Rechenzentrum;Leibnitz Rechenzentrum;Boltzmannstr. 1;85748;Garching;;;;
Planegg;113983;LS75261;ja;02.02.2026;Petra Gräf;24721;Leibniz Rechenzentrum;Leibniz Rechenzentrum;Boltzmannstr. 1;85748;Garching;;;;
aboutwater Frankfurt;;LS75262;ja;29.01.2026;Carmen Berger;26883;Carstop Jamal El Mannaoui;Carstop KFZ- Service;Eichenstr.28;65933;Frankfurt;;;;
aboutwater Frankfurt;;LS75263;ja;29.01.2026;Carmen Berger;25048;HCC (1) Hessische Zentrale;Hessische Zentrale für Datenverarbeitung;Viktoriastr. 51;65189;Wiesbaden;;;;
Planegg;113986;LS75264;ja;05.02.2026;Estaline Philander;22216;Barsan Global Logistik GmbH;Barsan Global Logistik GmbH;Hertha-Sponer-Straße 1;82216;Maisach;;;;
AQUATRADE Glinde;113987;LS75265;ja;03.02.2026;Mihaela Abmayr;24898;Anschütz;Anschütz GmbH;Zeyestr. 16-24;24106;Kiel;;;;
AQUATRADE Glinde;;LS75267;ja;27.01.2026;Mihaela Abmayr;24898;Anschütz;Anschütz GmbH;Zeyestr. 16-24;24106;Kiel;;;;
Planegg;110278;LS75268;ja;29.01.2026;Josefine Mättig;26977;Trinkflaschenexpress;Bottle-Print Vertriebs GmbH;Auf den Steinen 2,;37191;Katlenburg Lindau;;;;
Planegg;113990;LS75269;ja;03.02.2026;Estaline Philander;22449;Wyndham Garden München;Stahlgruberring 4 Hotel GmbH;Stahlgruberring 4;81829;München;;;;
Planegg;113992;LS75270;ja;04.02.2026;Estaline Philander;24488;ARGE PLING Sendling;ARGE PLING Hillebrand-Ehrenreich;Karwendelstraße 11;81369;München;;;;
Planegg;113991;LS75271;ja;04.02.2026;Estaline Philander;24488;ARGE PLING Sendling;ARGE PLING Hillebrand-Ehrenreich;Plinganserstraße 56;81369;München;;;;
Deutscher;113993;LS75272;ja;06.02.2026;Josefine Mättig;27203;PolyComp GmbH;PolyComp GmbH;Robert-Koch-Straße 25;22851;Norderstedt;;;;
Planegg;113994;LS75273;ja;02.02.2026;Estaline Philander;25078;iABG;IABG mbH;Einsteinstraße 20;85521;Ottobrunn;;;;
Planegg;113995;LS75274;ja;29.01.2026;Max Sanktjohanser;27066;HSG Holstein Kiel;HSG Holstein Kiel/ Kronshagen;Hohen Borghorst 6b;24251;Osdorf;;;;
Planegg;113996;LS75275;ja;03.02.2026;Estaline Philander;26462;Peter Frisch GmbH;Peter Frisch GmbH;Isar-Ring 11;80805;München;;;;
Planegg;113997;LS75276;ja;29.01.2026;Josefine Mättig;21820;HCP Germany Cosmetic;HCP Germany Cosmetic GmbH & Co. KG;Rudolf-Diesel-Str. 14;91572;Bechhofen;;;;
Planegg;114000;LS75278;ja;30.01.2026;Estaline Philander;21028;VES;VES Heimwerkermarkt GmbH;Am Windfeld 8;83714;Miesbach;;;;
Planegg;;LS75280;ja;29.01.2026;Christian Irrgang;27153;Wiedemann & Berg;Wiedemann & Berg Film GmbH;Taunusstraße 21;80807;München;;;;
Planegg;114001;LS75281;ja;29.01.2026;Max Sanktjohanser;27174;Hospital Fritzlar;Hospital zum Heiligen Geist Fritzlar;Am Hospital 6;34560;Fritzlar;;;;
Planegg;114003;LS75282;ja;29.01.2026;Estaline Philander;24202;Berufsfachschule für Pflege;Berufsfachschule für Pflege;Heinz-Goerke-Str. 5;81377;München;;;;
Emons;114004;LS75283;ja;29.01.2026;Florian Gräf;20299;GWA;GWA GmbH;Hohendodeleber Str. 8;39110;Magdeburg;;;;
Planegg;114004;LS75284;ja;29.01.2026;Florian Gräf;20299;GWA;GWA GmbH;Hohendodeleber Str. 8;39110;Magdeburg;;;;
VST Schörling;114005;LS75285;ja;04.02.2026;Estaline Philander;20161;edr software GmbH;edr software GmbH;Zweibrückenstraße 5-7;80331;München;;;;
Planegg;114006;LS75286;ja;13.02.2026;Petra Gräf;25989;Raiffeisenbank München-Süd eG;Raiffeisenbank München-Süd eG;Kirchplatz 1;82049;Pullach;;;;
Planegg;114007;LS75287;ja;29.01.2026;Max Sanktjohanser;24838;NRZ;Neurologisches Rehabilitationszentrum Rosenhü;Rosenhügelstraße 192a;1130;Wien;;;;
VST Plep;114008;LS75288;ja;10.02.2026;Petra Gräf;26213;Stadt Frankfurt am Main;Stadt Frankfurt am Main -Der Magistrat-;Solmsstraße 27-37;60486;Frankfurt am Main;;;;
Planegg;114009;LS75289;ja;30.01.2026;Sönke Rocho;21144;Knotel;Knotel Berlin I GmbH;Stralauer Allee 2b;10245;Berlin;;;;
Planegg;114010;LS75292;ja;30.01.2026;Estaline Philander;20881;GROUP7 AG;GROUP7 AG International Logistics;Ulmenstraße 7;85445;Schwaig;;;;
Planegg;114010;LS75293;ja;17.02.2026;Estaline Philander;20881;GROUP7 AG;GROUP7 AG International Logistics;Ulmenstraße 7;85445;Schwaig;;;;
Planegg;114011;LS75294;ja;29.01.2026;Christian Irrgang;20191;Gleisner;Gleisner GmbH & Co.KG;Pegnitzstr. 13;91207;Lauf an der Pegnitz;;;;
Planegg;114012;LS75295;ja;04.03.2026;Florian Gräf;24448;Götze;KaffeeServiceGötze;Tauernallee 34;12107;Berlin;;;;
Planegg;113970;LS75296;ja;29.01.2026;Christian Irrgang;20475;Aquagast Wasseraufbereitu;Aquagast Wasseraufbereitungs-;Hofsteigstraße 112;6858;Schwarzach;;;;
STK Service;114015;LS75297;ja;04.02.2026;Estaline Philander;21237;Berufstrainingszentrum BTZ;Berufstrainingszentrum Rhein-Ruhr gGmbH;Bebelstr. 56  / Tel. 0208 409400-59;46049;Oberhausen;;;;
aboutwater Bünde;114014;LS75298;ja;02.02.2026;Petra Gräf;22095;Gürkan;Gürkan Schinkenproduktion GmbH;Industriestraße 28;33161;Hövelhof;;;;
Planegg;114013;LS75299;ja;17.02.2026;Petra Gräf;22796;Käfer Service GmbH;Käfer Service GmbH;Lilienthalallee 40;80939;München;;;;
Planegg;114013;LS75300;ja;23.02.2026;Petra Gräf;22796;Käfer Service GmbH;Käfer Service GmbH;Lilienthalallee 40;80939;München;;;;
Planegg;114016;LS75301;ja;05.02.2026;Florian Gräf;26476;Knettenbrech + Gurdulic Süd 2;Knettenbrech + Gurdulic Süd GmbH;Schützenstraße 10;86842;Türkheim;;;;
Planegg;;LS75302;ja;26.02.2026;Petra Gräf;61512;dm D2F0 vorm.1512 Haunstetten;dm Filiale D2F0 vormals 1512;Unterer Talweg 60;86179;Augsburg - Haunstetten;;;;
Gänshirt-Aufmbruch;114017;LS75304;ja;03.02.2026;Andreas Pöppe;26159;Zahnarztpraxis Dentscheid;Zahnarztpraxis Dentscheid;Gertenbachstr. 30;42899;Remscheid;;;;
Planegg;114019;LS75305;ja;03.03.2026;Petra Gräf;20221;Abschnitt West;PP München Abschnitt West;Romanstraße 13;80639;München;;;;
Gleisner;114020;LS75306;ja;01.03.2026;Petra Gräf;26827;Staub & Co.-Silbermann GmbH;Staub & Co.-Silbermann GmbH;Ostendstr. 124;90482;Nürnberg;;;;
Planegg;;LS75307;ja;29.01.2026;Rene Kühn;20772;Crystal Water;Crystal Water;Rosenheimer Str. 34;85635;Höhenkirchen;;;;
Gänshirt-Aufmbruch;112938;LS75111.;ja;29.01.2026;Petra Gräf;23338;Le Gastro;Deutsche Post AG;Germania Str. 56, 60, 60A;44379;Dortmund;;;;
aboutwater Frankfurt;114022;LS75309;ja;02.02.2026;Carmen Berger;25502;Winthrop Technologies;Winthrop Technologies GmbH;Gewinnerstrasse 32;60388;Frankfurt;;;;
aboutwater Frankfurt;114023;LS75310;ja;30.01.2026;Carmen Berger;26213;Stadt Frankfurt am Main;Stadt Frankfurt am Main -Der Magistrat-;Solmsstraße 27-37;60486;Frankfurt am Main;;;;
natürlich H2O;;LS75311;ja;02.02.2026;Carmen Berger;25483;ECARF Institute GmbH;ECARF Institute GmbH;Robert-Koch-Platz 7;10115;Berlin;;;;
Gleisner;114026;LS75312;ja;01.03.2026;Petra Gräf;26827;Staub & Co.-Silbermann GmbH;Staub & Co.-Silbermann GmbH;Ostendstr. 124;90482;Nürnberg;;;;
Planegg;114025;LS75313;ja;04.02.2026;Estaline Philander;25636;Kirinus (3) Marsstr;Kirinus Praxis GmbH;Marsstraße 14 A;80335;München;;;;
Emons;114028;LS75314;ja;30.01.2026;Christian Irrgang;20191;Gleisner;Gleisner GmbH & Co.KG;Pegnitzstr. 13;91207;Lauf an der Pegnitz;;;;
Gleisner;114029;LS75316;ja;30.01.2026;Florian Gräf;20191;Gleisner;Gleisner GmbH & Co.KG;Pegnitzstr. 13;91207;Lauf an der Pegnitz;;;;
Planegg;112930;LS75103.;ja;30.01.2026;Mihaela Abmayr;24011;Briegeldental;BRIEGELDENTAL;Rudolf-Diesel-Ring 12;82054;Sauerlach;;;;
Planegg;110627;LS73733.;ja;29.01.2026;Mihaela Abmayr;22805;RC Beton Bau SRL;RC Beton Bau SRL;Schuegrafstraße 9;81245;München;;;;
Planegg;114030;LS75319;ja;30.01.2026;Estaline Philander;25736;Schaal Steuerberatung;Steuerberatung Schaal;Leonrodstr. 54;80636;München;;;;
Planegg;114032;LS75321;ja;30.01.2026;Florian Gräf;21065;Attila AS Cafe & BAR;AS Cafe & Bar Service e.K.;Aidenbachstr. 72;81379;München;;;;
Planegg;114033;LS75322;ja;02.02.2026;Max Sanktjohanser;27205;Erich-Kästner-Schule;Erich Kästner-Schule Bochum;Markstraße 189;44799;Bochum;;;;
VST Schörling;114034;LS75323;ja;09.02.2026;Petra Gräf;27207;Polarise;Polarise GmbH;Tucherpark 12;80638;München;;;;
Planegg;114035;LS75324;ja;30.01.2026;Estaline Philander;24026;Heamalab vorm.OnkoMedeor;Haemalab - Onkologisches Zentrum Freising MVZ;Weizengasse 2;85354;Freising;;;;
Planegg;114036;LS75325;ja;02.02.2026;Max Sanktjohanser;24325;AMZ Wolfhagen;Amazon SZ Wolfhagen GmbH - KSF7;Lohdiecksweg 10;59457;Werl;;;;
Planegg;114031;LS75326;ja;30.01.2026;Mihaela Abmayr;27206;Kaffeeschrauberei GmbH;Kaffeeschrauberei GmbH;Plainbachstraße 10;5101;Bergheim;;;;
Planegg;114037;LS75327;ja;30.01.2026;Estaline Philander;20657;HEV Heimwerkermarkt GmbH;HEV Heimwerkermarkt GmbH & Co. KG;Gertrude-Blanch-Str. 2 / Rückgeb.;82110;Germering;;;;
Planegg;114038;LS75328;ja;02.02.2026;Max Sanktjohanser;27177;Welfi Hospitality;Welfi Hospitality Management;8-10 rue Antoine Romiguières;31000;Toulouse;;;;
aboutwater Frankfurt;114039;LS75329;ja;30.01.2026;Estaline Philander;24124;VWAK Verwaltungsakademie Hesse;VWAK Verwaltungsakademie Hessen;Kirschbaumweg 12;60489;Frankfurt am Main;;;;
AQUATRADE Glinde;114046;LS75331;ja;01.03.2026;Estaline Philander;26689;Falck Rettungsdienst Werder;Rettungswache Flensburg West 2;Lilienthalstr. 21;24941;Flensburg;;;;
Planegg;114049;LS75332;ja;02.02.2026;Estaline Philander;20849;TTI, Inc.;TTI, Inc.;Junkerstraße 1;82178;Puchheim;;;;
Planegg;114050;LS75333;ja;30.01.2026;Estaline Philander;20104;Anton Echter, Murnau;Anton Echter GmbH & Co.KG;Obermarkt 2-4;82418;Murnau;;;;
Planegg;114051;LS75334;ja;02.02.2026;Estaline Philander;20105;Ernst Echter, Weilheim;Ernst Echter GmbH & Co.KG;Rathausplatz 9-11;82362;Weilheim;;;;
Schöttle - Haiterbach;114052;LS75335;ja;09.02.2026;Andreas Pöppe;25185;Medizinischer Dienst Baden-Wür;Medizinischer Dienst Baden-Württemberg;Bismarckstr. 96;72072;Tübingen;;;;
Planegg;114066;LS75337;ja;02.02.2026;Christian Irrgang;20191;Gleisner;Gleisner GmbH & Co.KG;Pegnitzstr. 13;91207;Lauf an der Pegnitz;;;;
STK Service;;LS75338;ja;17.02.2026;Petra Gräf;23430;Kragt;Dentaltechnik Kragt GmbH;Carl-Peschken-Straße 5 e;47441;Moers;;;;
Planegg;114063;LS75339;ja;02.02.2026;Estaline Philander;21539;Maas & Kollegen (WBG);Maas & Kollegen;Forstenrieder Allee 72;81476;München;;;;
Planegg;114064;LS75340;ja;06.02.2026;Max Sanktjohanser;26967;energyspa;EnergySpa GmbH;Stammheimer Str. 10;70806;Kornwestheim;;;;
Planegg;114080;LS75341;ja;02.02.2026;Christian Irrgang;20234;Bühler-Catering;Bühler-Catering GmbH;Industriestr. 2 b;76275;Ettlingen;;;;
Teamblue Bad Münder;114084;LS75342;ja;30.01.2026;Florian Gräf;20413;Lowescher;Lowescher Automaten Catering;Benzstraße 8;48599;Gronau;;;;
Planegg;114089;LS75343;ja;09.02.2026;Carmen Berger;20656;Arqum Gesellschaft für Ar;Arqum Gesellschaft für Arbeitssicherheits-, Q;Leonrodstraße 54;80636;München;;;;
Planegg;;LS75344;ja;30.01.2026;Sönke Rocho;20128;Avendi GmbH;Avendi GmbH;Alpspitzstraße 4;82131;Stockdorf;;;;
Planegg;114092;LS75345;ja;02.02.2026;Josefine Mättig;10102;Steinmeier GmbH;Steinmeier GmbH;Landhagen 1;33803;Steinhagen;;;;
Planegg;;LS75346;ja;30.01.2026;Rene Kühn;20772;Crystal Water;Crystal Water;Rosenheimer Str. 34;85635;Höhenkirchen;;;;
Planegg;114095;LS75347;ja;02.02.2026;Josefine Mättig;27151;PFI;PFI Planungsgemeinschaft GmbH;Karl-Imhoff-Weg 4,;30165;Hannover;;;;
aboutwater Frankfurt;;LS75348;ja;02.02.2026;Carmen Berger;26389;Heli Forschungs u. Entwicklung;Heli Forschungs- und Entwicklungszentrum;Grüner Weg 14;61169;Friedberg;;;;
aboutwater Frankfurt;;LS75349;ja;02.02.2026;Carmen Berger;21621;Magnum;Magnum water coffee snack;Wirtswiese 1;57223;Kreuztal;;;;
Planegg;114108;LS75350;ja;03.02.2026;Carmen Berger;60279;dm 0279 Gräfelfing;dm Filiale 0279;Bahnhofstraße 103;82166;Gräfelfing;;;;
AQUATRADE Glinde;;LS73873.;ja;27.01.2026;Rene Kühn;24898;Anschütz;Anschütz GmbH;Zeyestr. 16-24;24106;Kiel;;;;
STK Service;110412;LS74034_LG;ja;07.01.2026;Petra Gräf;24229;RELUX;RELUX Rohstoffe GmbH & Co. KG;Brückenstraße 9;32549;Bad Oeynhausen;;;;
STK Service;114117;LS75353;nein;01.03.2026;Estaline Philander;23524;Kinderschutzbund;Kinderschutzbund/ Kinderschutz-Zentrum Köln;Bonner Straße 151;50968;Köln;;;;
Planegg;114119;LS75354;ja;02.02.2026;Estaline Philander;20359;TSCNET Services GmbH;TSCNET Services GmbH;Weihenstephaner Str. 9;81673;München;;;;
Planegg;114120;LS75355;ja;02.02.2026;Mihaela Abmayr;27209;Ulrike Wagner;Ulrike Wagner;Bischof-Ketteler-Straße 33, 33;88212;Ravensburg;;;;
Emons;114027;LS75356;ja;02.02.2026;Florian Gräf;10034;ewatec;ewatec e.K.;Am Angelehof 12;88316;Isny;;;;
Kyffhäuser;;LS75357;ja;06.02.2026;Florian Gräf;21583;Living Water GmbH;Akiem Technik Germany GmbH;Potsdamer Straße 9;34134;Kassel;;;;
STK Service;114124;LS75358;ja;10.02.2026;Estaline Philander;23686;Falck Duisburg Hattingen Köln;(RW3) Falck Notfallrettung und;Am Leveloh 7;45549;Sprockhövel;;;;
Gänshirt-Aufmbruch;114134;LS75359;nein;01.03.2026;Estaline Philander;25411;Die Autobahn Rheinland;Die Autobahn GmbH des Bundes;Willy-Brandt-Platz 2;47805;Krefeld;;;;
STK Service;107669;LS71578_SN;ja;12.01.2026;Petra Gräf;26990;Caritasverband für die;Caritasverband für die;Laurentius Platz 1;46562;Voerde;;;;
Planegg;114135;LS75361;ja;06.02.2026;Estaline Philander;23830;Hofmeister Käsewerk;Hofmeister Käsewerk GmbH & Co. KG;Molkereistraße 23;85368;Moosburg;;;;
STK Service;;LS73456_SN;ja;12.01.2026;Petra Gräf;27168;Regus Vivid (2) Düsseldorf;Vivid Resourcing GmbH;Kaiserswerther Str. 135;40474;Düsseldorf;;;;
Kyffhäuser;;LS75363;ja;04.02.2026;Florian Gräf;20668;Gastro Service Center e.K;Gastro Service Center;Lagerhofstraße 2;04103;Leipzig;;;;
Planegg;114138;LS75364;ja;02.02.2026;Max Sanktjohanser;27210;Eliquo;ELIQUO KGSTULZ GmbH;Amstetter Straße 20;89191;Nellingen;;;;
POSPRINT;114139;LS75365;ja;02.02.2026;Josefine Mättig;27123;BANSBACH GmbH;BANSBACH GmbH;Löffelstraße 40;70597;Stuttgart;;;;
Gänshirt-Aufmbruch;114142;LS75366;ja;04.02.2026;Andreas Pöppe;25967;Wasserverband Eifel-Rur;Wasserverband Eifel-Rur;Krefelder Str. 299;52070;Aachen;;;;
Planegg;114141;LS75367;ja;04.02.2026;Josefine Mättig;24428;Eagleyard Photonics GmbH;Eagleyard Photonics GmbH;Rudower Chaussee 29;12489;Berlin;;;;
Planegg;114143;LS75368;ja;03.02.2026;Estaline Philander;23315;Pera Coiffeur;Pera Coiffeur;Bahnhofstrße 18 b;85375;Neufahrn;;;;
Planegg;114140;LS75369;ja;06.02.2026;Estaline Philander;22768;Discovery Communications;Discovery Communications Deutschland GmbH&Co;Betastraße 1;85774;Unterföhring;;;;
Strecke;112967;260000024/Quaba Biosource;ja;30.01.2026;Rene Kühn;25000;aboutwater Hungary;aboutwater Zrt;Bárándi u 26-28;8000;SZÉKESFEHÉRVÁR;;;;
Strecke;111981;526010385/Silgan Closures;ja;26.01.2026;Rene Kühn;20354;SC Aquador SRL;SC Aquador SRL;Str. X Nr. 27;557085;Cristian, jud.Sibiu;;;;
Planegg;114144;LS75370;ja;02.02.2026;Estaline Philander;21258;Coffice;Coffice Betriebsverpflegung KG;Achen 10;83137;Schonstett;;;;
AQUATRADE Bram;112968;LS75151.;ja;27.01.2026;Mihaela Abmayr;24977;BGW Delmenhorst;BGW Bezirksverwaltung Delmenhorst;Fischstraße 31;27749;Delmenhorst;;;;
AMW Auersperg;114146;LS75372;ja;11.02.2026;Petra Gräf;21288;gkv;gkv Informatik;Skandinaviendamm 360;24109;Kiel;;;;
STK Service;;LS75375;ja;10.02.2026;Petra Gräf;22435;Kronprinz vorm.Accuride Wheels;KRONPRINZ Germany GmbH;Weyerstraße 112;42697;Solingen;;;;
Planegg;114147;LS75376;ja;02.02.2026;Estaline Philander;25734;Holger Schmitt HBS;Holger Schmitt Heizung-Bäder-Sanitär;Gottlieb Daimler Str 8;65614;Beselich;;;;
Planegg;114149;LS75377;ja;03.02.2026;Estaline Philander;26264;Constant Pro oHG;Constant Pro oHG;Stolzhofstraße 10;81825;München;;;;
Planegg;114152;LS72951-2;ja;22.01.2026;Florian Gräf;20500;Automaten Reinhardt -Kesselsdo;Automaten Reinhardt GmbH & Co.KG;Zum Tälchen 5;01723;Kesselsdorf;;;;
aboutwater Frankfurt;110742;LS75379;ja;02.02.2026;Carmen Berger;24373;teknihall;teknihall Service GmbH;Levi-Strauss-Allee 10-12;63150;Heusenstamm;;;;
Planegg;114151;LS75380;ja;03.02.2026;Estaline Philander;26314;Bayerisches Verwaltungsgericht;Bayerisches Verwaltungsgericht Muenchen;Bayerstraße 30;80335;München;;;;
AQUATRADE Glinde;;LS75381;ja;26.01.2026;Mihaela Abmayr;22925;GMA;GMA-Werkstoffprüfung GmbH;Julius Leber Weg 24;21684;Stade;;;;
VST Plep;114161;LS75382;ja;04.02.2026;Andreas Pöppe;23926;Schottel;SCHOTTEL GmbH;Mainzer Str. 99;56322;Spay / Rhein;;;;
Planegg;114159;LS75383;ja;03.02.2026;Estaline Philander;22510;Augenzentrum Nymphenburger;Augenzentrum Nymphenburger Höfe München;Nymphenburger Str. 4;80335;München;;;;
Planegg;114133;LS75386;ja;02.02.2026;Max Sanktjohanser;27202;Conti Valerio;Conti Valerio s.r.l.;Via Luigi Longo 39/41;50019;Sesto Fiorentino (FI;;;;
VST Plep;;LS75387;ja;04.02.2026;Petra Gräf;23926;Schottel;SCHOTTEL GmbH;Mainzer Str. 99;56322;Spay / Rhein;;;;
VST Schörling;114169;Wtg.7696;ja;12.02.2026;Estaline Philander;20191;Gleisner;Walterscheid GmbH SERVICE;Siemensstr.11;85221;Dachau;;;;
Planegg;114170;LS75388;ja;03.02.2026;Estaline Philander;20826;Asam Betriebs -2;Asam Betriebs GmbH;Altenzeller Weg 23;92339;Beilngries;;;;
STK Service;114171;LS75389;ja;04.02.2026;Estaline Philander;23135;Kaffee Express Rhein Ruhr;Kaffee Express Rhein Ruhr;Weg am Kötterberg 15;44807;Bochum;;;;
Gänshirt-Aufmbruch;114172;LS75390;ja;09.02.2026;Estaline Philander;23263;BOLL & KIRCH Filterbau GmbH;BOLL & KIRCH Filterbau GmbH;Siemensstr. 10-14;50170;Kerpen;;;;
Planegg;114174;LS75391;ja;05.02.2026;Estaline Philander;61804;dm D334 vorm.1804 Göggingen;dm Filiale D334 / vorm.1804;Edisonstraße 2;86199;Augsburg - Göggingen;;;;
Planegg;114173;LS75392;ja;02.02.2026;Christian Irrgang;27211;Natural Choice Europe;Natural Choice Europe;Venserweg 21 E;1112;AR Diemen;;;;
Planegg;114175;LS75393;ja;05.02.2026;Florian Gräf;25766;Ganter Interior;Roche Diagnostics GmbH;Nonnenwald 2;82377;Penzberg;;;;
VST Plep;114176;LS75394;ja;04.02.2026;Andreas Pöppe;23926;Schottel;SCHOTTEL GmbH;Hirtenau / Schottelstr. 1;56281;Dörth;;;;
Planegg;114179;LS75395;ja;03.02.2026;Sönke Rocho;20161;edr software GmbH;edr software GmbH;Zweibrückenstraße 5-7;80331;München;;;;
Planegg;114177;LS75396;ja;02.02.2026;Max Sanktjohanser;27213;HSE;Home Shopping Europe GmbH;Münchener Strasse 101h;85737;Ismaning;;;;
Planegg;114178;LS75397;ja;05.02.2026;Josefine Mättig;27155;RED GmbH;RED GmbH;Talangerstr. 3;82152;Krailling/München;;;;
Berlin Wein König;114180;LS75398;ja;09.03.2026;Petra Gräf;21352;Setting;Setting HQ GmbH;Monbijouplatz 4 i;10178;Berlin;;;;
aboutwater Frankfurt;114182;LS75399;ja;02.02.2026;Carmen Berger;25377;Carmen Berger;Carmen Berger;Fischbacher Str. 57;65779;Kelkheim;;;;
Planegg;;LS75400;ja;06.02.2026;Sönke Rocho;21910;AP Parfums / Angelini Beauty;AB Parfums GmbH;Konrad-Zuse-Platz 4 / Haus C;81829;München;;;;
AQUATRADE Bram;114181;LS75401;ja;02.02.2026;Estaline Philander;24088;Zahnmanufaktur Emsland ZME;Zahnmanufaktur Emsland - ZME GmbH;Lengericher Str. 7;49809;Lingen;;;;
aboutwater Bünde;114184;LS75403;ja;04.02.2026;Estaline Philander;27108;IHK Nord Westfalen;IHK Nord Westfalen;Sentmaringer Weg 61;48151;Münster;;;;
Planegg;114186;LS75404;ja;02.02.2026;Josefine Mättig;24918;INES AMANN;INES AMANN;LAIBSTRASSE 9;78661;IRSLINGEN;;;;
Planegg;114185;LS75405;ja;10.02.2026;Estaline Philander;23283;msg life central europe Gmbh;msg life central europe Gmbh;Englschalkinger Str. 12;81925;München;;;;
Gänshirt-Aufmbruch;114187;LS75406;ja;27.02.2026;Estaline Philander;23814;Stadt Würselen;Stadt Würselen;Rathaus, Morlaixplatz 1;52146;Würselen;;;;
Planegg Rep.Lager;;LS75407;ja;04.02.2026;Florian Gräf;20639;Franz Schmitt GmbH & Co.;Franz Schmitt GmbH & Co. KG;Schäftlarnstraße 10;81371;München;;;;
Berlin Wein König;110425;LS73499.;ja;03.02.2026;Rene Kühn;21352;Setting;Setting HQ GmbH;Rosenthaler Str. 36;10178;Berlin;;;;
Planegg;;LS75409;ja;02.02.2026;Rene Kühn;20772;Crystal Water;Crystal Water;Rosenheimer Str. 34;85635;Höhenkirchen;;;;
VST Schörling;114192;LS75410;ja;09.02.2026;Andreas Pöppe;24106;Münchener Verein KV;Münchener Verein Krankenversicherung a.G.;Pettenkoferstr. 19;80336;München;;;;
CJM;114193;LS75411;ja;05.02.2026;Estaline Philander;27090;BäckerMann;BäckerMann Backwaren und Feinkost GmbH;Südwestkorso 9;12161;Berlin;;;;
STK Service;114194;LS75412;ja;10.02.2026;Estaline Philander;26915;Vorwerk Autotec GmbH & Co. KG;Vorwerk Autotec GmbH & Co. KG;Obere Lichtenplatzer Straße 336;42287;Wuppertal;;;;
aboutwater Frankfurt;;LS75413;ja;03.02.2026;Carmen Berger;26837;Safi;Safi;Lärchenstr.80;65933;Frankfurt;;;;
Planegg;114195;LS75414;ja;03.02.2026;Max Sanktjohanser;22272;Amazon Deutschland S4 Trans.;Amazon Deutschland S4 Transport GmbH;Beuthener Str. 41-43;90471;Nürnberg;;;;
Emons;114198;LS75416;ja;27.02.2026;Florian Gräf;10160;AVALESS;AVALESS GmbH;Wolfener Straße 32-34;12681;Berlin;;;;
Emons;114197;LS75417;ja;27.02.2026;Florian Gräf;10160;AVALESS;AVALESS GmbH;Neufeld 10;85232;Bergkirchen OT Günding;;;;
STK Service;105578;LS70408.;ja;03.02.2026;Rene Kühn;26915;Vorwerk Autotec GmbH & Co. KG;Vorwerk Autotec GmbH & Co. KG;Obere Lichtenplatzer Straße 336;42287;Wuppertal;;;;
Planegg;;LS75419;ja;03.02.2026;Christian Irrgang;20298;Atlantis;Atlantis Trinkwassertechnik GmbH;Kornstr. 4;79258;Hartheim;;;;
GWA;;LS2526;ja;03.02.2026;Rene Kühn;23577;Dataport 1;Dataport - Anstalt des öffentl. Rechts;Otto-von-Guericke-Straße 4;39104;Magdeburg;;;;
Emons;114203;LS75421;ja;03.02.2026;Florian Gräf;26198;beverage dispense systems GmbH;beverage dispense systems GmbH;Kopernikusstraße 4;50126;Bergheim;;;;
Planegg;114202;LS75422;ja;03.02.2026;Josefine Mättig;27215;BIZOLUTION GmbH;BIZOLUTION GmbH;Finkenstrasse 10;73492;Rainau;;;;
Planegg;114204;LS75423;ja;03.02.2026;Josefine Mättig;27216;Thommen Medical AG;Thommen Medical Deutschland GmbH;Am Rathaus 2;79576;Weil am Rhein;;;;
AMW Auersperg;;LS75424;ja;04.02.2026;Mihaela Abmayr;26489;Cresco (2) Projektentwicklungs;Cresco Projektentwicklungs GmbH;Rudi-Dutschke-Str. 26;10969;Berlin;;;;
Planegg;114207;LS75425;ja;19.02.2026;Florian Gräf;26042;PHT-Beckum;PHT-Beckum;Gewerbepark Grüner Weg 34;59269;Beckum;;;;
Planegg;114205;LS75426;ja;03.02.2026;Max Sanktjohanser;27028;MDM;MDM Münzhandelsgesellschaft mbH & Co. KG;Theodor-Heuss-Straße 7;38122;Braunschweig;;;;
AMW Auersperg;;LS75427;ja;04.02.2026;Mihaela Abmayr;26488;Cresco (1) Immobilien Verw;Cresco Immobilien Verwaltungs GmbH;Rudi-Dutschke-Str. 26;10969;Berlin;;;;
aboutwater Frankfurt;;LS75428;ja;03.02.2026;Carmen Berger;25115;GüT Dekanat;GüT Dekanat;Hinter Den Gärten 17;55234;Offenheim;;;;
Planegg;114210;LS75429;ja;04.02.2026;Estaline Philander;24776;Max-Planck-Förderstiftung;Max-Planck-Förderstiftung;Aldringenstr. 4;80639;München;;;;
Planegg;114212;LS75430;ja;17.02.2026;Mihaela Abmayr;26922;Impact Innovations GmbH;Impact Innovations GmbH;Bürgermeister-Steinberger-Ring 1;84431;Rattenkirchen;;;;
aboutwater Frankfurt;114214;LS75431;ja;03.02.2026;Carmen Berger;25502;Winthrop Technologies;Winthrop Technologies GmbH;Fritz Klatte Straße 6-8;65933;Frankfurt;;;;
POSPRINT;114213;LS75432;ja;20.02.2026;Josefine Mättig;27162;Jakobs Präsent Service GmbH;Jakobs Präsent Service GmbH;Von-Braun-Str. 31;46244;Bottrop;;;;
Gänshirt-Aufmbruch;112521;LS75433;ja;24.02.2026;Carmen Berger;26651;Justus-von-Liebig-Schule Moers;Justus-von-Liebig-Schule;Römerstr. 597;47443;Moers;;;;
Planegg;114215;LS75434;ja;04.02.2026;Estaline Philander;26333;Helgert Zahnmedizin Kieferorth;Dr. Helgert Zahnmedizin und Kieferorthopäde;Görresstraße 37;80798;München;;;;
AMW Auersperg;114200;LS75435;ja;04.02.2026;Estaline Philander;26488;Cresco (1) Immobilien Verw;Cresco Immobilien Verwaltungs GmbH;Rudi-Dutschke-Str. 26;10969;Berlin;;;;
Planegg;114216;LS75436;ja;03.02.2026;Estaline Philander;22935;Max Cochius GmbH;Max Cochius GmbH;Hohenlindener Str. 6;81677;München;;;;
AMW Auersperg;114217;LS75437;ja;09.02.2026;Estaline Philander;22410;Ostkreuz City gGmbH;Ostkreuz City gGmbH;Sonntagstr. 1,  1.OG links;10245;Berlin;;;;
Planegg;114218;LS75438;ja;04.02.2026;Estaline Philander;24776;Max-Planck-Förderstiftung;Max-Planck-Förderstiftung;Aldringenstr. 4;80639;München;;;;
AMW Auersperg;114219;LS75439;ja;17.02.2026;Mihaela Abmayr;24728;Berufsbildungswerk Oberlinhaus;Berufsbildungswerk im Oberlinhaus gGmbH;Steinstraße 80 - 84;14480;Potsdam;;;;
VST Schörling;105379;LS70193.;ja;18.02.2026;Rene Kühn;26108;Inova Semiconductors GmbH;Inova Semiconductors GmbH;Zielstattstr. 32;81379;München;;;;
AMW Auersperg;114220;LS75441;ja;17.02.2026;Mihaela Abmayr;24728;Berufsbildungswerk Oberlinhaus;Berufsbildungswerk im Oberlinhaus gGmbH;Steinstraße 80 - 84;14480;Potsdam;;;;
AMW Auersperg;114222;LS75442;ja;17.02.2026;Mihaela Abmayr;24728;Berufsbildungswerk Oberlinhaus;Berufsbildungswerk im Oberlinhaus gGmbH;Steinstraße 80 - 84;14480;Potsdam;;;;
Planegg;114221;LS75443;ja;06.02.2026;Estaline Philander;22522;Arcus Elektrotechnik;Arcus Elektrotechnik Alois Schiffmann GmbH;Truderinger Str. 199;81673;München;;;;
Planegg;114223;LS75444;ja;04.02.2026;Estaline Philander;20563;PPO GmbH;PPO GmbH;Bahnhofstr. 98  / 3.OG;82166;Gräfelfing;;;;
Planegg;114224;LS75445;ja;03.02.2026;Max Sanktjohanser;27129;Universitätsmedizin Göttingen;UNIVERSITÄTSMEDIZIN GÖTTINGEN;Robert-Koch-Str. 40;37075;Göttingen;;;;
Planegg;114225;LS75446;ja;17.02.2026;Estaline Philander;22169;Tourismus-Service Grömitz;Tourismus-Service Grömitz;Neuer Markt 1;23743;Grömitz;;;;
Planegg;114226;LS75447;ja;03.02.2026;Josefine Mättig;23160;Esmeyer GmbH & Co. KG;Esmeyer GmbH & Co. KG;Bessemer Strasse 3-5;40699;Erkrath;;;;
Planegg;114227;LS75448;ja;04.02.2026;Estaline Philander;20123;Ingenieurbüro Zellerer Gm;Ingenieurbüro Zellerer GmbH;Kanalstraße 15;80538;München;;;;
Planegg;114228;LS75449;ja;03.02.2026;Estaline Philander;24755;B&P SPED;B&P SPED;Römerstr. 3;85414;Kirchdorf an der Amper;;;;
Emons;114230;LS75450;ja;03.02.2026;Christian Irrgang;20191;Gleisner;Gleisner GmbH & Co.KG;Pegnitzstr. 13;91207;Lauf an der Pegnitz;;;;
Planegg;114232;LS75451;ja;04.02.2026;Florian Gräf;27218;SFS Steuerberatung;SFS Steuerberatungsgesellschaft mbH;Schillerstraße 1;85221;Dachau;;;;
natürlich H2O;114234;LS75452;ja;11.02.2026;Estaline Philander;24613;Weckstein Pflegedienst Elixier;Ambulanter Pflegedienst Elixier GmbH;Gasteiner Str. 29;10717;Berlin;;;;
Planegg;;LS75453;ja;03.02.2026;Rene Kühn;20772;Crystal Water;Crystal Water;Rosenheimer Str. 34;85635;Höhenkirchen;;;;
Kyffhäuser;114236;LS75454;ja;04.02.2026;Florian Gräf;20708;Kyffhäuser Waterworld;Kyffhäuser Waterworld;Brauereistraße 4;06556;Artern;;;;
aboutwater Bünde;114237;LS75455;ja;13.02.2026;Florian Gräf;25552;Stadt Lengerich;Stadt Lengerich;Tecklenburger Straße 2;49525;Lengerich;;;;
aboutwater Bünde;114239;LS75456;ja;13.02.2026;Florian Gräf;25552;Stadt Lengerich;Stadt Lengerich;Jahnstraße 3-5;49525;Lengerich;;;;
aboutwater Bünde;114238;LS75457;ja;13.02.2026;Florian Gräf;25552;Stadt Lengerich;Stadt Lengerich;Schulstraße 70;49525;Lengerich;;;;
aboutwater Frankfurt;114240;LS75458;ja;04.02.2026;Carmen Berger;25502;Winthrop Technologies;Winthrop Technologies GmbH;Friesstrasse 16;60388;Frankfurt;;;;
STK Service;114243;LS75459;ja;04.02.2026;Andreas Pöppe;21688;Vedder;Vedder GmbH;Industriestraße 3;59348;Lüdinghausen;;;;
Planegg;114233;LS75460;ja;05.02.2026;Max Sanktjohanser;27178;Tappe e bottiglie;GEALIFE DI GIANNA VELO;Via Busa 33 Condominio Titanio;31033;Castelfranco Veneto (TV);;;;
Planegg;114242;LS75461;ja;04.02.2026;Carmen Berger;22615;Leukocare;Leukocare AG;Am Klopferspitz 19 a;82152;Martinsried;;;;
Planegg;114244;LS75462;ja;04.02.2026;Max Sanktjohanser;27200;Fairmittler;Manuela Steurer;Oberdorf 318;6874;Bizau;;;;
Planegg;114241;LS75463;ja;10.02.2026;Estaline Philander;24120;Restaurant Beccofino;Osteria San Michele Gaststätten Betriebs GmbH;Hochbrückenstr. 14;80331;München;;;;
Planegg;113969;LS75464;ja;04.02.2026;Josefine Mättig;10015;General Beverage S.r.L.;General Beverage S.r.L.;Zone Industriale P.I.P. Ioc. Novoleto;54027;Pontremoli (MS);;;;
Neumann;114245;LS75465;ja;01.03.2026;Estaline Philander;24433;Physiotherapie Hirtz;Physiotherapie Hirtz;Ährenweg 3;79258;Hartheim am Rhein;;;;
STK Service;114246;LS75466;ja;05.02.2026;Estaline Philander;26212;therapiezentrum.com;therapiezentrum.com;Adalbertsteinweg 12-16;52070;Aachen;;;;
Planegg;112972;LS75467;ja;04.02.2026;Josefine Mättig;27186;Résidence Mutualiste La Source;Résidence Mutualiste La Source;6 rue Paul Langevin;16340;L´ISLE D´ESPAGNAC;;;;
aboutwater Frankfurt;114247;LS75468;ja;04.02.2026;Carmen Berger;24266;S&Z Elektronik Leutz Polak;S&Z Elektronik GmbH;Im Gotthelf 7;65795;Hattersheim am Main;;;;
Kyffhäuser;114249;LS75470;ja;10.02.2026;Estaline Philander;22669;K&K Stahl- und Maschinenbau UG;K&K Stahl- und Maschinenbau UG (haftungsb.);Naundorfer Str. 1;01640;Coswig;;;;
Dolphin, Bonstetten;;LS75471;ja;04.02.2026;Florian Gräf;20234;Bühler-Catering;Bühler-Catering GmbH;Industriestr. 2 b;76275;Ettlingen;;;;
AQUATRADE Glinde;114250;LS75472;ja;01.03.2026;Estaline Philander;23577;Dataport 1;Dataport Hanse Center (DHC);Wikingerweg 1;20537;Hamburg;;;;
Planegg;114252;LS75473;ja;03.02.2026;Christian Irrgang;21065;Attila AS Cafe & BAR;AS Cafe & Bar Service e.K.;Aidenbachstr. 72;81379;München;;;;
Planegg;114254;LS75474;ja;04.02.2026;Christian Irrgang;20191;Gleisner;Gleisner GmbH & Co.KG;Pegnitzstr. 13;91207;Lauf an der Pegnitz;;;;
Planegg;114253;LS75475;ja;05.02.2026;Estaline Philander;22378;SKI GmbH;SKI GmbH + Co.KG;Lessingstraße 9  / 3.OG;80336;München;;;;
Gänshirt-Aufmbruch;114255;LS75476;ja;12.02.2026;Estaline Philander;26056;Haus St. Josef gGmbH;Haus St. Josef gGmbH;Hehlrather Straße 6;52249;Eschweiler;;;;
Gänshirt-Aufmbruch;114260;LS75477;ja;06.02.2026;Estaline Philander;25970;Finanzamt Aachen-KREIS;Finanzamt Aachen-Kreis;Krefelder Straße 210;52070;Aachen;;;;
Planegg;114258;LS75478;ja;04.02.2026;Max Sanktjohanser;27219;ZML;Zentrum f Membranbiochemie und Lipidforschung;Tatzberg 47 / 49;01307;Dresden;;;;
Planegg;114261;LS75479;ja;04.02.2026;Christian Irrgang;20234;Bühler-Catering;Bühler-Catering GmbH;Industriestr. 2 b;76275;Ettlingen;;;;
Planegg;114257;LS75480;ja;04.02.2026;Estaline Philander;20255;rebike 1 GmbH;Rebike Mobility GmbH;Zeppelinstr. 3  / Einfahrt 6;87437;Kempten;;;;
Gänshirt-Aufmbruch;114259;LS75481;ja;18.02.2026;Estaline Philander;26731;Jugendwohnen St. Gereon;Katholische Jugendagentur Köln gGmbH;An St. Elisabeth 5;51103;Köln;;;;
aboutwater Frankfurt;114262;LS75483;ja;04.02.2026;Carmen Berger;25048;HCC (1) Hessische Zentrale;Hessische Zentrale für Datenverarbeitung;Mainzer Str. 29;65185;Wiesbaden;;;;
VST Plep;;LS75484;ja;09.02.2026;Andreas Pöppe;25048;HCC (1) Hessische Zentrale;Hessische Zentrale für Datenverarbeitung;Am Anger 4;36088;Hünfeld;;;;
STK Service;114263;LS75485;ja;06.02.2026;Estaline Philander;25828;Falck Dortmund;Falck Notfallrettung u.Katastrophenschutz;Volksgartenstr. 40;44388;Dortmund;;;;
Planegg;114265;LS75486;ja;04.02.2026;Christian Irrgang;20729;CJM Der Wassermann UG -ha;CJM Der Wassermann GmbH;Gronenfelder Weg 33;15234;Frankfurt;;;;
Strecke;112676;321/blupura;ja;04.02.2026;Florian Gräf;20191;Gleisner;Gleisner GmbH & Co.KG;Pegnitzstr. 13;91207;Lauf an der Pegnitz;;;;
Planegg;114268;LS75487;ja;04.02.2026;Christian Irrgang;20729;CJM Der Wassermann UG -ha;CJM Der Wassermann GmbH;Gronenfelder Weg 33;15234;Frankfurt;;;;
Planegg;114266;LS75488;ja;04.02.2026;Estaline Philander;25338;GoPro;GoPro GmbH;Baierbrunner Str. 15,  Geb.D;81379;München;;;;
Planegg;114270;LS75489;ja;06.02.2026;Josefine Mättig;26932;AVIA;AVIA Deutschland GmbH;Grillparzerstraße 6;81675;München;;;;
Planegg;114271;LS75490;ja;09.02.2026;Josefine Mättig;27169;Good Vibe Bottles;MySelf-Mietlager;Stummerstraße 1;4060;Leonding;;;;
AQUATRADE Glinde;114272;LS75491;nein;04.02.2026;Andreas Pöppe;24898;Anschütz;Anschütz GmbH;Zeyestr. 16-24;24106;Kiel;;;;
Planegg;114267;LS75492;ja;04.02.2026;Florian Gräf;21211;Schuh Mücke;Schuh- und Sport Mücke GmbH;Einsteinstr. 130;81675;München;;;;
Planegg;114269;LS75493;ja;23.02.2026;Florian Gräf;21211;Schuh Mücke;Schuh- und Sport Mücke GmbH;Lena-Christ-Str. 1;85055;Ingolstadt;;;;
STK Service;114273;LS75494;ja;18.02.2026;Estaline Philander;24231;Stadt Marl (1);Stadt Marl;Carl-Duisberg-Str. 165;45772;Marl;;;;
Planegg;114275;LS75495;ja;04.02.2026;Josefine Mättig;10102;Steinmeier GmbH;Steinmeier GmbH;Landhagen 1;33803;Steinhagen;;;;
Planegg;114276;LS75496;ja;05.02.2026;Estaline Philander;20235;Vites GmbH;Vites GmbH;Einsteinstraße 32;85521;Ottobrunn;;;;
Planegg;114277;LS75497;ja;04.02.2026;Max Sanktjohanser;27221;Graf GmbH;Otto Graf GmbH;Carl-Zeiss-Str. 2-6;79331;Teningen;;;;
Planegg;114279;LS75498;ja;06.02.2026;Josefine Mättig;21820;HCP Germany Cosmetic;HCP Germany Cosmetic GmbH & Co. KG;Rudolf-Diesel-Str. 14;91572;Bechhofen;;;;
Planegg;114274;LS75499;ja;11.02.2026;Estaline Philander;24656;Die Radiologie;Die Radiologie;Prinzregentenplatz 13;81375;München;;;;
Planegg;114278;LS75500;ja;04.02.2026;Max Sanktjohanser;23961;BBC Cellpack;BBC Cellpack Packaging Langgöns GmbH;Perchstetten 2;35428;Langgöns;;;;
STK Service;114282;LS75501;ja;09.02.2026;Estaline Philander;21955;Junghans Wollversand;Junghans Wollversand GmbH & Co.KG;Auf der Hüls 205;52068;Aachen;;;;
Deutscher;114280;LS75502;ja;04.02.2026;Max Sanktjohanser;21427;JVA Bayreuth;Justizvollzugsanstalt St.Georgen-Bayreuth;Markgrafenallee 49;95448;Bayreuth;;;;
CJM;114283;LS75503;ja;05.02.2026;Estaline Philander;26689;Falck Rettungsdienst Werder;Falck Rettungsdienst Nord GmbH;Adolf-Damaschke-Str. 38;14542;Werder (Havel);;;;
Planegg;114281;LS75504;ja;23.02.2026;Josefine Mättig;10118;Culligan Italy Srl;Culligan Italy (Water Store);Viale Luigi Schiavonetti, 270;00173;Roma;;;;
Ines Rütz Appen;114284;LS75505;nein;04.02.2026;Andreas Pöppe;26595;Toll Global Forwarding Germany;Toll Global Forwarding Germany GmbH;Große Elbstrasse 86;22767;Hamburg;;;;
Planegg;114286;LS75506;ja;11.02.2026;Estaline Philander;23860;Tunesisches Konsulat;Tunesisches Konsulat;Wolfratshauser Straße 84;81379;München;;;;
Planegg;114285;LS75507;ja;10.02.2026;Estaline Philander;25638;Arcteryx München = Amer Sports;ARCTERYX München;Theatinerstraße 36;80333;München;;;;
Planegg;114287;LS75508;ja;09.02.2026;Estaline Philander;23848;Blomberger Karosserie;Blomberger Karosserie- und Lackzentrum GmbH;Schleißheimerstr. 395;80935;München;;;;
Kyffhäuser;114289;LS75509;ja;10.02.2026;Estaline Philander;22887;LK Metallwaren GmbH;LK Metallwaren GmbH;An der Schwelerei 6;06369;Südliches Anhalt;;;;
Planegg;114291;LS75510;ja;04.02.2026;Christian Irrgang;27153;Wiedemann & Berg;Wiedemann & Berg Film GmbH;Taunusstraße 21;80807;München;;;;
Planegg;114292;LS75511;ja;05.02.2026;Christian Irrgang;20191;Gleisner;Gleisner GmbH & Co.KG;Pegnitzstr. 13;91207;Lauf an der Pegnitz;;;;
Planegg;114293;LS75512;ja;04.02.2026;Sönke Rocho;20128;Avendi GmbH;Avendi GmbH;Alpspitzstraße 4;82131;Stockdorf;;;;
Planegg;;LS75513;ja;04.02.2026;Rene Kühn;20772;Crystal Water;Crystal Water;Rosenheimer Str. 34;85635;Höhenkirchen;;;;
Planegg;114295;LS75514;ja;05.02.2026;Rene Kühn;22000;Heine Optotechnik;HEINE Optotechnik GmbH & Co. KG;Dornierstraße 6;82205;Gilching;;;;
Planegg;114296;LS75516;ja;05.02.2026;Mihaela Abmayr;27223;Carl Berberich GmbH;Carl Berberich GmbH;Carl-Berberich-Straße 2, Systems To;74232;Abstatt;;;;
Planegg;114297;LS75517;ja;05.02.2026;Mihaela Abmayr;27225;Gstreingastro GmbH;Gstreingastro GmbH;Oberlängenfeld 5 top 17;6444;Längenfeld;;;;
Planegg;114298;LS75518;ja;05.02.2026;Mihaela Abmayr;27224;Andreas Fitzler;Andreas Fitzler;Albert-Einstein-Straße 43;49076;Osnabrück;;;;
Emons;114299;LS75519;ja;05.02.2026;Florian Gräf;21747;natürlich H2O / Kwasniok;natürlich H2O / Hansequelle Berlin;Pausiner Str. 34;14621;Schönwalde-Glien;;;;
aboutwater Frankfurt;114300;LS75520;ja;05.02.2026;Carmen Berger;26578;Voltaris;VOLTARIS GmbH;Voltastraße 3;67133;Maxdorf;;;;
Planegg;114301;LS75521;ja;11.02.2026;Max Sanktjohanser;27190;IHK Stuttgart;IHK Region Stuttgart;Jägerstraße 30;70174;Stuttgart;;;;
Planegg;114229;LS75524;ja;20.02.2026;Mihaela Abmayr;26713;Wasserwirtschaftsamt Weilheim;WWA Wasserwirtschaftsamt Weilheim;Pütrichstraße 24;82362;Weilheim;;;;
Planegg;114302;LS75525;ja;05.02.2026;Max Sanktjohanser;27227;Polizeipräsidium Konstanz;Verwaltung -Referat Finanzen - Einkauf-;Benediktinerplatz 3;78467;Konstanz;;;;
aboutwater Frankfurt;114305;LS75526;ja;05.02.2026;Carmen Berger;27044;Sack Michael;Michael Sack;Niersteiner Strasse 2;68549;Ilvesheim;;;;
Planegg;114304;LS75527;ja;10.02.2026;Estaline Philander;27017;Melissa Afraz;Afraz Inci;Lannerstr.4;80638;München;;;;
VST Schörling;;LS75528;ja;09.02.2026;Carmen Berger;22355;TRICON - Rechtsanwälte Steuerb;TRICON - RECHTSANWÄLTE STEUERBERATER;Bräuhausstraße 4;80331;München;;;;
Planegg;114307;LS75529;ja;05.02.2026;Max Sanktjohanser;27228;Tubex;Tubex Tubenfabrik Wolfsberg GmbH;Am Industriepark 8;9431;St. Stefan im Lavanttal;;;;
Planegg;114310;LS75530;ja;06.02.2026;Andreas Pöppe;24996;Königl.Thailänd.Generalkonsula;Königlich Thailändisches Generalkonsulat;Törringstraße 20;81675;München;;;;
Gänshirt-Aufmbruch;114311;LS75531;ja;06.02.2026;Andreas Pöppe;25967;Wasserverband Eifel-Rur;Wasserverband Eifel-Rur;Krefelder Str. 299;52070;Aachen;;;;
Planegg;114288;LS75533;ja;05.02.2026;Florian Gräf;10049;Dolphin Central Europe s.;Dolphin Central Europe s.r.o.;Nádrazná 1958;90028;Ivanka pri Dunaji;;;;
VST Schörling;114312;LS75534;ja;09.03.2026;Mihaela Abmayr;22791;Vidia GmbH;Vidia GmbH;Bürkleinstraße 10;80538;München;;;;
Gänshirt-Aufmbruch;114314;LS75535;ja;09.02.2026;Andreas Pöppe;23263;BOLL & KIRCH Filterbau GmbH;BOLL & KIRCH Filterbau GmbH;Siemensstr. 10-14;50170;Kerpen;;;;
Planegg;114315;LS75536;ja;06.02.2026;Estaline Philander;22187;Landesverband Bayer.Bauinnunge;Landesverband Bayerischer Bauinnungen;Kobellstraße 17;80336;München;;;;
Planegg;114318;LS75537;ja;06.02.2026;Estaline Philander;20161;edr software GmbH;edr software GmbH;Zweibrückenstraße 5-7;80331;München;;;;
Planegg;114316;LS75538;ja;06.02.2026;Mihaela Abmayr;27229;Bio-Hofschlachterei Muhs;Bio-Hofschlachterei Muhs OHG;Im Dorfe 4;25524;Krummbek;;;;
Planegg;114319;LS75539;ja;10.02.2026;Estaline Philander;25352;Siemens / ARE 7018;Siemens AG;Otto-Hahn-Ring 6;81739;München;;;;
Planegg;114265;LS75540;ja;24.02.2026;Christian Irrgang;20729;CJM Der Wassermann UG -ha;CJM Der Wassermann GmbH;Gronenfelder Weg 33;15234;Frankfurt;;;;
Planegg;114320;LS75541;ja;05.02.2026;Josefine Mättig;27222;Adventure Campus GmbH;Adventure Campus GmbH;Hahnenkammstraße 19;91757;Treuchtlingen;;;;
Planegg;114321;LS75542;ja;05.02.2026;Estaline Philander;25486;Kfz Felderhoff & Feichtinger;Kfz Felderhoff & Feichtinger;Lochhausener Str. 207;81249;München;;;;
Planegg;114322;LS75543;ja;05.02.2026;Josefine Mättig;23160;Esmeyer GmbH & Co. KG;MEDIAN Klinik;Günther-Hartenstein-Str. 25;34537;Bad Wildungen - Reinhardshause;;;;
Schöttle - Haiterbach;114323;LS75544;ja;05.02.2026;Estaline Philander;24314;Impexron;IMPEXRON GmbH;Gönningerstraße 99;72793;Pfullingen;;;;
Planegg;114324;LS75545;ja;13.02.2026;Estaline Philander;24612;Fasching Enterprise GmbH;Fasching Enterprise GmbH;Habenschadenstraße 4 a;82049;Pullach;;;;
Planegg;114265;LS75546;ja;05.02.2026;Christian Irrgang;20729;CJM Der Wassermann UG -ha;CJM Der Wassermann GmbH;Gronenfelder Weg 33;15234;Frankfurt;;;;
Planegg;114325;LS75547;ja;11.02.2026;Josefine Mättig;25545;H2O Hanken;H2O - Hanken;Im Gewerbegebiet 2;26842;Ostrhauderfehn;;;;
Planegg;112629;14260287/DMT EMEA GmbH;ja;05.02.2026;Christian Irrgang;20191;Gleisner;Gleisner GmbH & Co.KG;Pegnitzstr. 13;91207;Lauf an der Pegnitz;;;;
Planegg;114326;LS75548;ja;11.02.2026;Estaline Philander;25811;Smic Europe S.R.L.;Smic Europe S.R.L.;Otto-Hahn-Ring 6;81739;Muenchen;;;;
Planegg;114327;LS75549;ja;12.02.2026;Josefine Mättig;27198;Nadine Gareis;Nadine Gareis;Straße am Höllengrund 31;15738;Zeuthen;;;;
Planegg;114328;LS75550;ja;06.02.2026;Max Sanktjohanser;21847;Amazon Deutschland W14 Trans.;Amazon Deutschland W14 Transport GmbH;Darwinstr. 9;48488;Emsbüren;;;;
Planegg;114330;LS75551;ja;06.02.2026;Rene Kühn;20772;Crystal Water;Crystal Water;Rosenheimer Str. 34;85635;Höhenkirchen;;;;
Planegg;114209;LS75552;ja;06.02.2026;Josefine Mättig;25584;EUREKA S.R.L.;EUREKA S.R.L.;Via  Alessandro Volta  31;37069;Villlafranca di Verona;;;;
Gänshirt-Aufmbruch;114331;LS75553;ja;09.02.2026;Carmen Berger;26591;Finanzamt Dinslaken;Finanzamt Dinslaken;Schillerstr. 71;46535;Dinslaken;;;;
Berlin Wein König;114332;LS75554;ja;06.02.2026;Estaline Philander;21144;Knotel;Knotel Berlin I GmbH;Hussitenstr. 32;13355;Berlin;;;;
STK Service;114333;LS75555;ja;06.02.2026;Estaline Philander;26795;Beermann;Franz Beermann;Leversum 13;59348;Lüdinghausen-Seppenrade;;;;
STK Service;114334;LS75556;ja;12.02.2026;Estaline Philander;24229;RELUX;RELUX Rohstoffe GmbH & Co. KG;Brückenstraße 9;32549;Bad Oeynhausen;;;;
Emons;114335;LS75557;ja;06.02.2026;Florian Gräf;10034;ewatec;BIPSO GmbH;Robert-Gerwig-Str. 4;78224;Singen;;;;
Emons;114337;LS75559;ja;06.02.2026;Florian Gräf;24324;Frenzel Gastroserv/vorm.Glaser;Frenzel Gastroservice & Schanktechnik;Hirschstr.42-44;76133;Karlsruhe;;;;
Schöttle - Haiterbach;112785;LS74945.;ja;01.02.2026;Rene Kühn;24223;ELEKTRA Tailfingen;ELEKTRA Tailfingen Schaltgeräte GmbH & Co. KG;Brunnenstraße 48;72461;Albstadt;;;;
Planegg;114336;LS75560;ja;06.02.2026;Max Sanktjohanser;27230;Elztal & Simonswäldertal;Elztal & Simonswäldertal Tourismus GmbH & CO.;Bahnhofstraße 1;79261;Gutach im Breisgau;;;;
VST Schörling;112959;LS75137.;ja;06.02.2026;Mihaela Abmayr;20826;Asam Betriebs -2;Asam Betriebs GmbH;Altenzeller Weg 23;92339;Beilngries;;;;
aboutwater Bünde;114341;LS75562;ja;11.02.2026;Florian Gräf;26902;Kreis Paderborn;Kreis Paderborn;Aldegreverstr. 10 - 14;33102;Paderborn;;;;
aboutwater Frankfurt;114340;LS75563;ja;06.02.2026;Carmen Berger;26484;HCC 2;HCC - Hessisches Competence Center;Stolzenmorgen 36;35394;Gießen;;;;
aboutwater Frankfurt;114343;LS75564;ja;06.02.2026;Carmen Berger;26484;HCC 2;HCC - Hessisches Competence Center;Stolzenmorgen 38;35394;Gießen;;;;
Planegg;114317;LS75565;ja;12.02.2026;Josefine Mättig;26450;Marriott;Paris Marriott Charles de Gaulle AirportHotel;5 Allée du Verger, Zone Hôtelière;95700;Roissy en France;;;;
Planegg;114344;LS75567;ja;13.02.2026;Max Sanktjohanser;27105;KONTRASTFILM;KONTRASTFILM GmbH & Co. KG;Wallstraße 11;55122;Mainz;;;;
aboutwater Frankfurt;114345;LS75568;ja;06.02.2026;Carmen Berger;27096;LSU Schäberle;LSU Schäberle;Motorstraße 9;70499;Stuttgart;;;;
Planegg;114347;LS75569;ja;06.02.2026;Mihaela Abmayr;26488;Cresco (1) Immobilien Verw;Cresco Immobilien Verwaltungs GmbH;Rudi-Dutschke-Str. 26;10969;Berlin;;;;
Planegg;;LS75570;ja;06.02.2026;Mihaela Abmayr;26489;Cresco (2) Projektentwicklungs;Cresco Projektentwicklungs GmbH;Rudi-Dutschke-Str. 26;10969;Berlin;;;;
Planegg;114351;LS75571;ja;06.02.2026;Josefine Mättig;10099;rheavendors servomat Deut;rheavendors servomat Deutschland GmbH;Max-Planck-Str. 2;89179;Beimerstetten;;;;
aboutwater Frankfurt;;LS75572;ja;06.02.2026;Carmen Berger;27096;LSU Schäberle;LSU Schäberle;Motorstraße 9;70499;Stuttgart;;;;
Planegg;114352;LS75573;ja;06.02.2026;Max Sanktjohanser;27231;DSAG;Deutschsprachige SAP Anwendergruppe e.V. DSAG;Altrottstraße 34a;69190;Walldorf;;;;
AMW Auersperg;114354;LS75574;nein;06.02.2026;Mihaela Abmayr;23673;alphamed;alphamed Sanitätshaus und;Wilhelmsruher Damm 231 - 245;13435;Berlin;;;;
Ines Rütz Appen;114355;LS75575;ja;25.02.2026;Mihaela Abmayr;23577;Dataport 1;Dataport Hanse Center (DHC);Wikingerweg 1;20537;Hamburg;;;;
Planegg;114346;LS75576;ja;17.02.2026;Mihaela Abmayr;25306;Gemeinde Krailling;Gemeindebibliothek Krailling;Margaretenstr. 53 a;82152;Krailling;;;;
aboutwater Frankfurt;114356;LS75577;ja;06.02.2026;Carmen Berger;24722;Primark Frankfurt Wisag Hessen;Primark Store 809;Zeil 94;60313;Frankfurt;;;;
Planegg;114357;LS75578;ja;12.02.2026;Estaline Philander;62039;dm 2039 Westendorf;dm Filiale 2039;Am Oberfeld 3a;86707;Westendorf;;;;
Kyffhäuser;114358;LS75582;ja;06.02.2026;Estaline Philander;24175;VERBIO;VERBIO SE;Ritterstraße 23   (Oelßners Hof);04109;Leipzig;;;;
Planegg;114359;LS75583;ja;06.02.2026;Max Sanktjohanser;21662;AMAZON POLAND;Amazon LCJ4 FC;Gmina Pabianice;95-200;Pawlikowice;;;;
Planegg;114361;LS75584;ja;06.02.2026;Christian Irrgang;25663;Neckar Wave Foods GmbH;Neckar Wave Foods GmbH;Untere Neckarstr. 24;69117;Heidelberg;;;;
STK Service;114360;LS75585;nein;06.02.2026;Estaline Philander;25137;Flamingo Care BM GmbH;Flamingo Care BM GmbH;Carl-Schurz-Straße 100;50374;Erftstadt;;;;
Emons;114362;LS75586;ja;06.02.2026;Florian Gräf;20587;Getränke-Service Neumann;Getränke-Service Neumann;Munzingerstraße 4;79189;Bad Krozingen;;;;
Planegg;;LS75587;ja;06.02.2026;Rene Kühn;20772;Crystal Water;Crystal Water;Rosenheimer Str. 34;85635;Höhenkirchen;;;;
aboutwater Frankfurt;;LS75588;ja;09.02.2026;Carmen Berger;25048;HCC (1) Hessische Zentrale;Hessische Zentrale für Datenverarbeitung;Mainzer Str. 29;65185;Wiesbaden;;;;
Gänshirt-Aufmbruch;114365;LS75589;ja;12.02.2026;Estaline Philander;25967;Wasserverband Eifel-Rur;Wasserverband Eifel-Rur;Krefelder Str. 299;52070;Aachen;;;;
Planegg;114366;LS75590;ja;09.02.2026;Max Sanktjohanser;25478;EUREST Eschborn;EUREST Deutschland GmbH;Westfalenstraße 10;32805;Hom- Bad Meinberg;;;;
Planegg;114367;LS75591;ja;17.02.2026;Mihaela Abmayr;27232;Hans Jakob Askou;Hans Jakob Askou;Carl Nielsens Vej 62B;9200;Aalborg SV;;;;
Planegg;114369;LS75592;ja;10.02.2026;Mihaela Abmayr;26061;SH Baumaschinen;SH Vertriebs GmbH;Am Sporrer 25;95514;Neustadt am Kulm;;;;
Planegg;114368;LS75593;ja;11.02.2026;Estaline Philander;25008;ARGE GWG Moosach 1;ARGE GWG Moosach 1 Hillebrand-Pfeiffer;Karlingerstraße;80992;München;;;;
Planegg;114370;LS75595;ja;17.02.2026;Mihaela Abmayr;26544;Klunserkongen;Klunserkongen;Nordre Strandvej 10;3730;Nexø;;;;
Planegg;114372;LS75594;ja;11.02.2026;Florian Gräf;25766;Ganter Interior;Roche Diagnostics GmbH;Nonnenwald 2;82377;Penzberg;;;;
Planegg;114371;LS75596;ja;16.02.2026;Max Sanktjohanser;26920;Auhage;HÄVG Hausärztliche Vertragsgemeinschaft AG;Edmund-Rumpler-Straße 2;51149;Köln;;;;
Planegg;114373;LS75597;ja;11.02.2026;Estaline Philander;26523;Deutsche Post Freising;Deutsche Post AG;Boschstr. 13;84109;Wörth a.d. Isar;;;;
Planegg;114374;LS75598;ja;12.02.2026;Estaline Philander;26523;Deutsche Post Freising;Deutsche Post AG;Römerstr. 8;84130;Dingolfing;;;;
Gänshirt-Aufmbruch;114375;LS75599;nein;09.02.2026;Andreas Pöppe;25967;Wasserverband Eifel-Rur;Wasserverband Eifel-Rur;Krefelder Str. 299;52070;Aachen;;;;
Planegg;114378;LS618233;ja;11.02.2026;Estaline Philander;20234;Bühler-Catering;Stadtwerke München HKW Süd;Schäftlarnstraße 15 / Tor 3;81731;München;;;;
Planegg;114376;LS75601;ja;09.02.2026;Christian Irrgang;26776;Gordon Jannke;Gordon Jannke;Buchenstrasse 2;18375;Prerow;;;;
Planegg;114377;LS75602;ja;09.02.2026;Max Sanktjohanser;21954;Bayerische Milchindustrie eG;Bayerische Milchindustrie eG;Passauer Straße 118;94577;Winzer;;;;
STK Service;112871;LS75043_2;ja;24.02.2026;Mihaela Abmayr;27170;Freihoff Sicherheitsservice;Freihoff Sicherheitsservice GmbH;Herzogstraße 8;40764;Langenfeld;;;;
Berlin Wein König;114380;LS75604;ja;12.02.2026;Mihaela Abmayr;21144;Knotel;Knotel Berlin I GmbH;Hussitenstr. 32;13355;Berlin;;;;
Planegg;114382;LS75605;ja;09.02.2026;Thierry Brunner;21065;Attila AS Cafe & BAR;AS Cafe & Bar Service e.K.;Aidenbachstr. 72;81379;München;;;;
Gleisner;114381;LS75606;ja;02.03.2026;Mihaela Abmayr;27086;Die Autobahn Nordbayern;Die Autobahn GmbH des Bundes - NL Nordbayern;An der Autobahn 6;91171;Greding;;;;
aboutwater Bünde;114383;LS75607;ja;09.02.2026;Carmen Berger;22156;Aquatrade;AQUATRADE GmbH;Hemke 10;49565;Bramsche;;;;
Planegg;114384;LS75608;ja;16.02.2026;Estaline Philander;23972;Schuhbeck Robert Physiotheraph;Robert Schuhbeck;Hirschbergstraße 15 a;83607;Holzkirchen;;;;
AMW Auersperg;114379;LS75609;ja;13.02.2026;Estaline Philander;22472;Schön Klinik SE;Schön Klinik Holding SE;Schlüterstraße 39;10629;Berlin;;;;
Planegg;114386;LS75610;ja;10.02.2026;Estaline Philander;26108;Inova Semiconductors GmbH;Inova Semiconductors GmbH;Zielstattstr. 32;81379;München;;;;
aboutwater Bünde;114387;LS75611;ja;17.02.2026;Estaline Philander;24183;Pflegeteam Hamel;Pflegeteam Hamel - Harburg;Petersweg 1;21075;Hamburg;;;;
Emons;;LS75612;ja;09.02.2026;Florian Gräf;24138;TRUE Coffee di Fina;Werkstätten der Lebenshilfe Solingen gGmbH;Alexander-Coppel-Str. 19-21;42651;Solingen;;;;
Planegg;114388;LS75613;ja;09.02.2026;Max Sanktjohanser;25497;Exquisa;Karwendel-Werke Huber GmbH & Co. KG;Amberger Str. 18 b;86807;BUCHLOE;;;;
aboutwater Frankfurt;;LS75615;ja;09.02.2026;Carmen Berger;21737;Heuser;Sanofi Aventis Deutschland;Industriepark Höchst;65926;Frankfurt a.M.;;;;
Planegg;114392;LS75616;ja;09.02.2026;Max Sanktjohanser;27233;Alpenhotel Zechmeisterlehen;Alpenhotel Zechmeisterlehen;Wahlstraße 35;83471;Schönau am Königssee;;;;
VST Schörling;114393;LS75617;ja;11.02.2026;Estaline Philander;22466;Agentur für Arbeit Weilheim;Agentur für Arbeit Weilheim;Mühlweg 3a   / 3.OG Teeküche;86899;Landsberg am Lech;;;;
Planegg;114394;LS75618;ja;12.02.2026;Estaline Philander;26037;Ina Schmid;Ina Schmid;Karl-Stieler-Str. 11;82131;Stockdorf;;;;
STK Service;114395;LS75619;ja;24.02.2026;Estaline Philander;22435;Kronprinz vorm.Accuride Wheels;KRONPRINZ Germany GmbH;Weyerstraße 112;42697;Solingen;;;;
Planegg;114396;LS75620;ja;10.02.2026;Christian Irrgang;27234;Matthias Schulz;Matthias Schulz;Simsseestr. 423;83071;Stephanskirchen;;;;
Planegg;114397;LS75621;ja;10.02.2026;Estaline Philander;24488;ARGE PLING Sendling;ARGE PLING Hillebrand-Ehrenreich;Plinganserstraße 56 a  /  EG;81369;München;;;;
Planegg;;LS75622;ja;09.02.2026;Rene Kühn;20772;Crystal Water;Crystal Water;Rosenheimer Str. 34;85635;Höhenkirchen;;;;
Planegg;114399;LS75623;ja;10.02.2026;Florian Gräf;20587;Getränke-Service Neumann;Getränke-Service Neumann;Munzingerstraße 4;79189;Bad Krozingen;;;;
CJM;114401;LS75624;ja;12.02.2026;Estaline Philander;26689;Falck Rettungsdienst Werder;Falck Rettungsdienst Nord GmbH;Otto-Lilienthal-Str. 6;14542;Werder (Havel);;;;
VST Plep;114400;LS75625;ja;11.02.2026;Carmen Berger;23956;Globus Logistik;GLOBUS Logistik GmbH & Co. KG;Globusallee;55411;Bingen;;;;
aboutwater Frankfurt;;LS75626;ja;10.02.2026;Carmen Berger;21737;Heuser;Heuser GmbH;Waldstr. 23 / B10;63128;Dietzenbach;;;;
aboutwater Frankfurt;114404;LS75627;ja;10.02.2026;Carmen Berger;24741;Sparkasse Mainfranken Würzburg;Sparkasse Mainfranken Würzburg;Hofstr. 9;97070;Würzburg;;;;
VST Schörling;114403;LS75628;ja;18.02.2026;Estaline Philander;22246;Agentur für Arbeit München;Agentur für Arbeit München;Kapuzinerstr. 26;80337;München;;;;
aboutwater Frankfurt;114405;LS75629;ja;10.02.2026;Carmen Berger;25577;Kindertagesstätte Pusteblume;Kindertagesstätte Pusteblume;Hinter der Burg 7;35119;Rosenthal;;;;
Planegg;114407;LS75630;ja;10.02.2026;Christian Irrgang;10160;AVALESS;AVALESS GmbH;Hansastr. 24;49205;Hasbergen;;;;
Planegg;;LS75631;ja;10.02.2026;Carmen Berger;27142;Finanzamt Bonn Innenstadt;Finanzamt Bonn-Innenstadt;Welschnonnenstr.15;53111;Bonn;;;;
Planegg;114406;LS75632;ja;10.02.2026;Max Sanktjohanser;27235;localmediaworks;localmediaworks;Bachstraße 10;64853;Otzberg;;;;
Planegg;114409;LS75633;ja;12.02.2026;Andreas Pöppe;20148;KPIT Technologies GmbH;KPIT Technologies GmbH;Frankfurter Ring 105b;80807;München;;;;
Gänshirt-Aufmbruch;114410;LS75634;ja;26.02.2026;Estaline Philander;22274;Barry & Flockenhaus Notare;Barry & Flockenhaus Notare;Buddestraße 10;51429;Bergisch Gladbach;;;;
Kyffhäuser;114415;LS75635;ja;10.02.2026;Florian Gräf;20708;Kyffhäuser Waterworld;Kyffhäuser Waterworld;Brauereistraße 4;06556;Artern;;;;
Planegg;114411;LS75636;ja;10.02.2026;Max Sanktjohanser;27236;Schgaguler Schwaige;Schgaguler Schwaige;Piz 5 / Seiser Alm;39040;Kastelruth;;;;
Planegg;114413;LS75637;ja;12.02.2026;Christian Irrgang;20589;Pausenlos Catering;Dieter Pellkofer;Adlerweg 10;82140;Olching;;;;
Planegg;114414;LS75638;ja;17.02.2026;Estaline Philander;25298;Darktrace;Darktrace Germany GmbH;Sonnenstraße 31;80331;München;;;;
Planegg;114412;LS75639;ja;10.02.2026;Mihaela Abmayr;27237;Kath. Kirchenstiftung St.;Kath. Kirchenstiftung St.Konrad Kin;St. Konrad Platz 1;97616;Bad Neustadt;;;;
Planegg;;LS75640;ja;10.02.2026;Florian Gräf;21258;Coffice;Coffice Betriebsverpflegung KG;Achen 10;83137;Schonstett;;;;
Planegg;114416;LS75641;ja;13.02.2026;Estaline Philander;25403;Lopez;Luis Fernando Valencia LOPEZ;Allgäuer Str. 101  / 3.OG ohne Aufzug;81475;München;;;;
Teamblue Bad Münder;114418;LS75642;ja;10.02.2026;Florian Gräf;21621;Magnum;Magnum water coffee snack;Wirtswiese 1;57223;Kreuztal;;;;
aboutwater Frankfurt;;LS75643;ja;10.02.2026;Carmen Berger;26852;Camparts Frankfurt;Camparts Frankfurt GmbH;Lärchenstraße 80;65933;Frankfurt;;;;
Strecke;114248;5393003160/Pentair Water;ja;10.02.2026;Christian Irrgang;20191;Gleisner;Gleisner GmbH & Co.KG;Pegnitzstr. 13;91207;Lauf an der Pegnitz;;;;
AQUATRADE Glinde;114420;LS75644;ja;16.02.2026;Estaline Philander;22263;Sperling;B. Sperling & Sohn GmbH;Wendenstraße 274 - 278;20537;Hamburg;;;;
STK Service;114421;LS75645;ja;10.02.2026;Estaline Philander;21237;Berufstrainingszentrum BTZ;Berufstrainingszentrum Rhein-Ruhr gGmbH;Pempelforter Str. 50  /  Mo-Fr 8-12 Uhr;40211;Düsseldorf;;;;
Planegg;114422;LS75646;ja;10.02.2026;Max Sanktjohanser;27238;HQ Capital;HQ Capital (Deutschland) GmbH;Am Pilgerrain 15;61352;Bad Homburg;;;;
Planegg;114423;LS75647;ja;13.02.2026;Christian Irrgang;20362;Emons Spedition;Emons Spedition GmbH & Co. KG;Lindberghstr. 6;85399;Hallbergmoos;;;;
Dolphin, Bonstetten;114424;LS75648;ja;10.02.2026;Florian Gräf;20191;Gleisner;Gleisner GmbH & Co.KG;Pegnitzstr. 13;91207;Lauf an der Pegnitz;;;;
aboutwater Frankfurt;;LS75649;ja;11.02.2026;Carmen Berger;26603;DEURAG Deutsche Rechtsschutz-V;DEURAG Deutsche Rechtsschutz-Versicherung AG;Abraham-Lincoln-Str. 3;65189;Wiesbaden;;;;
Planegg;114426;LS75650;ja;16.02.2026;Estaline Philander;26248;FOUR Munich Neue Messe;FOUR Munich Neue Messe;Humboldtstraße 12;85609;Dornach;;;;
Planegg;114427;LS75651;ja;10.02.2026;Christian Irrgang;20191;Gleisner;Gleisner GmbH & Co.KG;Pegnitzstr. 13;91207;Lauf an der Pegnitz;;;;
Planegg;113929;LS75652;ja;10.02.2026;Florian Gräf;10034;ewatec;ewatec e.K.;Am Angelehof 12;88316;Isny;;;;
STK Service;114428;LS75653;ja;23.02.2026;Estaline Philander;26915;Vorwerk Autotec GmbH & Co. KG;Vorwerk Autotec GmbH & Co. KG;Obere Lichtenplatzer Straße 336;42287;Wuppertal;;;;
AQUATRADE Glinde;114429;LS75654;ja;11.02.2026;Carmen Berger;21494;Realfit;Realfit Heide;Husumer Str. 82;25746;Heide;;;;
Planegg;;LS75655;ja;10.02.2026;Mihaela Abmayr;27225;Gstreingastro GmbH;Gstreingastro GmbH;Oberlängenfeld 5 top 17;6444;Längenfeld;;;;
aboutwater Frankfurt;;LS75656;ja;10.02.2026;Carmen Berger;27204;Cengiz Kina;Cengiz Kina;Im Heisenrath 12;60529;Frankfurt;;;;
VST Schörling;114432;LS75657;ja;12.02.2026;Carmen Berger;23052;Steinhagen;Steinhagen Offices GmbH;Carl-Zeiss-Ring 15a;85737;Ismaning;;;;
Planegg;114433;LS75658;ja;10.02.2026;Max Sanktjohanser;20248;WasserfilterZentrum Ladenkiste;Ladenkiste UG (haftungsbeschränkt);Von-Ossietzky-Straße 32;07552;Gera;;;;
STK Service;114434;LS75659;ja;18.02.2026;Estaline Philander;26238;CSS Europe;H&mv Baustelle (Kraftwerk);Siegenbeckstraße 10;59071;Hamm;;;;
Planegg;;LS75660;ja;10.02.2026;Rene Kühn;20772;Crystal Water;Crystal Water;Rosenheimer Str. 34;85635;Höhenkirchen;;;;
aboutwater Frankfurt;114436;LS75661;ja;11.02.2026;Carmen Berger;25723;Bundesamt für Naturschutz;Bundesamt für Naturschutz;Konstantinstr. 110;53179;Bonn;;;;
aboutwater Frankfurt;114438;LS75662;ja;11.02.2026;Carmen Berger;25174;Herzcarré Dr.Lebbed;Herzcarré - Kardiologie Bad Homburg;Siemensstraße 27;61352;Bad Homburg;;;;
Planegg;114437;LS75663;ja;11.02.2026;Josefine Mättig;22124;LGL Haushaltwaren GmbH;LGL Haushaltswaren GmbH;Helferner Weg 14b;49214;Bad Rothenfelde;;;;
Kyffhäuser;114439;LS75665;ja;17.02.2026;Estaline Philander;26163;Falck Olbernhau;Falck Notfallrettung u.Katastrophenschutz;Unterer Flöhaweg 8a;09526;Olbernhau;;;;
Gänshirt-Aufmbruch;114041;LS75666;ja;02.03.2026;Petra Gräf;27208;Jobcenter Kreis Viersen;Jobcenter Kreis Viersen;Freiheitsstr. 164;41747;Viersen;;;;
Kyffhäuser;114440;LS75671;ja;17.02.2026;Estaline Philander;26164;Falck Pockau-Lengenfeld;Falck Notfallrettung u.Katastrophenschutz;Buchener Straße 2;09509;Pockau-Lengenfeld;;;;
Kyffhäuser;114442;LS75674;ja;11.02.2026;Florian Gräf;20708;Kyffhäuser Waterworld;Kyffhäuser Waterworld;Brauereistraße 4;06556;Artern;;;;
Planegg;109595;LS75675;ja;25.02.2026;Christian Irrgang;20191;Gleisner;Gleisner GmbH & Co.KG;Pegnitzstr. 13;91207;Lauf an der Pegnitz;;;;
Planegg;114443;LS75676;ja;11.02.2026;Christian Irrgang;20191;Gleisner;Gleisner GmbH & Co.KG;Pegnitzstr. 13;91207;Lauf an der Pegnitz;;;;
STK Service;114441;LS75677;ja;18.02.2026;Estaline Philander;23989;Stadt Lüdinghausen;Stadt Lüdinghausen;Borg 2;59348;Lüdinghausen;;;;
Attila AS;114445;LS75678;ja;19.02.2026;Carmen Berger;22615;Leukocare;Leukocare AG;Am Klopferspitz 19 a;82152;Martinsried;;;;
Planegg;114446;LS75679;ja;12.02.2026;Sönke Rocho;21441;AMS;AMS Technologies AG;Fraunhoferstraße 22;82152;Planegg;;;;
Emons;;LS75680;ja;11.02.2026;Christian Irrgang;20191;Gleisner;Gleisner GmbH & Co.KG;Pegnitzstr. 13;91207;Lauf an der Pegnitz;;;;
Planegg;114041;LS75681;ja;12.02.2026;Petra Gräf;27208;Jobcenter Kreis Viersen;Jobcenter Kreis Viersen;Freiheitsstr. 164;41747;Viersen;;;;
Planegg;;LS75682;ja;10.02.2026;Florian Gräf;27086;Die Autobahn Nordbayern;Die Autobahn GmbH des Bundes - NL Nordbayern;An der Autobahn 1;91058;Erlangen;;;;
Emons;114449;LS75683;ja;25.02.2026;Christian Irrgang;20191;Gleisner;Gleisner GmbH & Co.KG;Pegnitzstr. 13;91207;Lauf an der Pegnitz;;;;
STK Service;114450;LS75684;ja;25.02.2026;Estaline Philander;27103;SEJOUR Moden GmbH;SEJOUR Moden GmbH Import - Export;Hans-Böckler-Str. 30-32;47877;Willich;;;;
Planegg;114452;LS75685;ja;11.02.2026;Florian Gräf;20299;GWA;GWA GmbH;Auf den Höhen 3;39116;Magdeburg;;;;
Planegg;114454;LS75687;ja;11.02.2026;Christian Irrgang;20191;Gleisner;Gleisner GmbH & Co.KG;Pegnitzstr. 13;91207;Lauf an der Pegnitz;;;;
Planegg;114451;LS75688;ja;16.02.2026;Estaline Philander;22768;Discovery Communications;Discovery Communications Deutschland GmbH&Co;Betastraße 1;85774;Unterföhring;;;;
Planegg;114456;LS75689;ja;11.02.2026;Sönke Rocho;22615;Leukocare;Leukocare AG;Am Klopferspitz 19 a;82152;Martinsried;;;;
Planegg;114457;LS75690;ja;12.02.2026;Florian Gräf;10160;AVALESS;AVALESS GmbH;Hansastr. 24;49205;Hasbergen;;;;
aboutwater Frankfurt;114455;LS75692;ja;11.02.2026;Carmen Berger;25602;Hochschule Mainz;Hochschule Mainz;Lucy-Hillebrand-Straße 2;55128;Mainz;;;;
Planegg;114459;LS75693;ja;11.02.2026;Josefine Mättig;22636;Alexander Barisic;Alexander Barisic;Truderinger Str. 199;81673;München;;;;
aboutwater Frankfurt;114460;LS75694;ja;11.02.2026;Estaline Philander;26219;Therm Design;therm design GmbH&Co.KG;Hauptstr. 28;36142;Tann;;;;
Planegg;114458;LS75695;ja;11.02.2026;Max Sanktjohanser;23508;Männerturnverein Dänischenhage;Marco Mumm;Mittelweg 7;24229;Dänischenhagen;;;;
Planegg;114462;LS75696;ja;11.02.2026;Josefine Mättig;25776;drinkitnow GmbH;drinkitnow GmbH;Henschelring 4;85551;Kirchheim bei München;;;;
Planegg;114453;LS75698;ja;11.02.2026;Max Sanktjohanser;27239;Obermaier GmbH;Obermaier GmbH;Geisenhausen, Holledaustr. 6;85301;Schweitenkirchen;;;;
Planegg;114465;LS75699;ja;11.02.2026;Max Sanktjohanser;27114;CMS Cinestar;CMS Cinema Management Services GmbH & Co. KG;Mühlenbrücke 9;23552;Lübeck;;;;
aboutwater Bünde;114463;LS75700;ja;12.02.2026;Estaline Philander;23083;Stadt Lohne;Stegemannschule Lohne;Toppstr. 3-5;49393;Lohne;;;;
Planegg;;LS75703;ja;12.02.2026;Florian Gräf;23275;Pro Idee (Junghans);Pro Idee Management GmbH & Co.KG;Neue Straße 19;52382;Niederzier;;;;
Planegg;114470;LS75705;ja;11.02.2026;Josefine Mättig;27240;TÜV Süd;TÜV Süd Industrie Service GmbH;Rüdesheimer Str. 11 / Hintergebäude;80686;München;;;;
Kyffhäuser;112122;LS74253 MBU;ja;16.02.2026;Petra Gräf;23338;Le Gastro;Deutsche Post;Im Rotte 2 / Raum 324;34355;Staufenberg;;;;
VST Schörling;114472;LS75706;ja;18.02.2026;Andreas Pöppe;27207;Polarise;Polarise GmbH;Tucherpark 12;80638;München;;;;
VST Plep;;LS75707;ja;16.02.2026;Florian Gräf;23956;Globus Logistik;GLOBUS Logistik GmbH & Co. KG;Globusallee;55411;Bingen;;;;
Planegg;114473;LS75709;ja;12.02.2026;Josefine Mättig;26100;Heller-Leder;HELLER-LEDER GmbH & Co.KG;Hauptstr. 1;37619;Hehlen;;;;
Planegg;114474;LS75710;ja;18.02.2026;Max Sanktjohanser;27241;Christopherus Gemeinschaft;Christophorus-Gemeinschaft e. V.;Eisenbahnstraße 1;79379;Müllheim;;;;
Planegg;114008;LS75711;ja;12.02.2026;Petra Gräf;26213;Stadt Frankfurt am Main;Stadt Frankfurt am Main -Der Magistrat-;Solmsstraße 27-37;60486;Frankfurt am Main;;;;
AMW Auersperg;;Wtg. 7686 02/26;ja;10.02.2026;Petra Gräf;20191;Gleisner;Ferdinand Kreuzer-Stabamühle GmbH;Handwerkerstr. 3;21423;Drage;;;;
Planegg;114477;LS75713;ja;17.02.2026;Florian Gräf;21367;AKONTECH König;Pelmennaia-Backshop;Alte Jakobstr. 77;10179;Berlin;;;;
Planegg;114478;LS75714;ja;16.02.2026;Mihaela Abmayr;27242;Lingemann Gmbh;Gustavo Gusto GmbH & Co. KG;Boehmerwaldstrasse 55;82538;Geretsried;;;;
Planegg;114479;LS75715;ja;16.02.2026;Mihaela Abmayr;26597;Dienstleistungsbetrieb de;Dienstleistungsbetrieb der Stadt Ma;Am Krekel 17;35039;Marburg;;;;
Planegg;114482;LS75717;ja;19.02.2026;Estaline Philander;24762;Hermann Hauser GmbH;Hermann Hauser GmbH;Josef-Schorer-Str. 9;86179;Augsburg;;;;
Planegg;114483;LS75718;ja;16.02.2026;Florian Gräf;10133;Veolia Industrie Deutschl;Veolia Solutions Deutschland GmbH;Zweibrückenstraße 15-25;91301;Forchheim;;;;
Emons;114484;LS75719;ja;12.02.2026;Florian Gräf;25000;aboutwater Hungary;aboutwater Zrt;Bárándi u 26-28;8000;SZÉKESFEHÉRVÁR;;;;
Planegg;;LS75720;ja;17.02.2026;Carmen Berger;25940;Gemeinnützige Gesellschaft;Bildungszentrum für Pflege, Gesundheit;Neumarkter Str. 83;81673;München;;;;
Planegg;114481;LS75721;ja;16.02.2026;Mihaela Abmayr;27244;Uwe Hoffmann;Uwe Hoffmann;Heckelberger Ring, 6 9. Etage;13055;Berlin;;;;
Planegg;114487;LS75722;ja;16.02.2026;Mihaela Abmayr;27245;TELOGS GmbH;TELOGS GmbH;Im Ostpark 25;35435;Wettenberg;;;;
Emons;114488;LS75723;ja;24.02.2026;Florian Gräf;20829;Fritz Steinhaus GmbH & Co;Fritz Steinhaus GmbH & Co. KG;Im Heidkamp 17;33334;Gütersloh;;;;
Gleisner;114488;LS75724;ja;12.02.2026;Florian Gräf;20829;Fritz Steinhaus GmbH & Co;Fritz Steinhaus GmbH & Co. KG;Im Heidkamp 17;33334;Gütersloh;;;;
AMW Auersperg;114490;LS75725;ja;18.03.2026;Estaline Philander;24146;Hugo Pfohe Lübeck;Hugo Pfohe GmbH;Am Spargelhof 10;23554;Lübeck;;;;
STK Service;114491;LS75726;ja;27.02.2026;Florian Gräf;20587;Getränke-Service Neumann;Gartner Speditions GmbH;Emscherstraße 48;45891;Gelsenkirchen;;;;
AMW Auersperg;114492;LS75727;ja;17.02.2026;Andreas Pöppe;24728;Berufsbildungswerk Oberlinhaus;Berufsbildungswerk im Oberlinhaus gGmbH;Steinstraße 80 - 84;14480;Potsdam;;;;
Deutscher;114489;LS75728;ja;20.02.2026;Josefine Mättig;25393;Zeeh Design GmbH;Zeeh Design GmbH;Boschstraße 16;82178;Puchheim;;;;
VST Schörling;114494;LS75729;ja;16.02.2026;Andreas Pöppe;23360;Studienseminar Albertinum;Studienseminar Albertinum;Westendstraße 300;81377;München;;;;
Planegg;114493;LS75730;ja;12.02.2026;Max Sanktjohanser;27246;Jan Berens;Jan Berens;Krochmannstraße 82b;22297;Hamburg;;;;
Planegg;114495;LS75732;ja;13.02.2026;Sönke Rocho;23936;UBS Europe SE;UBS Europe SE;Europaplatz 1;81675;München;;;;
Gänshirt-Aufmbruch;112121;LS74252 MBU;ja;16.02.2026;Petra Gräf;23338;Le Gastro;Deutsche Post AG;Lanterstr. 20;46539;Dinslaken;;;;
Planegg;;LS75733;ja;13.02.2026;Sönke Rocho;20774;M. Asam / Asambeauty;M. Asam GmbH;Feringastrasse 12 A;85774;Unterföhring;;;;
VST Schörling;114498;LS75734;ja;16.02.2026;Andreas Pöppe;27087;Franka Robotics;Franka Robotics GmbH;Koppstr. 12;81379;München;;;;
Planegg;114497;LS75735;ja;12.02.2026;Max Sanktjohanser;27247;Bad Marienberg;Verbandsgemeindeverwaltung Bad Marienberg;Kirburger Straße 4;56470;Bad Marienberg;;;;
Planegg Rep.Lager;114499;LS75736;ja;12.02.2026;Florian Gräf;26964;Sodaduck Nothelfer;Stefan Nothelfer und Schaff IT GmbH GbR;Vogtgasse 7;89584;Ehingen /Rißtissen;;;;
Planegg;114500;LS75741;ja;16.02.2026;Estaline Philander;27071;Autohaus Stanglmair (4) Schong;Autohaus Stanglmair GmbH &  Co.Betr.KG;Bahnhofstr. 13;86956;Schongau;;;;
Emons;114501;LS75742;ja;12.02.2026;Max Sanktjohanser;25510;Amazon VZ Berlin;Amazon VZ Berlin-Brandenburg GmbH (BER8);Am Möllenpfuhl 2;12529;Schönefeld;;;;
Planegg;114502;LS75743;ja;16.02.2026;Estaline Philander;26713;Wasserwirtschaftsamt Weilheim;WWA Wasserwirtschaftsamt Weilheim;Pütrichstraße 24  EG;82362;Weilheim;;;;
Bastian;114503;LS75744;ja;19.02.2026;Estaline Philander;24125;Klebl;Klebl GmbH Penning;Penning 3;94094;Rotthalmünster;;;;
Strecke;114504;LS75745;nein;01.03.2026;Estaline Philander;23343;Falck Rettungswache 31.PLA;Falck Notfallrettung und Katastrophenschutz;Poeppigstraße 6;08529;Plauen;;;;
Berlin Wein König;;LS75748;ja;12.02.2026;Florian Gräf;20452;Luisenstift Berlin;Luisenstift Berlin;Königin-Luise-Straße 95;14195;Berlin;;;;
AQUATRADE Glinde;114507;LS75749;ja;10.03.2026;Estaline Philander;23336;Gebeco GmbH & Co. KG;Gebeco GmbH & Co. KG;Holzkoppelweg 19;24118;Kiel;;;;
VST Schörling;114508;LS75750;ja;16.02.2026;Sönke Rocho;20148;KPIT Technologies GmbH;KPIT Technologies GmbH;Frankfurter Ring 105b;80807;München;;;;
Ines Rütz Appen;114509;LS75751;ja;12.02.2026;Andreas Pöppe;23577;Dataport 1;Dataport Hanse Center (DHC);Wikingerweg 1;20537;Hamburg;;;;
Ines Rütz Appen;114511;LS75752;ja;12.02.2026;Andreas Pöppe;23577;Dataport 1;Dataport Hanse Center (DHC);Wikingerweg 1;20537;Hamburg;;;;
AQUATRADE Glinde;114510;LS75753;ja;17.02.2026;Carmen Berger;27248;Zahnarztpraxis Dr. Hinrichsen;Zahnarztpraxis Dr. Jan Hinrichsen;Kehdenstraße 25;24103;Kiel;;;;
Planegg;114514;LS75754;ja;16.02.2026;Estaline Philander;24488;ARGE PLING Sendling;ARGE PLING Hillebrand-Ehrenreich;Plinganserstraße 56;81369;München;;;;
Ines Rütz Appen;114513;LS75755;ja;12.02.2026;Andreas Pöppe;23577;Dataport 1;Dataport Hanse Center (DHC);Wikingerweg 1;20537;Hamburg;;;;
Planegg;114512;LS75756;ja;13.02.2026;Florian Gräf;20575;R&F Mayer GmbH;R&F Mayer GmbH;Lorcher Str. 51;73547;Lorch-Waldhausen;;;;
Planegg;114515;LS75757;ja;16.02.2026;Florian Gräf;20191;Gleisner;Gleisner GmbH & Co.KG;Pegnitzstr. 13;91207;Lauf an der Pegnitz;;;;
Kyffhäuser;114516;LS75759;nein;01.03.2026;Estaline Philander;26162;Falck Dorfchemnitz;Falck Notfallrettung u.Katastrophenschutz;An den Gütern 5;08297;Dorfchemnitz;;;;
VST Schörling;114520;LS75760;ja;13.02.2026;Mihaela Abmayr;20148;KPIT Technologies GmbH;KPIT Technologies GmbH;Frankfurter Ring 105b;80807;München;;;;
Planegg;114517;LS75761;ja;13.02.2026;Josefine Mättig;23739;T E A M - Industriebedarf GmbH;CTT Reha-Fachkliniken GmbH;Am Kurzentrum 1;66709;Weiskirchen;;;;
aboutwater Bünde;114518;LS75762;ja;16.02.2026;Petra Gräf;26853;AUGUST STORCK KG;AUGUST STORCK KG;Paulinenweg 12;33790;Halle (Westf.);;;;
Kyffhäuser;114521;LS75763;nein;01.03.2026;Estaline Philander;26165;Falck Thalheim;Falck Notfallrettung u.Katastrophenschutz;Am Stollen 1;09380;Thalheim;;;;
Planegg;114523;LS75764;ja;19.02.2026;Petra Gräf;27249;Autohaus Stanglmair (6) Rottac;Autohaus J. Stanglmair & Co. GmbH;Wiesseer Straße 40;83700;Rottach-Egern;;;;
AMW Auersperg;114524;LS75765;ja;12.03.2026;Petra Gräf;27251;Fleischer-Winkler e.K.;REI BAR I IZAKAYA;Reichenberger Str 36;10999;Berlin;;;;
Planegg;114524;LS75766;ja;16.02.2026;Petra Gräf;27251;Fleischer-Winkler e.K.;REI BAR I IZAKAYA;Reichenberger Str 36;10999;Berlin;;;;
Gänshirt-Aufmbruch;114522;LS75767;ja;01.03.2026;Estaline Philander;25967;Wasserverband Eifel-Rur;Wasserverband Eifel-Rur;Krefelder Str. 299;52070;Aachen;;;;
aboutwater Frankfurt;114525;LS75768;ja;13.02.2026;Estaline Philander;26213;Stadt Frankfurt am Main;Stadt Frankfurt am Main -Der Magistrat-;Solmsstraße 27-37;60486;Frankfurt am Main;;;;
Planegg;114505;LS75771;ja;16.02.2026;Petra Gräf;22791;Vidia GmbH;Vidia GmbH;Bürkleinstraße 10;80538;München;;;;
AQUATRADE Glinde;;LS75772;ja;10.02.2026;Mihaela Abmayr;24898;Anschütz;Anschütz GmbH;Zeyestr. 16-24;24106;Kiel;;;;
Planegg;114505;LS75773;ja;09.03.2026;Petra Gräf;22791;Vidia GmbH;Vidia GmbH;Bürkleinstraße 10;80538;München;;;;
Planegg;114527;LS75774;ja;27.02.2026;Carmen Berger;21258;Coffice;Ferdinand Bierbichler GmbH&Co.KG;Hofmühlstraße 1-7;83071;Stephanskirchen;;;;
Planegg;113910;LS75215-2;ja;16.02.2026;Petra Gräf;27194;bfw (2) Burglengenfeld;Berufsfortbildungswerk Gemeinützige;Schmidmühlener Str.22 / über Rote-Kreuzstr.;93133;Burglengenfeld;;;;
Planegg;114529;LS75776;ja;13.02.2026;Florian Gräf;26776;Gordon Jannke;Gordon Jannke;Buchenstrasse 2;18375;Prerow;;;;
Planegg;114528;LS75777;ja;13.02.2026;Max Sanktjohanser;27254;Amazon;Amazon Deutschland S38 Transport GmbH;ConneKT 63-65;97318;Kitzingen;;;;
Planegg;114530;LS75778;ja;16.03.2026;Florian Gräf;21170;Grünbeck;Grünbeck AG;Josef-Grünbeck-Straße 1;89420;Höchstädt a. d. Donau;;;;
aboutwater Frankfurt;114531;LS75780;ja;13.02.2026;Carmen Berger;27130;Piab Vakuum;Piab Vakuum GmbH;Otto-Hahn Str. 14;35510;Butzbach;;;;
Planegg;114532;LS75781;ja;13.02.2026;Max Sanktjohanser;27253;Flammkraft;Flammkraft GmbH;Richard-Dunkel Strasse 120;28199;Bremen;;;;
Gänshirt-Aufmbruch;114533;LS75782;ja;07.04.2026;Petra Gräf;27255;Baby Bee Spielraum;Baby Bee Spielraum;Schloßstr. 50;45468;Mülheim an der Ruhr;;;;
Planegg;114533;LS75783;ja;16.02.2026;Petra Gräf;27255;Baby Bee Spielraum;Baby Bee Spielraum;Schloßstr. 50;45468;Mülheim an der Ruhr;;;;
Planegg;114534;LS75784;ja;13.02.2026;Max Sanktjohanser;27256;Rapunzel;Rapunzel Naturkost GmbH & Co. KG;Rapunzelstraße 1;87764;Legau;;;;
Planegg;114535;LS75785;ja;16.02.2026;Estaline Philander;24075;Dombrowski;Malereibetrieb Michael Dombrowski GmbH;Ungererstr. 70 / 5.OG;80805;München;;;;
Planegg;114342;LS75786;ja;17.03.2026;Florian Gräf;25074;global concerts;Global Concerts GmbH;Olympiahalle / Spiridon Louis-Ring 21;81679;München;;;;
AMW Auersperg;106241;LS71106.;ja;13.02.2026;Rene Kühn;25871;Die Darterei Berlin;Die Darterei Berlin UG;Berliner Allee 106;13088;Berlin;;;;
Planegg;114537;LS75789;ja;16.02.2026;Max Sanktjohanser;22642;Amazon Deutschland S6 Trans.;Amazon Deutschland S6 Transport GmbH;An der Heide 8;97714;Oerlenbach;;;;
Gänshirt-Aufmbruch;114538;LS75790;nein;16.02.2026;Andreas Pöppe;23338;Le Gastro;Deutsche Post AG / Abt. 36 + ZB;Lünsingskuhle 70;46282;Dorsten;;;;
Emons;114541;LS75791;ja;16.02.2026;Florian Gräf;20829;Fritz Steinhaus GmbH & Co;Fritz Steinhaus GmbH & Co. KG;Im Heidkamp 17;33334;Gütersloh;;;;
Planegg;114540;LS75792;ja;02.03.2026;Florian Gräf;20829;Fritz Steinhaus GmbH & Co;Fritz Steinhaus GmbH & Co. KG;Im Heidkamp 17;33334;Gütersloh;;;;
Planegg;114542;LS75793;ja;16.02.2026;Max Sanktjohanser;26099;Rheinspan;Rheinspan GmbH & Co. KG;Konrad Nolte Strasse 40;76726;Germersheim;;;;
Magnum Kuhnhenne;114539;LS75794;ja;24.02.2026;Estaline Philander;25250;Falck Ruppichteroth Much;Falck Notfallrettung und Kranken-;St. Florian Str. 8;53809;Ruppichteroth;;;;
Kyffhäuser;;LS75795;ja;24.02.2026;Florian Gräf;20668;Gastro Service Center e.K;Dr. Dany Wieländer;Löhrstr. 4 - 6;04105;Leipzig;;;;
Planegg;114544;LS75796;ja;17.02.2026;Estaline Philander;26095;IKEA (2) City Project Pasing;IKEA City Project South GmbH;Pasinger Bahnhofsplatz 5 / Pasing Arcaden UG;81241;München;;;;
Planegg;114545;LS75797;ja;20.02.2026;Estaline Philander;25670;Punjabi Foods Trading;Punjabi Foods Trading GmbH;Maria-Probst-Str 41a;80939;München;;;;
STK Service;114557;LS75798;ja;25.03.2026;Petra Gräf;22509;Konvortec;Konvortec GmbH;Kappellenweg 64;46514;Schermbeck;;;;
Planegg;114054;LS75799;ja;17.02.2026;Estaline Philander;23936;UBS Europe SE;UBS Europe SE;Europaplatz 1;81675;München;;;;
Planegg;114563;LS75800;ja;17.02.2026;Carmen Berger;23936;UBS Europe SE;UBS Europe SE;Europaplatz 1;81675;München;;;;
Deutscher;114562;LS75802;ja;16.02.2026;Max Sanktjohanser;26513;lgcgroup;Axolabs Berlin GmbH;Wolfenerstr. 23;12681;Berlin;;;;
Planegg;114564;LS75803;ja;17.02.2026;Max Sanktjohanser;27257;Rheinmetall;Rheinmetall Landsysteme GmbH;Dr.-Hell-Straße 6;24107;Kiel;;;;
Planegg;110239;LS75804;ja;17.02.2026;Petra Gräf;27118;Zusje;t Zusje;Markt 52-54;52062;Aachen;;;;
Planegg;114566;LS75805;ja;18.02.2026;Florian Gräf;25911;Wasserversorungsverband Teckle;Wasserversorungsverband Tecklenburger Land;Fuggerstraße 1;49479;Ibbenbühren;;;;
Planegg;114565;LS75806;ja;16.02.2026;Max Sanktjohanser;27258;Johanniter München;Johanniter-Unfall-Hilfe e.V.;Schäftlarnstraße 9;81371;München;;;;
Planegg;114567;LS75807;ja;19.02.2026;Max Sanktjohanser;27236;Schgaguler Schwaige;Schgaguler Schwaige;Piz 5 / Seiser Alm;39040;Kastelruth;;;;
AQUATRADE Glinde;114568;LS75808;ja;18.02.2026;Estaline Philander;25561;EPG Ehrhardt+Partner;Ehrhardt + Partner GmbH & Co. KG;Auf dem Königslande 37;22041;Hamburg;;;;
STK Service;114569;LS75809;ja;18.02.2026;Estaline Philander;23135;Kaffee Express Rhein Ruhr;Kaffee Express Rhein Ruhr;Weg am Kötterberg 15;44807;Bochum;;;;
aboutwater Frankfurt;114570;LS75810;ja;01.03.2026;Carmen Berger;26545;Nextbike;Nextbike GmbH;Brunnenstraße 56;35460;Staufenberg;;;;
Nothhelfer/Ulm+50km;114571;LS75811;ja;01.03.2026;Estaline Philander;25756;Werbeagentur Hüper GmbH;Werbeagentur Hüper GmbH;Im Brühl 1;89520;Heidenheim;;;;
VST Plep;114574;LS75813;ja;27.02.2026;Petra Gräf;27260;Giorgio Armani Zweibrücken;Giorgio Armani Retail S.r.l. - German Branch;Londoner Bogen 10-90;66482;Zweibrücken;;;;
Berlin Wein König;;LS75814;ja;16.02.2026;Florian Gräf;21367;AKONTECH König;Pelmennaia-Backshop;Alte Jakobstr. 77;10179;Berlin;;;;
Planegg;114573;LS75815;ja;27.02.2026;Estaline Philander;23899;MVZ Atrium;MVZ Atrium Dres. Pränger, Hornauer,;Münchner Str. 56 a;83607;Holzkirchen;;;;
Gleisner;114576;LS75816;ja;16.03.2026;Petra Gräf;27086;Die Autobahn Nordbayern;Die Autobahn GmbH des Bundes - NL Nordbayern;Spitzwegstr. 45;95447;Bayreuth;;;;
Planegg;;LS75817;ja;19.02.2026;Petra Gräf;27261;Hausarztpraxis Penzberg;Hausarztpraxis Penzberg Christoph Kempf;Karlstr. 28;82377;Penzberg;;;;
Planegg;112737;LS75818;ja;17.02.2026;Estaline Philander;26312;Trustpilot GmbH;Trustpilot GmbH;Esplanade 40;20354;Hamburg;;;;
VST Schörling;114579;LS75819;ja;18.02.2026;Petra Gräf;22377;Hotel-Gasthof Schützenhaus;Hotel-Gasthof Schützenhaus;Talhofstraße 22;82205;Gilching;;;;
Planegg;114577;LS75820;ja;02.03.2026;Estaline Philander;24368;Audi Eching;Audi München GmbH;Heisenbergstraße 4;85368;Eching;;;;
aboutwater Frankfurt;114581;LS75821;ja;16.02.2026;Carmen Berger;26799;Sonar System GmbH;Sonar System GmbH;Carl-Legien-Straße 15;63073;Offenbach am Main;;;;
AQUATRADE Glinde;20799;LS20907_SN;ja;16.02.2026;Petra Gräf;20128;Avendi GmbH;Avendi GmbH;Alpspitzstraße 4;82131;Stockdorf;;;;
aboutwater Bünde;114583;LS75823;ja;20.02.2026;Florian Gräf;26902;Kreis Paderborn;Kreis Paderborn;Aldegreverstr. 10 - 14;33102;Paderborn;;;;
AQUATRADE Glinde;114582;LS75824;ja;17.02.2026;Estaline Philander;20317;NOL Nordostsee.Leasing;nordostsee.leasing GmbH & Co. KG;Eckernförder Str. 220;24119;Kronshagen;;;;
Planegg;114584;LS75825;ja;19.02.2026;Estaline Philander;23168;Tino Allinger;Tino Allinger;Fuggerstr. 35;86830;Schwabmünchen;;;;
aboutwater Bünde;114587;LS75826;ja;23.02.2026;Petra Gräf;27253;Flammkraft;Flammkraft GmbH;Richard-Dunkel Strasse 120;28199;Bremen;;;;
Planegg;114585;LS75827;ja;25.02.2026;Estaline Philander;23182;Agile Robots AG;Agile Robots SE;Plinganserstrasse 134;81369;München;;;;
Planegg;114586;LS75828;ja;16.02.2026;Max Sanktjohanser;27262;JALIN;JALIN Management GmbH;Kaiserpfalzstr 50;78351;Bodman Ludwigshafen;;;;
VST Schörling;114588;LS75829;ja;09.04.2026;Petra Gräf;27263;Energy2day;Energy2day;Seeholzenstr. 12;82166;Gräfelfing;;;;
Planegg;114589;LS75831;ja;17.02.2026;Petra Gräf;27264;Securepoint GmbH;Securepoint GmbH;Bleckeder Landstraße 28;21337;Lüneburg;;;;
Planegg;114590;LS75832;ja;17.02.2026;Sönke Rocho;20176;markt.de GmbH & Co.KG;markt.de GmbH & Co.KG;Nymphenburger Str. 14;80335;München;;;;
Planegg;;LS75833;ja;05.03.2026;Sönke Rocho;22732;Micro Fuzzy /KPIT-Tochterfirma;Micro Fuzzy Industrie-Elektronic GmbH;Schleißheimer Str 377;80935;München;;;;
Planegg;;LS75834;ja;17.02.2026;Rene Kühn;20772;Crystal Water;Crystal Water;Rosenheimer Str. 34;85635;Höhenkirchen;;;;
Berlin Wein König;114593;LS75835;ja;17.02.2026;Florian Gräf;22841;K&L Gates Berlin;K & L Gates LLP;Friedrichstraße 110 A;10117;Berlin;;;;
Planegg;114594;LS75836;ja;17.02.2026;Florian Gräf;20191;Gleisner;Gleisner GmbH & Co.KG;Pegnitzstr. 13;91207;Lauf an der Pegnitz;;;;
Planegg;114596;LS75837;ja;18.02.2026;Rene Kühn;24147;Zaltech International Gmb;Zaltech International GmbH;Salzburger Straße 1;5141;Moosdorf;;;;
STK Service;114595;LS75838;ja;18.02.2026;Estaline Philander;26367;Eis-Café Konditorei Perfekt;Eis-Café Konditorei Perfekt;Friedrich-Ebert-Straße 62;45127;Essen;;;;
Planegg;114597;LS75840;ja;17.02.2026;Max Sanktjohanser;21149;Flaschenland;Flaschenland GmbH;Am Kirchenwald 1;56235;Ransbach-Baumbach;;;;
AQUATRADE Bram;114598;LS75841;ja;17.02.2026;Florian Gräf;21204;MB Well Service;MB Well Services GmbH;Ostfriesestraße 100;26388;Wilhelmshaven;;;;
Planegg;114599;LS75842;ja;17.02.2026;Max Sanktjohanser;10088;Carl Wilhelm Clasen / LGR Nuss;Carl Wilhelm Clasen GmbH;Kesselflickerstraße 10;21493;Elmenhorst/Ianken;;;;
Planegg;114601;LS75843;ja;17.02.2026;Max Sanktjohanser;27264;Securepoint GmbH;Securepoint GmbH;Bleckeder Landstraße 28;21337;Lüneburg;;;;
CJM;112971;LI260179, 26.01.;ja;01.02.2026;Petra Gräf;27090;BäckerMann;BäckerMann Backwaren und Feinkost GmbH;Südwestkorso 9;12161;Berlin;;;;
Planegg;;LS75845;ja;24.02.2026;Carmen Berger;23635;Zahnarztpraxis Dr.Tandogan;Zahnarztpraxis Dr.Tandogan;Zweibrückenstraße 6;80331;München;;;;
VST Schörling;114606;LS75846;ja;23.02.2026;Andreas Pöppe;24333;Bayern FM;Bayerische Landesbrandversicherung;Warngauer Str. 30;81539;München;;;;
Planegg;114603;LS75847;ja;24.02.2026;Estaline Philander;26800;Gentleman & CO Barbershop GmbH;Gentleman Barbershop Classic & Modern;Herzog-Wilhelm-Str. 25;80331;München;;;;
Planegg;114604;LS75848;ja;19.02.2026;Max Sanktjohanser;27199;infoteam software;infoteam software;Am Bauhof 9;91088;Bubenreuth;;;;
Planegg;114608;LS75849;ja;17.02.2026;Christian Irrgang;20298;Atlantis;Atlantis Trinkwassertechnik GmbH;Kornstr. 4;79258;Hartheim;;;;
Planegg;114605;LS75850;ja;17.02.2026;Christian Irrgang;20481;Christian Irrgang;Ursula Schober;Greisbach 67;8511;St. Stefan ob Stainz;;;;
Emons;114607;LS75852;ja;17.02.2026;Max Sanktjohanser;25408;Alsterfood GmbH;AlsterFood GmbH;Borgwardstraße 10;21423;Winsen (Luhe);;;;
aboutwater Frankfurt;114609;LS75853;ja;17.02.2026;Carmen Berger;26882;Mager;Albert Mager;Boseweg 78;60529;Frankfurt;;;;
aboutwater Frankfurt;;LS75854;ja;17.02.2026;Carmen Berger;25048;HCC (1) Hessische Zentrale;Hessische Zentrale für Datenverarbeitung;Kaiser-Friedrich-Ring 98;65185;Wiesbaden;;;;
VST Schörling;114612;LS75855;ja;18.03.2026;Estaline Philander;26476;Knettenbrech + Gurdulic Süd 2;Knettenbrech + Gurdulic Süd GmbH;Schützenstraße 10;86842;Türkheim;;;;
Planegg;114613;LS75856;ja;19.02.2026;Estaline Philander;22000;Heine Optotechnik;HEINE Optotechnik GmbH & Co. KG;Dornierstraße 6;82205;Gilching;;;;
Planegg;114614;LS75857;ja;19.02.2026;Estaline Philander;24311;1:1 Assekuranzservice;1:1 Assekuranzservice AG;Berliner Allee 28;86153;Augsburg;;;;
Planegg;114618;LS75858;ja;19.02.2026;Max Sanktjohanser;20708;Kyffhäuser Waterworld;MHB Energie GmbH;Magdeburger Str. 94c;06862;Dessau-Roßlau;;;;
STK Service;114619;LS75859;nein;01.03.2026;Estaline Philander;26948;facilicon GmbH;facilicon GmbH;Am Gewerbehof 28;50170;Kerpen;;;;
AMW Auersperg;;LS75860;ja;18.02.2026;Florian Gräf;26168;smartvillage B-Neukölln;smartvillage B Neukölln GmbH;Karl-Marx- Str. 101;12043;Berlin;;;;
Planegg;114620;LS75861;ja;19.02.2026;Estaline Philander;23450;Traut Bürokommunikation;TRAUT Bürokommunikation GmbH & Co. KG;Boschstr. 10;82178;Puchheim;;;;
Planegg;114621;LS75862;ja;17.02.2026;Max Sanktjohanser;23424;Kliniken Schmieder;Kliniken Schmieder (Stiftung & Co.) KG;Eichhornstraße 68;78464;Konstanz;;;;
Planegg;114623;LS75863;ja;17.02.2026;Max Sanktjohanser;23160;Esmeyer GmbH & Co. KG;Esmeyer GmbH & Co. KG;Bessemer Strasse 3-5;40699;Erkrath;;;;
Planegg;114624;LS75864;ja;01.04.2026;Estaline Philander;20120;Schmid Alarm GmbH;Schmid Alarm GmbH;Gautinger Str. 9;82131;Stockdorf;;;;
Planegg;114625;LS75865;nein;01.04.2026;Florian Gräf;20191;Gleisner;Gleisner GmbH & Co.KG;Pegnitzstr. 13;91207;Lauf an der Pegnitz;;;;
VST Schörling;114626;LS75866;ja;20.02.2026;Estaline Philander;20235;Vites GmbH;Vites GmbH;Einsteinstraße 32;85521;Ottobrunn;;;;
Planegg;114628;LS75867;ja;17.02.2026;Max Sanktjohanser;27215;BIZOLUTION GmbH;BIZOLUTION GmbH;Finkenstrasse 10;73492;Rainau;;;;
VST Schörling;114630;LS75869;ja;10.03.2026;Logistik;23338;Le Gastro;Deutsche Post AG;Südallee;85356;München - Flughafen;;;;
VST Schörling;114631;LS75870;ja;10.03.2026;Logistik;23338;Le Gastro;Deutsche Post AG;Südallee;85356;München - Flughafen;;;;
VST Schörling;114632;LS75871;ja;10.03.2026;Logistik;23338;Le Gastro;Deutsche Post AG;Südallee;85356;München - Flughafen;;;;
VST Schörling;114633;LS75872;ja;10.03.2026;Logistik;23338;Le Gastro;Deutsche Post AG;Südallee;85356;München - Flughafen;;;;
STK Service;114627;LS75873;nein;01.03.2026;Estaline Philander;26948;facilicon GmbH;facilicon GmbH;An der Wachsfabrik 17;50996;Köln;;;;
VST Schörling;114634;LS75874;ja;10.03.2026;Logistik;23338;Le Gastro;Deutsche Post AG;Südallee;85356;München - Flughafen;;;;
aboutwater Bünde;114635;LS75875;ja;23.02.2026;Estaline Philander;24247;Stroetmann Saat Münster;L. Stroetmann Saat GmbH & Co. KG;Lübecker Str. 33;48163;Münster;;;;
Kyffhäuser;114629;LS75876;ja;23.02.2026;Petra Gräf;23338;Le Gastro;Deutsche Post Immobilien GmbH;Stangenallee 1;99428;Grammetal / OT Nohra;;;;
Emons;101472;LS75877;ja;17.02.2026;Florian Gräf;21795;GEWO Feinmechanik GmbH;GEWO Feinmechanik GmbH & Co. KG;Bahnhofstr. 45;85457;Wörth/Hörlkofen;;;;
Planegg;114636;LS75878;ja;17.02.2026;Christian Irrgang;26888;Royalcore King of Tech;King of Tech;Eresburgstraße 24, C/O WorkBox 125;12103;Berlin;;;;
Planegg;114638;LS75881;ja;18.02.2026;Florian Gräf;20191;Gleisner;Gleisner GmbH & Co.KG;Pegnitzstr. 13;91207;Lauf an der Pegnitz;;;;
Emons;;LS75882;ja;18.02.2026;Florian Gräf;20654;Karl Gengenbach GmbH & Co;Karl Gengenbach GmbH & Co. KG;Aschenhausweg 4;74523;Schwäbisch Hall;;;;
Planegg;114640;LS75883;ja;25.02.2026;Estaline Philander;23012;Iyuno;Iyuno Germany GmbH;Lindwurmstraße 88  / 2.+3. OG;80337;München;;;;
Emons;114642;LS75884;ja;18.02.2026;Max Sanktjohanser;22164;Amazon Deutschland W2 Trans.;Amazon Deutschland W2 Transport GmbH;Rudolf-Diesel-Straße 2;56566;Neuwied;;;;
Planegg;114641;LS75885;ja;19.02.2026;Estaline Philander;22078;Sprachschule Aktiv;Sprachschule Aktiv;Heßstraße 90;80797;München;;;;
Planegg;114643;LS75886;ja;18.02.2026;Christian Irrgang;22467;Agentur für Arbeit Rosenheim;Agentur für Arbeit Rosenheim;Wittelsbacher Str. 57;83022;Rosenheim;;;;
Planegg;114644;LS75887;ja;18.02.2026;Max Sanktjohanser;27266;Dolomiten Apotheke;Dolomiten Apotheke;Glocknerstr. 20b;9990;Nußdorf-Debant;;;;
Planegg;114645;LS75888;ja;24.02.2026;Estaline Philander;23392;MYOS Sport & Health GmbH;MYOS Sport & Health GmbH;Leopoldstraße 175;80804;München;;;;
Planegg;114648;LS75889;ja;19.03.2026;Logistik;26523;Deutsche Post Freising;Deutsche Post AG;Gewerbepark 25;85250;Altomünster;;;;
Planegg;114649;LS75890;ja;23.02.2026;Logistik;26523;Deutsche Post Freising;Deutsche Post AG;Am Bachfeld 4;85395;Attenkirchen;;;;
Planegg;114650;LS75891;ja;17.03.2026;Logistik;26523;Deutsche Post Freising;Deutsche Post AG;Bahnhofstr. 7;85221;Dachau;;;;
Planegg;114651;LS75892;nein;18.02.2026;Logistik;26523;Deutsche Post Freising;Deutsche Post AG;Bahnhofstr. 7;85221;Dachau;;;;
Planegg;114652;LS75893;ja;02.03.2026;Logistik;26523;Deutsche Post Freising;Deutsche Post AG;Freisinger Str. 29;85386;Eching;;;;
Planegg;114653;LS75894;ja;02.03.2026;Logistik;26523;Deutsche Post Freising;Deutsche Post AG;Dachauer Str. 63;85435;Erding;;;;
Planegg;114654;LS75895;ja;18.02.2026;Logistik;26523;Deutsche Post Freising;Deutsche Post AG;Schleißheimer Str. 15b;85748;Garching;;;;
Planegg;114655;LS75896;ja;02.03.2026;Logistik;26523;Deutsche Post Freising;Deutsche Post AG;Bahnhofstr. 7;85625;Glonn;;;;
Planegg;114656;LS75897;ja;04.03.2026;Logistik;26523;Deutsche Post Freising;Deutsche Post AG;Hans-Pinsel-Str. 7;85540;Haar;;;;
Planegg;114657;LS75898;ja;02.03.2026;Logistik;26523;Deutsche Post Freising;Deutsche Post AG;Münchener Str. 2;85635;Höhenkirchen-Siegertsbrunn;;;;
Planegg;114658;LS75899;ja;17.03.2026;Logistik;26523;Deutsche Post Freising;Deutsche Post AG;Krenmoostr. 9;85757;Karlsfeld;;;;
Planegg;114659;LS75900;ja;04.03.2026;Logistik;26523;Deutsche Post Freising;Deutsche Post AG;Flurstr. 38;85402;Kranzberg;;;;
Planegg;114660;LS75901;ja;04.03.2026;Logistik;26523;Deutsche Post Freising;Deutsche Post AG;Wiegenfeldring 7;85570;Markt Schwaben;;;;
Planegg;114661;LS75902;ja;18.02.2026;Logistik;26523;Deutsche Post Freising;Deutsche Post AG;Hauptstr. 47;85579;Neubiberg;;;;
Planegg;114662;LS75903;nein;18.02.2026;Logistik;26523;Deutsche Post Freising;Deutsche Post AG;Rosenheimer Landstr. 145;85521;Ottobrunn - Riemerling;;;;
Planegg;114663;LS75904;ja;25.02.2026;Logistik;26523;Deutsche Post Freising;Deutsche Post AG;Georg-Wimmer-Ring 1;85604;Zorneding;;;;
Planegg;114664;LS75905;ja;18.02.2026;Logistik;26523;Deutsche Post Freising;Deutsche Post AG;Am Dörrenhof 9a;85131;Eichstätt - Pollenfeld;;;;
Planegg;114665;LS75906;ja;25.02.2026;Logistik;26523;Deutsche Post Freising;Deutsche Post AG;Friedhofstr. 19;84501;Essenbach;;;;
Planegg;114666;LS75907;ja;23.02.2026;Logistik;26523;Deutsche Post Freising;Deutsche Post AG;Porschestr. 2;85080;Gaimersheim;;;;
Planegg;114667;LS75908;ja;24.02.2026;Logistik;26523;Deutsche Post Freising;Deutsche Post AG;Grabengasse 19;85290;Geisenfeld;;;;
Planegg;114668;LS75909;ja;23.02.2026;Logistik;26523;Deutsche Post Freising;Deutsche Post AG;Siemensstr. 4;85055;Ingolstadt;;;;
Planegg;114669;LS75910;ja;04.03.2026;Logistik;26523;Deutsche Post Freising;Deutsche Post AG;Bahnhofstr. 1;85110;Kipfenberg;;;;
Planegg;114670;LS75911;ja;23.02.2026;Logistik;26523;Deutsche Post Freising;Deutsche Post AG;Gutenbergstr. 5;84048;Mainburg;;;;
Planegg;114671;LS75912;ja;24.02.2026;Logistik;26523;Deutsche Post Freising;Deutsche Post AG;Weberstr. 6;85077;Manching;;;;
Planegg;114672;LS75913;ja;26.02.2026;Logistik;26523;Deutsche Post Freising;Deutsche Post AG;Bahnhofstr. 12;85368;Moosburg;;;;
Planegg;114673;LS75914;ja;25.02.2026;Logistik;26523;Deutsche Post Freising;Deutsche Post AG;Lindharter Weg 25;84066;Mallersdorf-Pfaffenberg;;;;
Planegg;114674;LS75915;ja;25.02.2026;Logistik;26523;Deutsche Post Freising;Deutsche Post AG;Elsbethenring 16;84076;Pfeffenhausen;;;;
Planegg;114675;LS75916;ja;24.02.2026;Logistik;26523;Deutsche Post Freising;Deutsche Post AG;Weckerstr. 18;85084;Reichertshofen;;;;
Planegg;114676;LS75917;ja;25.02.2026;Logistik;26523;Deutsche Post Freising;Deutsche Post AG;Industriestr.13;84056;Rottenburg;;;;
Planegg;114677;LS75918;ja;24.02.2026;Logistik;26523;Deutsche Post Freising;Deutsche Post AG;Gewerbestr. 5;85088;Vohburg;;;;
Planegg;114678;LS75919;ja;26.02.2026;Logistik;26523;Deutsche Post Freising;Deutsche Post AG;Am Kleinfeld 8;85456;Wartenberg;;;;
Planegg;114679;LS75920;ja;23.02.2026;Logistik;26523;Deutsche Post Freising;Deutsche Post AG;Am Brunnen 9a;85283;Wolnzach;;;;
Planegg;114680;LS75921;ja;20.02.2026;Logistik;26523;Deutsche Post Freising;Deutsche Post AG;Martin-Moser-Str. 17;84503;Altötting;;;;
Planegg;114681;LS75922;ja;20.02.2026;Logistik;26523;Deutsche Post Freising;Deutsche Post AG;Terminalstr. 14;84489;Burghausen;;;;
Planegg;114682;LS75923;ja;20.02.2026;Logistik;26523;Deutsche Post Freising;Deutsche Post AG;Fuhrmannstr.12;84508;Burgkirchen;;;;
Planegg;114683;LS75924;ja;26.02.2026;Logistik;26523;Deutsche Post Freising;Deutsche Post AG;Römerstr. 8;84130;Dingolfing;;;;
Planegg;114684;LS75925;ja;20.02.2026;Logistik;26523;Deutsche Post Freising;Deutsche Post AG;Gewerbegebiet Orlfing - Alte Ziegelei 1;84405;Dorfen;;;;
Planegg;114685;LS75926;ja;25.02.2026;Logistik;26523;Deutsche Post Freising;Deutsche Post AG;Eichthalstr. 10;85560;Ebersberg;;;;
Planegg;114686;LS75927;ja;24.02.2026;Logistik;26523;Deutsche Post Freising;Deutsche Post AG;Gewebegebiet Mitterhof 59;84307;Eggenfelden;;;;
Planegg;114687;LS75928;nein;18.02.2026;Logistik;26523;Deutsche Post Freising;Deutsche Post AG;Boschstr. 21;84144;Geisenhausen;;;;
Planegg;114688;LS75929;ja;25.02.2026;Logistik;26523;Deutsche Post Freising;Deutsche Post AG;Bahnhofstr. 32;85567;Grafing;;;;
Planegg;114689;LS75930;ja;24.02.2026;Logistik;26523;Deutsche Post Freising;Deutsche Post AG;Schellberg West 7;84347;Pfarrkirchen;;;;
Planegg;114690;LS75931;nein;18.02.2026;Logistik;26523;Deutsche Post Freising;Deutsche Post AG;Sonnenfeld 1;84416;Taufkirchen, Vils;;;;
Planegg;114691;LS75932;ja;24.02.2026;Logistik;26523;Deutsche Post Freising;Deutsche Post AG;Adolf-Kolping-Str.34;84359;Simbach am Inn;;;;
Planegg;114692;LS75933;nein;18.02.2026;Logistik;26523;Deutsche Post Freising;Deutsche Post AG;Schwalbenholzstr. 8;84137;Vilsbiburg;;;;
Planegg;114693;LS75934;nein;18.02.2026;Logistik;26523;Deutsche Post Freising;Deutsche Post AG;Am Stillbach 7;84176;Vilsheim;;;;
Planegg;114694;LS75935;nein;18.02.2026;Logistik;26523;Deutsche Post Freising;Deutsche Post AG;Berliner Platz 3;84478;Waldkraiburg;;;;
Planegg;114695;LS75936;ja;26.02.2026;Logistik;26523;Deutsche Post Freising;Deutsche Post AG;Boschstr. 13;84109;Wörth a.d. Isar;;;;
Planegg;114696;LS75937;ja;24.02.2026;Logistik;26523;Deutsche Post Freising;Deutsche Post AG;Sportplatzstr. 6;84367;Zeilarn;;;;
Planegg;114697;LS75938;nein;18.02.2026;Logistik;26523;Deutsche Post Freising;Deutsche Post AG;Hilger 1 A;84579;Unterneukirchen;;;;
Planegg;114698;LS75939;ja;25.02.2026;Logistik;26523;Deutsche Post Freising;Deutsche Post AG;Münchener Str. 12;85661;Forstinning;;;;
Gleisner;114699;LS75940;ja;16.03.2026;Petra Gräf;27086;Die Autobahn Nordbayern;Die Autobahn GmbH des Bundes - NL Nordbayern;Spitzwegstr. 45;95447;Bayreuth;;;;
Planegg;114647;LS75941;ja;18.02.2026;Max Sanktjohanser;21737;Heuser;Heuser GmbH;Waldstr. 23 / B10;63128;Dietzenbach;;;;
Kyffhäuser;;LS75942;ja;24.02.2026;Florian Gräf;20668;Gastro Service Center e.K;Swarco Traffic Systems GmbH;Gypsbergstr. 11;04356;Leipzig;;;;
AQUATRADE Bram;114701;LS75943;ja;20.02.2026;Estaline Philander;25342;Centra Koordinierendes Zentrum;Centra Koordinierendes Zentrum;Heidenkampsweg 97;20097;Hamburg;;;;
Planegg;;LS75944;ja;18.02.2026;Sönke Rocho;20602;Seoul of Saigon;Seoul of Saigon GmbH;Boschetsrieder Straße 51;81379;München;;;;
VST Schörling;114703;LS75945;ja;18.02.2026;Andreas Pöppe;27087;Franka Robotics;Franka Robotics GmbH;Koppstr. 12;81379;München;;;;
aboutwater Bünde;114704;LS75946;nein;31.03.2026;Petra Gräf;26853;AUGUST STORCK KG;AUGUST STORCK KG;Paulinenweg 12;33790;Halle (Westf.);;;;
Planegg;114705;LS75947;ja;18.02.2026;Florian Gräf;20575;R&F Mayer GmbH;R&F Mayer GmbH;Lorcher Str. 51;73547;Lorch-Waldhausen;;;;
AQUATRADE Bram;114707;LS75948;ja;26.02.2026;Florian Gräf;21204;MB Well Service;MB Well Services GmbH;Uttumer Str.;26736;Krummhörn;;;;
Kyffhäuser;114708;LS75949;ja;24.02.2026;Florian Gräf;20668;Gastro Service Center e.K;Fußball Akademie RB Leipzig;Cottaweg 7;04177;Leipzig;;;;
Planegg;114706;LS75950;ja;20.02.2026;Estaline Philander;25789;Odeon Fiction;Odeon Fiction GmbH;Hofmannstraße 25-27;81379;München;;;;
Emons;114709;LS75951;ja;19.02.2026;Florian Gräf;24138;TRUE Coffee di Fina;Werkstätten der Lebenshilfe Solingen gGmbH;Freiheitstr. 9-11;42719;Solingen;;;;
Planegg;114710;LS75952;ja;18.02.2026;Florian Gräf;25291;bePure;Fountaine Pajot La Rochelle;Port Neuf;17000;La Rochelle;;;;
Gänshirt-Aufmbruch;114714;LS75954;ja;27.02.2026;Estaline Philander;22198;Steinhoff Dinslaken;Steinhoff GmbH & Cie. OHG;Gerhard-Malina-Str. 65;46537;Dinslaken;;;;
Planegg;114713;LS75955;ja;19.02.2026;Estaline Philander;25317;Mynaric;Mynaric Lasercom GmbH;Bertha-Kipfmüller-Straße 2-8;81249;München;;;;
Planegg;114715;LS75956;ja;20.02.2026;Max Sanktjohanser;27267;Sandrock;Dr. Sandrock und Partner Fachärzte;Röderstraße 6;90518;Altdorf;;;;
Planegg;114716;LS75957;ja;19.02.2026;Rene Kühn;23547;Matthias Lorig;Matthias Lorig;In der Hiehl 11;54524;Klausen;;;;
Planegg;114717;LS75958;ja;19.02.2026;Rene Kühn;25702;Lohnpack GmbH;Lohnpack GmbH;Eberhardstraße 60;71679;Asperg;;;;
Planegg;114718;LS75959;ja;19.02.2026;Rene Kühn;27269;Irene Pundt-Gruber;Irene Pundt-Gruber;Filsstraße 27;71263;Weil der Stadt;;;;
Planegg;114719;LS75960;ja;19.02.2026;Rene Kühn;27270;Antonietta Morello;Antonietta Morello;via A. Manzoni 15, San Leo di Briat;89817;Briatico;;;;
aboutwater Frankfurt;114720;LS75961;ja;27.02.2026;Petra Gräf;27271;Flying Steps Entertainment;Flying Steps Entertainment GmbH;Mombacher Str. 78 - 80;55122;Mainz;;;;
Gänshirt-Aufmbruch;114721;LS75962;ja;04.03.2026;Petra Gräf;24242;IVPNetworks;IVPNetworks GmbH;Bavierstr. 1;40699;Erkrath;;;;
AQUATRADE Glinde;;LS75963;ja;17.02.2026;Mihaela Abmayr;24898;Anschütz;Anschütz GmbH;Zeyestr. 16-24;24106;Kiel;;;;
Planegg;114723;LS75964;ja;04.03.2026;Florian Gräf;20567;Bahro Wiedekopf;Kaffeemaschinenvertrieb und Service;Alt Prester 84;39114;Magdeburg;;;;
Planegg;114721;LS75965;ja;19.02.2026;Petra Gräf;24242;IVPNetworks;IVPNetworks GmbH;Conventstr. 8-10;22089;Hamburg;;;;
AQUATRADE Glinde;110539;LS75966;ja;17.02.2026;Mihaela Abmayr;26211;Max Bögl (1)  Osterrönfeld;Max Bögl Fertigteilwerke GmbH & Co. KG;Albert-Betz-Straße 2;24783;Osterrönfeld;;;;
Planegg;;LS75968;ja;19.02.2026;Florian Gräf;21065;Attila AS Cafe & BAR;AS Cafe & Bar Service e.K.;Aidenbachstr. 72;81379;München;;;;
AMW Auersperg;114726;LS75969;nein;01.03.2026;Petra Gräf;24441;JPT;JPT Peptide Technologies GmbH;Hermann-Dorner-Allee 23;12489;Berlin;;;;
STK Service;114728;LS75970;ja;11.03.2026;Estaline Philander;26238;CSS Europe;H&mv Baustelle (Kraftwerk);Siegenbeckstraße 10;59071;Hamm;;;;
Planegg;114729;LS75971;ja;20.02.2026;Max Sanktjohanser;27253;Flammkraft;Flammkraft GmbH;Richard-Dunkel Strasse 120;28199;Bremen;;;;
Planegg;110801;LS73905.;ja;17.02.2026;Rene Kühn;25616;Wittmann Entsorgungswirtschaft;Wittmann Entsorgungswirtschaft GmbH;Lochhamer Schlag 7;82166;Gräfelfing;;;;
Planegg;114731;LS75974;ja;20.02.2026;Max Sanktjohanser;24171;GGW Group GmbH;GGW Group GmbH;Börsenbrücke 6;20457;Hamburg;;;;
Planegg;114588;LS75975;ja;24.02.2026;Petra Gräf;27263;Energy2day;Energy2day;Seeholzenstr. 12;8166;Gräfelfing;;;;
Planegg;114732;LS75976;ja;19.02.2026;Max Sanktjohanser;21664;amazon Prag;Amazon Logistic Prague s.r.o;Kelcice 135;798 08;Vranovice-Kelcice-Kelcice;;;;
STK Service;114733;LS75977;ja;31.03.2026;Florian Gräf;20259;STK Service Seiling;STK Service GmbH&Co.KG;Werkstr. 12;59348;Lüdinghausen;;;;
aboutwater Frankfurt;114735;LS75978;ja;25.02.2026;Carmen Berger;26484;HCC 2;HCC - Hessisches Competence Center;Stolzenmorgen 36;35394;Gießen;;;;
aboutwater Frankfurt;114736;LS75979;ja;25.02.2026;Carmen Berger;26484;HCC 2;HCC - Hessisches Competence Center;Rödgener Straße 91;35394;Gießen;;;;
Planegg;114734;LS75980;ja;20.02.2026;Estaline Philander;21944;Die Hausärzte im Policenter;Die Hausärzte im Policenter;Oßwaldstr. 1;82319;Starnberg;;;;
aboutwater Frankfurt;114738;LS75981;ja;19.02.2026;Carmen Berger;26484;HCC 2;HCC - Hessisches Competence Center;Rödgener Straße 91;35394;Gießen;;;;
aboutwater Frankfurt;114737;LS75982;ja;20.02.2026;Petra Gräf;27273;Mietservice Süß;Mietservice Süß GmbH & Co. KG;Seilmacherstraße 2;66497;Contwig;;;;
Planegg;114737;LS75983;ja;24.02.2026;Petra Gräf;27273;Mietservice Süß;Mietservice Süß GmbH & Co. KG;Sauerzapfstraße 2a;92507;Nabburg;;;;
Planegg;114739;LS75984;ja;23.02.2026;Florian Gräf;20191;Gleisner;Gleisner GmbH & Co.KG;Pegnitzstr. 13;91207;Lauf an der Pegnitz;;;;
Planegg;114742;LS75987;ja;19.02.2026;Josefine Mättig;10044;Automatenservice Senf Gmb;Automatenservice Senf GmbH;Saalfelderstraße 38-40;07381;Pößneck;;;;
Planegg;114743;LS75989;ja;19.02.2026;Josefine Mättig;22124;LGL Haushaltwaren GmbH;LGL Haushaltswaren GmbH;Helferner Weg 14b;49214;Bad Rothenfelde;;;;
STK Service;;LS72844.;ja;01.02.2026;Mihaela Abmayr;26135;Stadt Marl (2) Jugendamt;KITA ´Abenteuerburg´;Nonnenbusch 93;45770;Marl;;;;
Planegg;114747;LS75991;ja;19.02.2026;Josefine Mättig;10102;Steinmeier GmbH;Arvato Supply Chain Solutions SE - Consumer P;Lösnitz Mark 21;06780;Großzöberitz-Heideloh;;;;
STK Service;114756;LS75992;ja;27.02.2026;Estaline Philander;23344;Falck Krankentransport;Feuerwache Gelsenkirchen 22;Im Emscherbruch 30;45892;Gelsenkirchen;;;;
Planegg;114610;LS75993;ja;09.03.2026;Max Sanktjohanser;25226;Wirtschaftskammer Österreich;Wirtschaftskammer Österreich;Schaumburgergasse 22;1045;Wien;;;;
POSPRINT;114610;LS75994;ja;20.03.2026;Max Sanktjohanser;25226;Wirtschaftskammer Österreich;Wirtschaftskammer Österreich;Schaumburgergasse 22;1045;Wien;;;;
STK Service;114759;LS75995;ja;27.02.2026;Estaline Philander;23344;Falck Krankentransport;Rettungswache Gelsenkirchen;Freiligrathstr. 30 - 38;45881;Gelsenkirchen;;;;
Gänshirt-Aufmbruch;114740;LS75996;ja;06.03.2026;Petra Gräf;27274;Feuerwehr Wuppertal;Hauptfeuer und Rettungswache;August-Bebel-Straße 55;42109;Wuppertal;;;;
Schöttle - Haiterbach;114760;LS75997;ja;06.03.2026;Andreas Pöppe;25185;Medizinischer Dienst Baden-Wür;Medizinischer Dienst Baden-Württemberg;Bismarckstr. 94;72072;Tübingen;;;;
Gänshirt-Aufmbruch;114744;LS75998;ja;06.03.2026;Petra Gräf;27274;Feuerwehr Wuppertal;Hauptfeuer und Rettungswache;August-Bebel-Straße 55;42109;Wuppertal;;;;
Gänshirt-Aufmbruch;114745;LS75999;ja;18.03.2026;Petra Gräf;27274;Feuerwehr Wuppertal;Rettungsdienstakademie;Vogelsangstraße 106;42109;Wuppertal;;;;
Gänshirt-Aufmbruch;114746;LS76000;ja;18.03.2026;Petra Gräf;27274;Feuerwehr Wuppertal;Feuer- und Rettungswache 2;Waldeckstraße 14;42289;Wuppertal;;;;
Gänshirt-Aufmbruch;114748;LS76001;nein;19.02.2026;Petra Gräf;27274;Feuerwehr Wuppertal;Feuerwache 3;Friedrich-Ebert-Str. 253;42117;Wuppertal;;;;
Gänshirt-Aufmbruch;114749;LS76002;ja;06.03.2026;Petra Gräf;27274;Feuerwehr Wuppertal;Rettungswache 5 u. Löschzug 25;Theishahner Str. 35;42349;Wuppertal;;;;
Gänshirt-Aufmbruch;114750;LS76003;ja;06.03.2026;Petra Gräf;27274;Feuerwehr Wuppertal;Rettungswache 5 u. Löschzug 25;Theishahner Str. 35;42349;Wuppertal;;;;
Gänshirt-Aufmbruch;114751;LS76004;ja;06.03.2026;Petra Gräf;27274;Feuerwehr Wuppertal;Rettungswache 6;Buchenhofener Str. 6;42329;Wuppertal;;;;
Gänshirt-Aufmbruch;114752;LS76005;ja;18.03.2026;Petra Gräf;27274;Feuerwehr Wuppertal;Rettungswache 7;Flanhard 20;42281;Wuppertal;;;;
Gänshirt-Aufmbruch;114753;LS76006;ja;18.03.2026;Petra Gräf;27274;Feuerwehr Wuppertal;Rettungswache 8;Hesselnberg 81;42285;Wuppertal;;;;
Gänshirt-Aufmbruch;114755;LS76007;ja;06.03.2026;Petra Gräf;27274;Feuerwehr Wuppertal;Rettungswache 9;Otto-Hahn-Str. 22;42369;Wuppertal;;;;
Gänshirt-Aufmbruch;114757;LS76008;ja;06.03.2026;Petra Gräf;27274;Feuerwehr Wuppertal;Rettungswache 9;Otto-Hahn-Str. 22;42369;Wuppertal;;;;
Gänshirt-Aufmbruch;114758;LS76009;ja;06.03.2026;Petra Gräf;27274;Feuerwehr Wuppertal;Rettungswache 10;Kemmannstraße 59;42349;Wuppertal;;;;
aboutwater Bünde;;LS76010;ja;03.03.2026;Petra Gräf;26853;AUGUST STORCK KG;AUGUST STORCK KG;Paulinenweg 12;33790;Halle (Westf.);;;;
aboutwater Frankfurt;;LS76011;ja;20.02.2026;Carmen Berger;25048;HCC (1) Hessische Zentrale;Hessische Zentrale für Datenverarbeitung;Auguste-Viktoria-Str. 18;65185;Wiesbaden;;;;
Planegg;114762;LS76012;ja;19.02.2026;Josefine Mättig;26977;Trinkflaschenexpress;Ev. Krh. Königin Elisabeth;Herzbergstr. 79;10365;Berlin;;;;
AQUATRADE Glinde;114761;LS76013;ja;10.03.2026;Estaline Philander;23577;Dataport 1;Dataport - Anstalt des öffentl. Rechts;Altenholzer Straße 10-14;24161;Altenholz;;;;
Emons;114763;LS76014;ja;25.02.2026;Florian Gräf;20708;Kyffhäuser Waterworld;Kyffhäuser Waterworld;Brauereistraße 4;06556;Artern;;;;
AQUATRADE Bram;114766;LS76015;ja;25.02.2026;Estaline Philander;22890;Kita Bremen;KiTa Bremen Eigenbetrieb der Stadt Bremen;Auf der Muggenburg 5;28217;Bremen;;;;
Planegg;114768;LS76016;ja;19.02.2026;Max Sanktjohanser;21938;Amazon Deutschland W8 Trans.;Amazon Deutschland W8 Transport GmbH;Procter-und-Gamble-Straße 18;53881;Euskirchen;;;;
Planegg;115214;LS76017;ja;19.02.2026;Florian Gräf;21747;natürlich H2O / Kwasniok;natürlich H2O / Hansequelle Berlin;Pausiner Str. 34;14621;Schönwalde-Glien;;;;
VST Schörling;114769;LS76018;ja;18.03.2026;Logistik;20255;rebike 1 GmbH;Rebike Mobility GmbH;Zeppelinstr. 3  / Einfahrt 6;87437;Kempten;;;;
VST Schörling;114770;LS76019;ja;16.03.2026;Logistik;20211;workingwell GmbH;workingwell GmbH;Karlstraße 44a [Rückgebäude];80333;München;;;;
Berlin Wein König;114771;LS76020;ja;01.04.2026;Logistik;20452;Luisenstift Berlin;Luisenstift Berlin;Königin-Luise-Straße 95;14195;Berlin;;;;
Berlin Wein König;114772;LS76021;ja;01.04.2026;Logistik;20452;Luisenstift Berlin;Luisenstift Berlin;Königin-Luise-Straße 95;14195;Berlin;;;;
Berlin Wein König;114773;LS76022;ja;01.04.2026;Logistik;20452;Luisenstift Berlin;Luisenstift Berlin;Lindenthaler Allee 15;14163;Berlin;;;;
VST Schörling;114774;LS76023;ja;23.03.2026;Logistik;20563;PPO GmbH;PPO GmbH;Bahnhofstr. 98;82166;Gräfelfing;;;;
VST Schörling;114775;LS76024;ja;23.03.2026;Logistik;20563;PPO GmbH;PPO GmbH;Bahnhofstr. 98  / 3.OG;82166;Gräfelfing;;;;
Planegg;114776;LS76025;ja;09.04.2026;Logistik;20435;Leibarztpraxis;Leibarztpraxis Dr. Leiber;Mendelsohnstr. 7;81245;München;;;;
VST Schörling;114777;LS76026;ja;20.02.2026;Logistik;20235;Vites GmbH;Vites GmbH;Einsteinstraße 32;85521;Ottobrunn;;;;
VST Schörling;114778;LS76027;ja;18.03.2026;Logistik;20255;rebike 1 GmbH;Rebike Mobility GmbH;Zeppelinstr. 3  / Einfahrt 6;87437;Kempten;;;;
VST Schörling;114779;LS76028;ja;23.03.2026;Logistik;20843;Protea Networks GmbH;Protea Networks GmbH;Grimmerweg 6;82008;Unterhaching;;;;
Planegg;114780;LS76029;nein;01.03.2026;Logistik;21318;Nottensteiner Hof;Nottensteiner Hof;Rothfeldstraße 5;85247;Schwabhausen;;;;
VST Schörling;114781;LS76030;ja;05.03.2026;Logistik;21423;Anritsu;Anritsu GmbH;Konrad-Zuse-Platz 1  / EG;81829;München;;;;
Magnum Kuhnhenne;114783;LS76032;nein;01.03.2026;Logistik;21537;Globus;Globus Limburg;Mundipharmastraße 1;65549;Limburg;;;;
Magnum Kuhnhenne;114784;LS76033;nein;01.03.2026;Logistik;21537;Globus;Globus Limburg;Mundipharmastraße 1;65549;Limburg;;;;
Magnum Kuhnhenne;114785;LS76034;nein;01.03.2026;Logistik;21537;Globus;Globus Limburg;Mundipharmastraße 1;65549;Limburg;;;;
Magnum Kuhnhenne;114786;LS76035;nein;01.03.2026;Logistik;21537;Globus;Globus Limburg;Mundipharmastraße 1;65549;Limburg;;;;
Schöttle - Haiterbach;114787;LS76036;ja;01.04.2026;Logistik;21612;Bless You Bartenbach;BLESS YOU. Apotheke Bartenbach;Lerchenberger Straße 26;73035;Göppingen;;;;
Schöttle - Haiterbach;114788;LS76037;ja;01.04.2026;Logistik;21613;Bless you GmbH;BLESS YOU. GmbH;Lerchenberger Straße 35;73035;Göppingen;;;;
Schöttle - Haiterbach;114789;LS76038;ja;01.03.2026;Logistik;21614;Bless You Hirsch;BLESS YOU. Hirsch Apotheke;Marktstraße 16;73033;Göppingen;;;;
Schöttle - Haiterbach;114790;LS76039;ja;18.03.2026;Logistik;21616;Bless You Rechberghausen;BLESS YOU. Apotheke Rechberghausen;Schloßmarkt 2;73098;Rechberghausen;;;;
Schöttle - Haiterbach;114791;LS76040;ja;01.04.2026;Logistik;21617;Bless You Adler;Adler Apotheke;Schillerplatz 5;73033;Göppingen;;;;
VST Schörling;114792;LS76041;ja;03.03.2026;Logistik;21745;BBC Treuhand;BBC European Tax;Rosental 4;80331;München;;;;
VST Schörling;114793;LS76042;ja;03.03.2026;Logistik;21758;cgf;CGF CounselGroupFrankfurt AG;Frankfurter Ring 17;80807;München;;;;
VST Schörling;114794;LS76043;ja;03.03.2026;Logistik;21758;cgf;CGF CounselGroupFrankfurt AG;Frankfurter Ring 17;80807;München;;;;
VST Schörling;114795;LS76044;ja;03.03.2026;Logistik;21493;Autodesk;Autodesk GmbH;Balanstr. 71 a;81541;München;;;;
AMW Auersperg;114796;LS76045;ja;19.03.2026;Logistik;21940;Dt.Gesellsch.f.Auswärtige Poli;Deutsche Gesellschaft für Auswärtige Politik;Rauchstraße 17-18;10787;Berlin;;;;
VST Schörling;114797;LS76046;ja;03.03.2026;Logistik;21493;Autodesk;Autodesk GmbH;Balanstr. 71 a;81541;München;;;;
Gänshirt-Aufmbruch;114798;LS76047;ja;16.03.2026;Logistik;22104;KITA Spatzennest;KITA Spatzennest;Eibenweg 5d;47906;Kempen;;;;
VST Plep;114799;LS76048;ja;30.03.2026;Logistik;21943;Knotel Frankfurt;ServiceNow GmbH;Börsenstr. 2- 4,  5.OG;60313;Frankfurt;;;;
Aquatec - Grömitz;114800;LS76049;ja;24.02.2026;Logistik;22169;Tourismus-Service Grömitz;Tourismus-Service Grömitz;Neuer Markt 1;23743;Grömitz;;;;
Planegg;114801;LS76050;nein;01.03.2026;Logistik;22413;Ediwen Wendum;Gabriel von Seidl Gymnasium;Hindenburgstr. 26  / EG;83646;Bad Tölz;;;;
Planegg;114802;LS76051;nein;01.03.2026;Logistik;22412;ASM Logistics GmbH;ASMPT Logistics GmbH;Gadastr. 26;85232;Bergkirchen;;;;
Planegg;114803;LS76052;ja;05.03.2026;Logistik;22078;Sprachschule Aktiv;Sprachschule Aktiv;Heßstraße 90;80797;München;;;;
Aquatec - Grömitz;114804;LS76053;ja;24.02.2026;Logistik;22404;Gemeinde Grömitz;Gemeinde Grömitz;Kirchenstr. 11;23743;Grömitz;;;;
Aquatec - Grömitz;114805;LS76054;ja;24.02.2026;Logistik;22404;Gemeinde Grömitz;Gemeinde Grömitz;Hauptstr. 16;23749;Grube;;;;
Nothhelfer/Ulm+50km;114806;LS76055;ja;17.03.2026;Logistik;22414;Vinzenz-von-Paul-Schule;Vinzenz-von-Paul-Schule;Elisabethenweg 1;88477;Schwendi;;;;
Nothhelfer/Ulm+50km;114807;LS76056;ja;03.03.2026;Logistik;22379;Lebenshilfe Donau Iller;Heilpädagogisches Zentrum Allgemein;Holsteinerstraße 1;89250;Senden;;;;
Nothhelfer/Ulm+50km;114808;LS76057;ja;03.03.2026;Logistik;22379;Lebenshilfe Donau Iller;Heilpädagogisches Zentrum Allgemein;Holsteinerstraße 1;89250;Senden;;;;
Nothhelfer/Ulm+50km;114809;LS76058;ja;03.03.2026;Logistik;22379;Lebenshilfe Donau Iller;Kinderhaus;Thomas-Mann-Straße 7;89250;Senden/Wullenstetten;;;;
Nothhelfer/Ulm+50km;114810;LS76059;ja;03.03.2026;Logistik;22379;Lebenshilfe Donau Iller;Frühförderung Neu-Ulm;Germanenstraße 14;89250;Senden;;;;
Nothhelfer/Ulm+50km;114811;LS76060;ja;24.03.2026;Logistik;22379;Lebenshilfe Donau Iller;LHZ Günzburg;Adolph-Kolping-Straße 1;89312;Günzburg;;;;
Nothhelfer/Ulm+50km;114812;LS76061;ja;24.03.2026;Logistik;22379;Lebenshilfe Donau Iller;SVE/HPT Limbach;Karl-Kempter-Straße 3;89331;Burgau/Limbach;;;;
Kyffhäuser;114813;LS76062;ja;03.03.2026;Logistik;22316;Elflein E-Mobility Logistik;Elflein E-Mobility Logistik Leipzig GmbH;BMW Allee 16;04356;Leipzig;;;;
Planegg;114814;LS76063;ja;23.03.2026;Logistik;22343;Lacon;Incap Electronics Germany GmbH;Hertzstr. 2;85757;Karlsfeld;;;;
aboutwater Bünde;114815;LS76064;ja;25.03.2026;Logistik;22683;finstreet GmbH;finstreet GmbH;Friedrich-Ebert-Straße 113;48153;Münster;;;;
aboutwater Bünde;114816;LS76065;ja;25.03.2026;Logistik;22683;finstreet GmbH;finstreet GmbH;Friedrich-Ebert-Straße 113;48153;Münster;;;;
Planegg;114817;LS76066;ja;02.03.2026;Logistik;22768;Discovery Communications;Discovery Communications Deutschland GmbH&Co;Betastraße 1;85774;Unterföhring;;;;
Planegg;114818;LS76067;ja;02.03.2026;Logistik;22768;Discovery Communications;Discovery Communications Deutschland GmbH&Co;Betastraße 1;85774;Unterföhring;;;;
VST Schörling;114819;LS76068;ja;18.03.2026;Logistik;20255;rebike 1 GmbH;Rebike Mobility GmbH;Zeppelinstr. 3  / Einfahrt 6;87437;Kempten;;;;
VST Schörling;114820;LS76069;ja;18.03.2026;Logistik;20255;rebike 1 GmbH;Rebike Mobility GmbH;Zeppelinstr. 3  / Einfahrt 6;87437;Kempten;;;;
Planegg;114821;LS76070;nein;15.03.2026;Logistik;22791;Vidia GmbH;Vidia GmbH;Bürkleinstraße 10;80538;München;;;;
Ines Rütz Appen;114822;LS76071;nein;01.03.2026;Logistik;22415;Schaeffler Gruppe;Schaeffler VLS Germany GmbH & Co. KG;Billbrookdeich 82;22113;Hamburg;;;;
Ines Rütz Appen;114823;LS76072;nein;01.03.2026;Logistik;22415;Schaeffler Gruppe;Schaeffler VLS Germany GmbH & Co. KG;Billbrookdeich 82;22113;Hamburg;;;;
Ines Rütz Appen;114824;LS76073;nein;01.03.2026;Logistik;22415;Schaeffler Gruppe;Schaeffler VLS Germany GmbH & Co. KG;Billbrookdeich 82;22113;Hamburg;;;;
Planegg;114825;LS76074;nein;01.03.2026;Logistik;22946;Gemeinde Unterföring;Schulcampus/Gym;Mitterfeldallee 17;85774;Unterföhring;;;;
Planegg;114826;LS76075;nein;01.03.2026;Logistik;22946;Gemeinde Unterföring;Schulcampus/Gym;Mitterfeldallee 17;85774;Unterföhring;;;;
Planegg;114827;LS76076;nein;01.03.2026;Logistik;22946;Gemeinde Unterföring;Schulcampus/Gym;Mitterfeldallee 17;85774;Unterföhring;;;;
Planegg;114828;LS76077;nein;01.03.2026;Logistik;22946;Gemeinde Unterföring;Schulcampus/Gym;Mitterfeldallee 17;85774;Unterföhring;;;;
Gänshirt-Aufmbruch;114829;LS76078;ja;16.03.2026;Logistik;22926;Hausarztzentrum Brüggen;MVZ Hausärzte Schwalm-Nette GmbH;Borner Straße 32;41379;Brüggen;;;;
AMW Auersperg;114830;LS76079;ja;09.04.2026;Logistik;22877;Zukunftssicherung Berlin e.V.;Zukunftssicherung Berlin e.V.;Mierendorffstraße 25;10589;Berlin;;;;
Planegg;114831;LS76080;nein;01.03.2026;Logistik;22495;Jobcenter Weilheim-Schongau;Agentur für Arbeit u.Jobcenter;Marktoberdorfer Str. 29;86956;Schongau;;;;
AMW Auersperg;114832;LS76081;ja;23.03.2026;Logistik;22951;Hanse-Allfinanz;HANSE-ALLFINANZ Immobilien GmbH;Dalwitzhofer Weg 22;18055;Rostock;;;;
Planegg;114833;LS76082;ja;04.03.2026;Logistik;23123;Kinderkrippe "Zwergl-Akademie";Manuela Bunk GmbH;Glandergasse 1;85283;Wolnzach;;;;
STK Service;114834;LS76083;ja;02.03.2026;Logistik;23142;Carsten Bergkemper Tecis FDL A;Carsten Bergkemper Tecis FDL AG;Werderstraße 1;44143;Dortmund;;;;
AMW Auersperg;114835;LS76084;ja;30.03.2026;Logistik;22991;Gemeinde Rietz-Neuendorf;Gemeinde Rietz-Neuendorf;Fürstenwalder Str. 1;15848;Rietz-Neuendorf;;;;
Berlin Wein König;114836;LS76085;ja;01.04.2026;Logistik;23085;Jugend- und Sozialwerk;Jugend- und Sozialwerk gemeinnützige GmbH;Zerbster Straße 99-101;12627;Berlin;;;;
Berlin Wein König;114837;LS76086;ja;01.04.2026;Logistik;23085;Jugend- und Sozialwerk;Jugend- und Sozialwerk gemeinnützige GmbH;Zerbster Straße 99-101;12627;Berlin;;;;
AMW Auersperg;114838;LS76087;nein;01.03.2026;Logistik;23082;Kraftakt 2.0;Kraftakt 2.0;Dammstraße 7a;14641;Nauen;;;;
Gänshirt-Aufmbruch;114839;LS76088;ja;01.04.2026;Logistik;23231;Böhmer;Hans Willi Böhmer;Marie-Bernays-Ring 39;41199;Mönchengladbach;;;;
Gänshirt-Aufmbruch;114840;LS76089;ja;01.04.2026;Logistik;23231;Böhmer;Hans Willi Böhmer;Marie-Bernays-Ring 39;41199;Mönchengladbach;;;;
Gänshirt-Aufmbruch;114841;LS76090;ja;01.04.2026;Logistik;23231;Böhmer;Verpackung und Vertrieb GmbH & Co.KG;Marie-Bernays-Ring 39;41199;Mönchengladbach;;;;
Gänshirt-Aufmbruch;114842;LS76091;ja;01.04.2026;Logistik;23232;BIVANO (Böhmer);BIVANO GmbH;Marie-Bernays-Ring 39;41199;Mönchengladbach;;;;
AMW Auersperg;114843;LS76092;ja;13.03.2026;Logistik;22980;Physiotherapie Martin Herre;Physiotherapie Martin Herre;Geschwister-Scholl-Straße 4;14513;Teltow;;;;
STK Service;114844;LS76093;ja;03.03.2026;Logistik;23275;Pro Idee (Junghans);Pro Idee Management GmbH & Co.KG;Neue Straße 19;52382;Niederzier;;;;
STK Service;114845;LS76094;ja;03.03.2026;Logistik;23275;Pro Idee (Junghans);Pro Idee Management GmbH & Co.KG;Neue Straße 19;52382;Niederzier;;;;
Gänshirt-Aufmbruch;114846;LS76095;ja;26.03.2026;Logistik;23338;Le Gastro;Deutsche Post AG;Emscherbruchallee 12;45356;Essen;;;;
Gänshirt-Aufmbruch;114847;LS76096;ja;26.03.2026;Logistik;23338;Le Gastro;Deutsche Post AG;Graf-Beust-Allee 2;45141;Essen;;;;
Hess;114850;LS76099;nein;01.04.2026;Logistik;23338;Le Gastro;Deutsche Post AG;Auf der Kisse 1;58640;Iserlohn;;;;
Gänshirt-Aufmbruch;114851;LS76100;ja;26.03.2026;Logistik;23338;Le Gastro;Deutsche Post AG;Kleine Ruhrau 16;45279;Essen;;;;
aboutwater Bünde;114852;LS76101;nein;01.03.2026;Logistik;23338;Le Gastro;Deutsche Post AG;Louis-Krages-Straße 42;28237;Bremen;;;;
aboutwater Bünde;114853;LS76102;nein;01.03.2026;Logistik;23338;Le Gastro;Deutsche Post AG;Louis-Krages-Straße 42;28237;Bremen;;;;
Gänshirt-Aufmbruch;114854;LS76103;ja;16.03.2026;Logistik;23338;Le Gastro;Deutsche Post AG;Hanns-Martin-Schleyer-Straße 19a;47877;Willich;;;;
Gänshirt-Aufmbruch;114855;LS76104;ja;16.03.2026;Logistik;23338;Le Gastro;Deutsche Post AG;Anrather Str. 640;47804;Krefeld;;;;
Gänshirt-Aufmbruch;114846;LS76105;ja;12.03.2026;Logistik;23338;Le Gastro;Deutsche Post AG;Kaubendenstr. 11;52078;Aachen;;;;
Gänshirt-Aufmbruch;114857;LS76106;ja;26.03.2026;Logistik;23338;Le Gastro;ZB Oer-Erkenschwick;Schüttacker 25;45739;Oer-Erkenschwick;;;;
Gänshirt-Aufmbruch;114858;LS76107;ja;26.03.2026;Logistik;23338;Le Gastro;Deutsche Post AG;Ostpreußenstr. 30;45886;Gelsenkirchen;;;;
AMW Auersperg;114861;LS76108;ja;24.03.2026;Logistik;23338;Le Gastro;Deutsche Post AG;Isaac-Singer Str. 8;17033;Neubrandenburg;;;;
AMW Auersperg;114862;LS76109;ja;24.03.2026;Logistik;23338;Le Gastro;Deutsche Post AG;Isaac-Singer Str. 8;17033;Neubrandenburg;;;;
Planegg;114863;LS76110;nein;01.03.2026;Logistik;23392;MYOS Sport & Health GmbH;MYOS Sport & Health GmbH;Leopoldstraße 175;80804;München;;;;
Planegg;114864;LS76111;nein;01.03.2026;Logistik;23414;Tenneberg;Horst Tenneberg GmbH;Kistlerhofstr. 263;81379;München;;;;
Planegg;114865;LS76112;nein;01.03.2026;Logistik;23414;Tenneberg;Horst Tenneberg GmbH;Kistlerhofstr. 263;81379;München;;;;
Planegg;114866;LS76113;nein;01.03.2026;Logistik;22988;TAL 19 AM HARRAS;TAL 19 AM HARRAS;Albert-Roßhaupter-Str. 19;81369;München;;;;
STK Service;114867;LS76114;ja;12.03.2026;Logistik;23325;Heukäufer;Heukäufer Folien GmbH;Herner Straße 186-190;45699;Herten;;;;
Kyffhäuser;114868;LS76115;ja;04.03.2026;Logistik;23341;Simonswerk;Simonswerk GmbH & Co KG;Liesebühl 20;37308;Heilbad Heiligenstadt;;;;
AMW Auersperg;114869;LS76116;ja;31.03.2026;Logistik;23027;Malindo;Malindo GmbH;Uferring 3;14974;Ludwigsfelde;;;;
Kyffhäuser;114870;LS76117;ja;05.03.2026;Logistik;23463;Wiedemann;Zahnarztpraxis Torsten Wiedemann;Jagdschänkenstr. 12;09117;Chemnitz;;;;
Planegg;114871;LS76118;nein;01.03.2026;Logistik;23443;Kinderwunschzentrum A.R.T. Bog;Kinderwunschzentrum A.R.T. Bogenhausen;Prinzregentenstraße 69;81675;München;;;;
Planegg;114872;LS76119;nein;01.03.2026;Logistik;23443;Kinderwunschzentrum A.R.T. Bog;Kinderwunschzentrum A.R.T. Bogenhausen;Prinzregentenstraße 69;81675;München;;;;
VST Schörling;114873;LS76120;ja;26.02.2026;Logistik;23459;Hoval;Hoval GmbH;Humboldtstrasse 30;85609;Aschheim;;;;
STK Service;114874;LS76121;ja;04.03.2026;Logistik;23354;apt Extrusions;apt Extrusions GmbH & Co. KG;Daimlerstraße 10;40789;Monheim am Rhein;;;;
STK Service;114875;LS76122;ja;04.03.2026;Logistik;23354;apt Extrusions;apt Extrusions GmbH & Co. KG;Daimlerstraße 10;40789;Monheim am Rhein;;;;
STK Service;114876;LS76123;ja;04.03.2026;Logistik;23354;apt Extrusions;apt Extrusions GmbH & Co. KG;Daimlerstraße 10;40789;Monheim am Rhein;;;;
STK Service;114877;LS76124;ja;04.03.2026;Logistik;23354;apt Extrusions;apt Extrusions GmbH & Co. KG;Daimlerstraße 10;40789;Monheim am Rhein;;;;
STK Service;114878;LS76125;ja;04.03.2026;Logistik;23354;apt Extrusions;apt Extrusions GmbH & Co. KG;Daimlerstraße 10;40789;Monheim am Rhein;;;;
STK Service;114879;LS76126;ja;04.03.2026;Logistik;23354;apt Extrusions;apt Extrusions GmbH & Co. KG;Daimlerstraße 10;40789;Monheim am Rhein;;;;
STK Service;114880;LS76127;ja;04.03.2026;Logistik;23354;apt Extrusions;apt Extrusions GmbH & Co. KG;Daimlerstraße 10;40789;Monheim am Rhein;;;;
Planegg;114881;LS76128;ja;20.03.2026;Logistik;23209;Praxisgemeinschaft Dres.May;Gemeinschaftspraxis Drs.med. May;Von-Brug-Straße 13;82467;Garmisch-Partenkirchen;;;;
Planegg;114882;LS76129;nein;01.03.2026;Logistik;23046;Rhabanus-Maurus-Gymnasium St.O;Rhabanus-Maurus-Gymnasium St.Ottilien;Erzabtei 23;86941;Eresing;;;;
aboutwater Bünde;114883;LS76130;ja;25.03.2026;Logistik;23411;S&F Seidel & Friends Consult;Enterprise Tech Solutions AG;Johann-Krane-Weg 46;48149;Münster;;;;
Kyffhäuser;114884;LS76131;ja;13.04.2026;Logistik;23394;aRES;aRES Datensysteme Thomas Reissig;Willy-Brandt-Straße 44/2;06110;Halle (Saale);;;;
Ewatec;114885;LS76132;nein;01.03.2026;Logistik;23560;Vortex;Vortex Europe GmbH;Glaserstr. 3;87463;Dietmannsried;;;;
AMW Auersperg;114886;LS76133;ja;25.03.2026;Logistik;23576;Keit;Keit;Knesebeckstr. 54;10719;Berlin;;;;
Planegg;114887;LS76134;ja;04.03.2026;Logistik;23730;Urolog Praxis Schraudenbach;Urologische Praxis;Bahnhofstraße 103;82166;Gräfelfing;;;;
Planegg;114888;LS76135;nein;01.03.2026;Logistik;23734;Smartlane;Smartlane GmbH;Landshuter Allee 49;80637;München;;;;
Planegg;114889;LS76136;nein;01.03.2026;Logistik;23775;Praxis Reinhard Zebhauser;Reinhard Zebhauser;Straßbergerstrasse 2;80809;München;;;;
Ines Rütz Appen;114890;LS76137;ja;08.04.2026;Logistik;23249;slashwhy;slashwhy GmbH & Co. KG;Ludwig-Erhard-Straße 22;20459;Hamburg;;;;
Ines Rütz Appen;114891;LS76138;ja;08.04.2026;Logistik;23249;slashwhy;slashwhy GmbH & Co. KG;Ludwig-Erhard-Straße 22;20459;Hamburg;;;;
Ines Rütz Appen;114892;LS76139;nein;01.03.2026;Logistik;23316;Café Roots;Café Roots;Eppendorfer Weg 193;20253;Hamburg;;;;
Planegg;114893;LS76140;ja;03.03.2026;Logistik;23823;Quest Global Engineering;Quest Global Engineering Services GmbH;Weimarer Str. 32;80807;München;;;;
Planegg;114894;LS76141;ja;03.03.2026;Logistik;23823;Quest Global Engineering;Quest Global Engineering Services GmbH;Weimarer Str. 32;80807;München;;;;
AMW Auersperg;114895;LS76142;ja;31.03.2026;Logistik;23577;Dataport;Dataport - Anstalt des öffentl. Rechts;Joseph-von-Sternberg-Str 1a - 1b;14482;Potsdam;;;;
VST Plep;114896;LS76143;ja;03.03.2026;Logistik;22395;Kreisverwaltung Mainz-Bingen;Förderschule Ingelheim;Talstraße 153;55218;Ingelheim;;;;
Planegg;114897;LS76144;ja;10.03.2026;Logistik;23929;G2V Regus Vivid;Vivid Resourcing GmbH;Mühldorfstr. 8;81671;München;;;;
VST Plep;114898;LS76145;ja;28.02.2026;Logistik;23956;Globus Logistik;GLOBUS Logistik GmbH & Co. KG;Globusallee;55411;Bingen;;;;
VST Plep;114899;LS76146;ja;28.02.2026;Logistik;23956;Globus Logistik;GLOBUS Logistik GmbH & Co. KG;Globusallee;55411;Bingen;;;;
VST Plep;114900;LS76147;ja;28.02.2026;Logistik;23956;Globus Logistik;GLOBUS Logistik GmbH & Co. KG;Globusallee;55411;Bingen;;;;
VST Plep;114901;LS76148;ja;28.02.2026;Logistik;23956;Globus Logistik;GLOBUS Logistik GmbH & Co. KG;Globusallee;55411;Bingen;;;;
VST Plep;114902;LS76149;ja;28.02.2026;Logistik;23956;Globus Logistik;GLOBUS Logistik GmbH & Co. KG;Globusallee;55411;Bingen;;;;
VST Plep;114903;LS76150;ja;28.02.2026;Logistik;23956;Globus Logistik;GLOBUS Logistik GmbH & Co. KG;Globusallee;55411;Bingen;;;;
Planegg;114904;LS76151;ja;05.03.2026;Logistik;24062;LOZE-Logopädisches Zentrum;LOZE-Logopädisches Zentrum Gröbenzell;Kirchenstraße 21;82194;Gröbenzell;;;;
Planegg;114905;LS76152;ja;05.03.2026;Logistik;24062;LOZE-Logopädisches Zentrum;LOZE-Logopädisches Zentrum Gröbenzell;Kirchenstraße 21;82194;Gröbenzell;;;;
VST Plep;114906;LS76153;ja;02.03.2026;Logistik;24056;Friesland;Haus Friesland;Haisterbacher Straße 38;64711;Erbach;;;;
VST Schörling;114907;LS76154;ja;02.03.2026;Logistik;24026;OnkoMedeor Diagnostic MVZ;Haemalab - Onkologisches Zentrum Freising MVZ;Weizengasse 2;85354;Freising;;;;
STK Service;114908;LS76155;ja;12.03.2026;Logistik;24037;RDN;RDN Agentur für;Anton-Bauer-Weg 6;45657;Recklinghausen;;;;
AMW Auersperg;114909;LS76156;nein;01.03.2026;Logistik;23969;Topos;TOPOS Versicherungskontor GmbH;Scharnweberstr. 130/131;13405;Berlin;;;;
AMW Auersperg;114910;LS76157;ja;19.03.2026;Logistik;24029;DemoUp;DemoUp Cliplister GmbH;Cuvrystraße 1;10997;Berlin;;;;
STK Service;114911;LS76158;ja;04.03.2026;Logistik;23354;apt Extrusions;apt Extrusions GmbH & Co. KG;Edisonstr. 1;40789;Monheim am Rhein;;;;
STK Service;114912;LS76159;ja;04.03.2026;Logistik;23354;apt Extrusions;apt Extrusions GmbH & Co. KG;Edisonstr. 1;40789;Monheim am Rhein;;;;
STK Service;114913;LS76160;ja;04.03.2026;Logistik;23354;apt Extrusions;apt Extrusions GmbH & Co. KG;Edisonstr. 1;40789;Monheim am Rhein;;;;
STK Service;114914;LS76161;ja;04.03.2026;Logistik;23354;apt Extrusions;apt Extrusions GmbH & Co. KG;Edisonstr. 1;40789;Monheim am Rhein;;;;
Planegg;114915;LS76162;ja;10.03.2026;Logistik;23992;Dt.Unternehmensnachfolge;Philemon Nachfolgeinvest GmbH;Am Lilienberg 2;81669;München;;;;
Planegg;114916;LS76163;nein;14.04.2026;Logistik;20255;rebike 1 GmbH;Rebike Mobility GmbH;Zeppelinstr. 3  / Einfahrt 6;87437;Kempten;;;;
VST Schörling;114917;LS76164;ja;18.03.2026;Logistik;20255;rebike 1 GmbH;Rebike Mobility GmbH;Zeppelinstr. 3  / Einfahrt 6;87437;Kempten;;;;
Planegg;114918;LS76165;nein;01.03.2026;Logistik;24063;Verisk Analytics GmbH;Verisk Analytics GmbH;Unterer Anger 3;80331;München;;;;
AMW Auersperg;114920;LS76167;ja;06.03.2026;Logistik;23937;Orthopädie Teltow;Orthopädie Teltow Dr.med.H.Leunert &;Potsdamer Straße 7/9;14513;Teltow;;;;
VST Schörling;114921;LS76168;ja;16.03.2026;Logistik;24106;Münchener Verein KV;Münchener Verein Krankenversicherung a.G.;Pettenkoferstr. 19;80336;München;;;;
VST Schörling;114922;LS76169;ja;16.03.2026;Logistik;24106;Münchener Verein KV;Münchener Verein Krankenversicherung a.G.;Pettenkoferstr. 19;80336;München;;;;
VST Schörling;114923;LS76170;ja;16.03.2026;Logistik;24106;Münchener Verein KV;Münchener Verein Krankenversicherung a.G.;Pettenkoferstr. 19;80336;München;;;;
VST Schörling;114924;LS76171;ja;16.03.2026;Logistik;24106;Münchener Verein KV;Münchener Verein Krankenversicherung a.G.;Pettenkoferstr. 19;80336;München;;;;
VST Schörling;114925;LS76172;ja;16.03.2026;Logistik;24106;Münchener Verein KV;Münchener Verein Krankenversicherung a.G.;Pettenkoferstr. 19;80336;München;;;;
VST Schörling;114926;LS76173;ja;05.03.2026;Logistik;24106;Münchener Verein KV;Münchener Verein Krankenversicherung a.G.;Pettenkoferstr. 22;80336;München;;;;
VST Schörling;114927;LS76174;ja;05.03.2026;Logistik;24106;Münchener Verein KV;Münchener Verein Krankenversicherung a.G.;Pettenkoferstr. 22;80336;München;;;;
VST Schörling;114928;LS76175;ja;05.03.2026;Logistik;24106;Münchener Verein KV;Münchener Verein Krankenversicherung a.G.;Pettenkoferstr. 22;80336;München;;;;
VST Schörling;114929;LS76176;ja;16.03.2026;Logistik;24106;Münchener Verein KV;Münchener Verein Krankenversicherung a.G.;Lessingstr. 6;80336;München;;;;
VST Schörling;114930;LS76177;ja;16.03.2026;Logistik;24106;Münchener Verein KV;Münchener Verein Krankenversicherung a.G.;Lessingstr. 6;80336;München;;;;
VST Schörling;114931;LS76178;ja;16.03.2026;Logistik;24106;Münchener Verein KV;Münchener Verein Krankenversicherung a.G.;Goethestr. 52;80336;München;;;;
VST Schörling;114932;LS76179;ja;16.03.2026;Logistik;24106;Münchener Verein KV;Münchener Verein Krankenversicherung a.G.;Goethestr. 52;80336;München;;;;
VST Plep;114933;LS76180;ja;06.03.2026;Logistik;23938;timeframe;Transcom Kaiserslautern GmbH;Pirmasenser Straße 65;67655;Kaiserslautern;;;;
VST Plep;114934;LS76181;ja;06.03.2026;Logistik;23938;timeframe;Transcom Kaiserslautern GmbH;Pirmasenser Straße 65;67655;Kaiserslautern;;;;
AMW Auersperg;114935;LS76182;ja;19.03.2026;Logistik;21940;Dt.Gesellsch.f.Auswärtige Poli;Deutsche Gesellschaft für Auswärtige Politik;Rauchstraße 17;10787;Berlin;;;;
AMW Auersperg;114936;LS76183;ja;18.03.2026;Logistik;23985;Otto Just;Otto Just GmbH & Co. KG;Rapsacker 21;23556;Lübeck;;;;
Aquatec - Grömitz;114937;LS76184;nein;01.03.2026;Logistik;24095;T.D.K Mythos Gastronomie GmbH;T.D.K Mythos Gastronomie GmbH;Strandpromenade 8;23746;Kellenhusen;;;;
Gänshirt-Aufmbruch;114938;LS76185;ja;07.04.2026;Logistik;24008;Ogury Germany GmbH;Ogury Germany GmbH;Brüsseler Strasse 21;50674;Köln;;;;
Ines Rütz Appen;114939;LS76186;nein;01.03.2026;Logistik;23995;H&M Hamburg;H&M Hennes & Mauritz B.V. & Co. KG;Heegbarg 31;22391;Hamburg;;;;
Berlin Wein König;114940;LS76187;ja;01.04.2026;Logistik;24184;CONVIS;convis GmbH;Auerbachstraße 10  /  1.OG;14193;Berlin;;;;
AMW Auersperg;114941;LS76188;nein;01.03.2026;Logistik;24405;German Tobacco;German Tobacco GmbH;Rietzer Berg 28;14797;Kloster Lehnin/OT Rietz;;;;
AMW Auersperg;114942;LS76189;nein;01.03.2026;Logistik;24405;German Tobacco;German Tobacco GmbH;Rietzer Berg 28;14797;Kloster Lehnin/OT Rietz;;;;
AMW Auersperg;114943;LS76190;nein;01.03.2026;Logistik;24405;German Tobacco;German Tobacco GmbH;Rietzer Berg 28;14797;Kloster Lehnin/OT Rietz;;;;
AMW Auersperg;114944;LS76191;nein;01.03.2026;Logistik;24405;German Tobacco;German Tobacco GmbH;Rietzer Berg 28;14797;Kloster Lehnin/OT Rietz;;;;
VST Schörling;114945;LS76192;ja;16.03.2026;Logistik;24106;Münchener Verein KV;Münchener Verein Krankenversicherung a.G.;Pettenkoferstr. 19;80336;München;;;;
VST Schörling;114946;LS76193;ja;16.03.2026;Logistik;24106;Münchener Verein KV;Münchener Verein Krankenversicherung a.G.;Pettenkoferstr. 19;80336;München;;;;
Kyffhäuser;114947;LS76194;ja;04.03.2026;Logistik;23341;Simonswerk;Simonswerk GmbH & Co KG;Liesebühl 20;37308;Heilbad Heiligenstadt;;;;
Planegg;114948;LS76195;nein;01.03.2026;Logistik;24577;Chronocash GmbH;Chronocash GmbH;Hochbrückenstr. 8;80331;München;;;;
aboutwater Bünde;114949;LS76196;ja;26.02.2026;Logistik;24486;Stadt Hörstel;Harkenberg Gesamtschule;Westfalenstraße 5;48477;Hörstel;;;;
aboutwater Bünde;114950;LS76197;ja;26.02.2026;Logistik;24486;Stadt Hörstel;Harkenberg Gesamtschule;Westfalenstraße 5;48477;Hörstel;;;;
aboutwater Bünde;114951;LS76198;ja;26.02.2026;Logistik;24486;Stadt Hörstel;Harkenberg Gesamtschule;Westfalenstraße 5;48477;Hörstel;;;;
VST Schörling;114952;LS76199;ja;23.03.2026;Logistik;20130;RDA gGmbH Rummelsberger;RDA gGmbH Rummelsberger Stift Söcking;Riedeselstr. 6;82319;Starnberg/Söcking;;;;
Planegg;114953;LS76200;ja;30.03.2026;Logistik;24586;AFS Aviation Fuel Services Gmb;AFS Aviation Fuel Services GmbH;Nordallee 52;85356;München  (Flughafen);;;;
Planegg;114954;LS76201;nein;01.03.2026;Logistik;24586;AFS Aviation Fuel Services Gmb;AFS Aviation Fuel Services GmbH;Nordallee 52;85356;München  (Flughafen);;;;
VST Schörling;114955;LS76202;ja;26.02.2026;Logistik;24491;LSC GmbH;LSC Linear-Service-Center GmbH;Emeramstraße 45;85622;Feldkirchen;;;;
VST Schörling;114956;LS76203;ja;26.02.2026;Logistik;24491;LSC GmbH;LSC Linear-Service-Center GmbH;Emeramstraße 45;85622;Feldkirchen;;;;
Planegg;114957;LS76204;nein;01.03.2026;Logistik;24541;VZ VermögensZentrum Bank;VZ VermögensZentrum Bank AG;Maximiliansplatz 12;80333;München;;;;
Planegg;114958;LS76205;nein;01.03.2026;Logistik;24587;Eight Advisory München;Eight Advisory Germany GmbH;Isartorplatz 1;80331;München;;;;
Planegg;114959;LS76206;ja;03.03.2026;Logistik;24641;Brustdiagnostik München;Brustdiagnostik München;Sonnenstraße 29  /  4.OG;80331;München;;;;
Planegg;114960;LS76207;ja;03.03.2026;Logistik;24641;Brustdiagnostik München;Brustdiagnostik München;Sonnenstraße 29  /  4.OG;80331;München;;;;
Planegg;114961;LS76208;ja;03.03.2026;Logistik;24641;Brustdiagnostik München;Brustdiagnostik München;Sonnenstraße 29  /  4.OG;80331;München;;;;
AQUATRADE Glinde;114962;LS76209;ja;24.02.2026;Logistik;24487;Dachdeckerei Götze;Dachdeckerei Walter Götze GmbH & Co. KG;Ilensee 17;24837;Schleswig;;;;
Planegg;114963;LS76210;ja;23.03.2026;Logistik;24489;MTI Teleport München;MTI Teleport München GmbH;Betastraße 1;85774;Unterföhring;;;;
Planegg;114964;LS76211;nein;01.03.2026;Logistik;24626;Dautermann Ingenieure GmbH;Dautermann Ingenieure GmbH;Behringstr. 11 A;82152;Planegg;;;;
Planegg;114965;LS76212;ja;26.02.2026;Logistik;24654;Hausärzte Amperland Sophie Ste;Hausärzte Amperland;Senserstr. 8;82140;Olching / Neu-Esting;;;;
Planegg;114966;LS76213;ja;26.03.2026;Logistik;24654;Hausärzte Amperland Sophie Ste;Hausärzte Amperland;Bahnhofstr. 23;82216;Maisach;;;;
Planegg;114967;LS76214;nein;01.03.2026;Logistik;24654;Hausärzte Amperland Sophie Ste;Hausärzte Amperland;Feursstr. 13;82140;Olching;;;;
AQUATRADE Glinde;114968;LS76215;ja;24.03.2026;Logistik;24596;MTW Milchtrockenwerk;MTW Milchtrockenwerk Norddeutschland GmbH;Donaubogen 11;24539;Neumünster;;;;
AQUATRADE Bram;114969;LS76216;ja;17.03.2026;Logistik;24578;Aura Aesthetik;Aura Aesthetik;Cloppenburger Straße 288;26133;Oldenburg;;;;
AMW Auersperg;114970;LS76217;ja;25.03.2026;Logistik;24613;Weckstein Pflegedienst Elixier;Ambulanter Pflegedienst Elixie;Gasteiner Str. 29;10717;Berlin;;;;
VST Schörling;114971;LS76218;ja;05.03.2026;Logistik;24106;Münchener Verein KV;Münchener Verein Krankenversicherung a.G.;Pettenkoferstr. 22;80336;München;;;;
Ines Rütz Appen;114972;LS76219;ja;07.04.2026;Logistik;24538;Zenk-SystemPartner;Zenk-SystemPartner GmbH;Marie-Curie-Straße 4;24568;Kaltenkirchen;;;;
AMW Auersperg;114973;LS76220;ja;20.03.2026;Logistik;24728;Berufsbildungswerk Oberlinhaus;Berufsbildungswerk im Oberlinhaus g;Steinstraße 80 - 84;14480;Potsdam;;;;
Planegg;114974;LS76221;nein;01.03.2026;Logistik;22946;Gemeinde Unterföhring;Schulcampus/Gym;Mitterfeldallee 17;85774;Unterföhring;;;;
Planegg;114975;LS76222;nein;01.03.2026;Logistik;22946;Gemeinde Unterföhring;Schulcampus/Gym;Mitterfeldallee 17;85774;Unterföhring;;;;
Nothhelfer/Ulm+50km;114976;LS76223;ja;10.03.2026;Logistik;24751;Käserei Champignon Hofmeister;Käserei Champignon Hofmeister GmbH;Kemptener Straße 17 - 24;87493;Lauben;;;;
Nothhelfer/Ulm+50km;114977;LS76224;ja;10.03.2026;Logistik;24751;Käserei Champignon Hofmeister;Käserei Champignon Hofmeister GmbH;Kemptener Straße 17 - 24;87493;Lauben;;;;
Nothhelfer/Ulm+50km;114978;LS76225;ja;10.03.2026;Logistik;24751;Käserei Champignon Hofmeister;Käserei Champignon Hofmeister GmbH;Kemptener Straße 17 - 24;87493;Lauben;;;;
Nothhelfer/Ulm+50km;114979;LS76226;ja;10.03.2026;Logistik;24751;Käserei Champignon Hofmeister;Käserei Champignon Hofmeister GmbH;Kemptener Straße 17 - 24;87493;Lauben;;;;
Nothhelfer/Ulm+50km;114980;LS76227;ja;10.03.2026;Logistik;24751;Käserei Champignon Hofmeister;Käserei Champignon Hofmeister GmbH;Kemptener Straße 17 - 24;87493;Lauben;;;;
Nothhelfer/Ulm+50km;114981;LS76228;ja;10.03.2026;Logistik;24751;Käserei Champignon Hofmeister;Käserei Champignon Hofmeister GmbH;Kemptener Straße 17 - 24;87493;Lauben;;;;
AQUATRADE Glinde;114982;LS76229;ja;26.03.2026;Logistik;22302;Landgericht Hamburg;Landgericht Hamburg;Holstenglacis 6  /  3.OG;20355;Hamburg;;;;
Planegg;114983;LS76230;ja;09.04.2026;Logistik;24599;Catalym GmbH;Catalym GmbH;Am Klopferspitz 19;82152;Planegg;;;;
aboutwater Frankfurt;114984;LS76231;ja;01.03.2026;Logistik;24975;Cardio Centrum Rhein Neckar;Cardio Centrum Rhein Neckar;Wiesenbacher Straße 2;69151;Neckargemünd;;;;
Planegg;114985;LS76232;nein;01.03.2026;Logistik;24541;VZ VermögensZentrum Bank;VZ VermögensZentrum Bank AG;Maximiliansplatz 12;80333;München;;;;
Attila AS;114986;LS76233;nein;01.03.2026;Logistik;22029;Quest One vorm.H-tec Systems;Quest One;Innere Uferstraße 36 / Tor 4;86153;Augsburg;;;;
Schöttle - Haiterbach;114987;LS76234;ja;01.04.2026;Logistik;20438;Seyfert GmbH;Seyfert GmbH;Ulmer Str. 58;73262;Reichenbach;;;;
Schöttle - Haiterbach;114988;LS76235;ja;01.03.2026;Logistik;20438;Seyfert GmbH;Seyfert GmbH;Ulmer Str. 58;73262;Reichenbach;;;;
Schöttle - Haiterbach;114989;LS76236;ja;01.03.2026;Logistik;20438;Seyfert GmbH;Seyfert GmbH;Ulmer Str. 58;73262;Reichenbach;;;;
Schöttle - Haiterbach;114990;LS76237;ja;01.04.2026;Logistik;20438;Seyfert GmbH;Seyfert GmbH;Ulmer Str. 58;73262;Reichenbach;;;;
Planegg;114991;LS76238;ja;09.04.2026;Logistik;24599;Catalym GmbH;Catalym GmbH;Am Klopferspitz 19;82152;Planegg;;;;
aboutwater Bünde;114992;LS76239;ja;24.03.2026;Logistik;24380;m.a.l. Effekt;m.a.l. Effekt Technik GmbH;Wiesenweg 6;36179;Bebra;;;;
STK Service;114993;LS76240;ja;17.03.2026;Logistik;25137;Flamingo Care BM GmbH;Flamingo Care BM GmbH;Carl-Schurz-Straße 100;50374;Erftstadt;;;;
aboutwater Frankfurt;114994;LS76241;ja;01.03.2026;Logistik;25170;Rackow-Schulen Frankfurt;Rackow-Schulen Frankfurt;Eckenheimer Landstraße 303;60320;Frankfurt am Main;;;;
aboutwater Frankfurt;114995;LS76242;ja;01.03.2026;Logistik;25174;Herzcarré Dr.Lebbed;Herzcarré - Kardiologie Bad Homburg;Siemensstraße 27;61352;Bad Homburg;;;;
aboutwater Frankfurt;114996;LS76243;ja;19.02.2026;Logistik;25170;Rackow-Schulen Frankfurt;Rackow-Schulen Frankfurt;Eckenheimer Landstraße 303;60320;Frankfurt am Main;;;;
Planegg;114997;LS76244;nein;01.03.2026;Logistik;25136;Laser Institut Aura;Laser Institut Aura;Stätzlingerstraße 39;86165;Augsburg;;;;
AMW Auersperg;114998;LS76245;ja;20.03.2026;Logistik;24728;Berufsbildungswerk Oberlinhaus;Oberlin Berufsbildung;Steinstraße 80-84;144480;Potsdam;;;;
AMW Auersperg;114999;LS76246;ja;20.03.2026;Logistik;24728;Berufsbildungswerk Oberlinhaus;Berufsbildungswerk im Oberlinhaus g;Steinstraße 80 - 84;14480;Potsdam;;;;
AMW Auersperg;115000;LS76247;ja;20.03.2026;Logistik;24728;Berufsbildungswerk Oberlinhaus;Berufsbildungswerk im Oberlinhaus g;Steinstraße 80 - 84;14480;Potsdam;;;;
AMW Auersperg;115001;LS76248;ja;20.03.2026;Logistik;24728;Berufsbildungswerk Oberlinhaus;Berufsbildungswerk im Oberlinhaus g;Steinstraße 100;14480;Potsdam;;;;
Berlin Wein König;115002;LS76249;nein;01.03.2026;Logistik;21352;Setting;Setting HQ GmbH;Oranienburger Str. 17;10178;Berlin;;;;
Magnum Kuhnhenne;115003;LS76250;ja;24.02.2026;Logistik;25250;Falck Krankentransport NRW;Falck Notfallrettung und Kranken-;St. Florian Str. 8;53809;Ruppichteroth;;;;
Ines Rütz Appen;115004;LS76251;ja;08.04.2026;Logistik;25110;GPAlliance;GPAlliance;Hammerbrookstraße 92;20097;Hamburg;;;;
STK Service;115005;LS76252;ja;06.03.2026;Logistik;25256;Rettungsschule Vest - DRK;Rettungsschule Vest - DRK;Lessingstr. 49;45657;Recklinghausen;;;;
STK Service;115006;LS76253;ja;06.03.2026;Logistik;25256;Rettungsschule Vest - DRK;Rettungsschule Vest - DRK;Lessingstr. 49;45657;Recklinghausen;;;;
STK Service;115007;LS76254;ja;06.03.2026;Logistik;25256;Rettungsschule Vest - DRK;Rettungsschule Vest - DRK;Lessingstr. 49;45657;Recklinghausen;;;;
Berlin Wein König;115008;LS76255;ja;01.04.2026;Logistik;25269;Convis Bau & Umwelt Ingenieurd;convis GmbH;Auerbachstraße 10;14193;Berlin;;;;
Berlin Wein König;115009;LS76256;ja;01.04.2026;Logistik;25269;Convis Bau & Umwelt Ingenieurd;convis GmbH;Auerbachstraße 12;14193;Berlin;;;;
AMW Auersperg;115010;LS76257;ja;01.04.2026;Logistik;25320;Globant;Globant Germany GmbH;Prinzessinnenstraße 17-18;10969;Berlin-Kreuzberg;;;;
Planegg;115011;LS76258;ja;02.03.2026;Logistik;25486;Kfz Felderhoff & Feichtinger;Felderhoff & Hemsal GbR;Lochhausener Str. 207;81249;München;;;;
Planegg;115012;LS76259;nein;01.03.2026;Logistik;25508;KFZ-Meisterbetrieb Mahat;KFZ-Meisterbetrieb Mahat;Aubing-Ost-Str. 1;81245;München;;;;
Planegg;115013;LS76260;ja;20.03.2026;Logistik;25566;Dr.Tiedtke u. Dr.Ruppert;Praxisteam Dres. med. K. Ruppert/R. Hilz;Industriestraße 2a;82110;Germering;;;;
VST Schörling;115014;LS76261;ja;20.03.2026;Logistik;23975;Anne-Frank-Gymnasium;Anne-Frank-Gymnasium;Heilig Blut 8;85435;Erding;;;;
Planegg;115015;LS76262;nein;01.03.2026;Logistik;25636;Kirinus (3) Marsstr;Kirinus Praxis GmbH;Marsstraße 14 A;80335;München;;;;
Planegg;115016;LS76263;nein;01.03.2026;Logistik;25636;Kirinus (3) Marsstr;Kirinus Praxis GmbH;Marsstraße 14 A;80335;München;;;;
Planegg;115017;LS76264;ja;31.03.2026;Logistik;25637;Kirinus (4) Nymphenburger Str;Kirinus Praxis GmbH;Nymphenburger Straße 187;80634;München;;;;
Bastian;115018;LS76265;nein;01.03.2026;Logistik;24125;Klebl;Klebl GmbH Penning;Penning 3;94094;Rotthalmünster;;;;
Bastian;115019;LS76266;nein;27.03.2026;Logistik;24125;Klebl;Klebl GmbH Penning;Penning 3;94094;Rotthalmünster;;;;
aboutwater Bünde;115020;LS76267;ja;16.03.2026;Logistik;24125;Klebl;Klebl GmbH Rinteln;Fabrikstr.3;31737;Rinteln;;;;
AQUATRADE Glinde;115021;LS76268;ja;05.03.2026;Logistik;25490;Theater Lübeck gGmbH;Theater Lübeck gGmbH;Beckergrube 16;23552;Lübeck;;;;
STK Service;115022;LS76269;ja;06.03.2026;Logistik;24930;Familienzentrum Sternschnuppe;Familienzentrum Sternschnuppe;Josef-Wulff-Straße 70;45657;Recklinghausen;;;;
aboutwater Bünde;115023;LS76270;ja;25.03.2026;Logistik;23411;S&F Seidel & Friends Consult;Enterprise Tech Solutions AG;Johann-Krane-Weg 46;48149;Münster;;;;
Planegg;115024;LS76271;nein;01.03.2026;Logistik;25758;Hausarztzentrum Egenburg;Hausarztzentrum Egenburg;Hauptstraße 50;85235;Egenburg;;;;
Gänshirt-Aufmbruch;115025;LS76272;ja;01.04.2026;Logistik;25718;De Kull e.V.;De Kull e.V.;Helmut-Grashoff-Straße 20;41179;Mönchengladbach;;;;
Gänshirt-Aufmbruch;115026;LS76273;ja;06.03.2026;Logistik;25622;Doosan Bobcat Bensheim GmbH;Doosan Bobcat Bensheim GmbH;Ruhrorter Str. 122;45478;Mülheim an der Ruhr;;;;
Kyffhäuser;115027;LS76274;ja;25.03.2026;Logistik;25622;Doosan Bobcat Bensheim GmbH;Doosan Bobcat Bensheim GmbH;Hamburger Str. 11;01067;Dresden;;;;
Kyffhäuser;115029;LS76276;ja;05.03.2026;Logistik;25749;Schul und Pflegeeinrichtung;Schul-u. Pflegeeinrichtung GmbH & C;Waldschlößchenstr. 39;09456;Annaberg-Buchholz;;;;
Kyffhäuser;115030;LS76277;ja;05.03.2026;Logistik;25749;Schul und Pflegeeinrichtung;Schul-u. Pflegeeinrichtung GmbH & C;Waldschlößchenstr. 39;09456;Annaberg-Buchholz;;;;
Kyffhäuser;115031;LS76278;ja;05.03.2026;Logistik;25749;Schul und Pflegeeinrichtung;Schul-u. Pflegeeinrichtung GmbH & C;Waldschlößchenstr. 39;09456;Annaberg-Buchholz;;;;
Gänshirt-Aufmbruch;115032;LS76279;ja;16.03.2026;Logistik;25723;Bundesamt für Naturschutz;Bundesamt für Naturschutz;Konstantinstr. 110;53179;Bonn;;;;
Gänshirt-Aufmbruch;115033;LS76280;ja;16.03.2026;Logistik;25723;Bundesamt für Naturschutz;Bundesamt für Naturschutz;Konstantinstr. 110;53179;Bonn;;;;
Gänshirt-Aufmbruch;115034;LS76281;nein;01.03.2026;Logistik;25646;Landesamt für Qualitätssicheru;Landesamt für Qualitätssicherung un;Otto-Hahn-Straße 37;44227;Dortmund;;;;
Gänshirt-Aufmbruch;115035;LS76282;nein;01.03.2026;Logistik;25646;Landesamt für Qualitätssicheru;Landesamt für Qualitätssicherung un;Otto-Hahn-Straße 37;44227;Dortmund;;;;
VST Schörling;115036;LS76283;ja;04.03.2026;Logistik;25298;Darktrace;Darktrace Germany GmbH;Sonnenstraße 15;80331;München;;;;
VST Schörling;115037;LS76284;ja;03.03.2026;Logistik;25736;Schaal Steuerberatung;Steuerberatung Schaal;Leonrodstr. 54;80636;München;;;;
AMW Auersperg;115038;LS76285;nein;01.03.2026;Logistik;25721;BRLO GmbH;BRLO GmbH;Telegrafenweg 21;13599;Berlin;;;;
Berlin Wein König;115039;LS76286;nein;01.03.2026;Logistik;21144;Knotel;Knotel Berlin I GmbH;Hussitenstr. 32;13355;Berlin;;;;
aboutwater Bünde;115040;LS76287;ja;26.02.2026;Logistik;25858;Grundschule Raphael 2    f.WV;Katholische Grundschule Raphael;Kirchstr. 31;49509;Recke-Steinbeck;;;;
Berlin Wein König;115041;LS76288;nein;01.03.2026;Logistik;25687;Steffen Korn Chausseestr;Steffen Korn;Chaussseestraße 12;10115;Berlin;;;;
Strecke;115042;LS76289;nein;01.03.2026;Logistik;25531;Hübner & Kollegen GbR;Hübner & Kollegen GbR;Gewerbepark Wiedersbach 8;91578;Leutershausen;;;;
Strecke;115043;LS76290;nein;01.03.2026;Logistik;25531;Hübner & Kollegen GbR;Hübner & Kollegen GbR;Gewerbepark Wiedersbach 8;91578;Leutershausen;;;;
Strecke;115044;LS76291;nein;01.03.2026;Logistik;25531;Hübner & Kollegen GbR;Hübner & Kollegen GbR;Gewerbepark Wiedersbach 8;91578;Leutershausen;;;;
AMW Auersperg;115045;LS76292;ja;30.03.2026;Logistik;24997;Amt Schenkenländchen;Elisabeth-von-Schlieben-Grundschule;Kirchstraße 6;15757;Halbe;;;;
Berlin Wein König;115046;LS76293;nein;01.03.2026;Logistik;25880;Atelier Kempe Thill Thörner;Atelier Kempe Thill Thörner Kaczmar;Kronenstr. 1;10117;Berlin;;;;
Planegg;115047;LS76294;nein;01.03.2026;Logistik;25949;Miele SB-Waschsalon;Miele SB-Waschsalon;Hermann-Köhl-Straße 5;86159;Augsburg;;;;
Bastian;115048;LS76295;ja;25.02.2026;Logistik;25916;PZO Physiozentrum Ostbayern;PZO Physiozentrum Ostbayern GmbH;Straubinger Straße 28b;93102;Pfatter;;;;
Ines Rütz Appen;115049;LS76296;nein;01.03.2026;Logistik;25864;AMC Krüll GmbH;AMC Krüll GmbH;Curslacker Neuer Deich 2-14;21029;Hamburg;;;;
Planegg;115050;LS76297;ja;19.03.2026;Logistik;26095;IKEA (2) City Project Pasing;IKEA City Project South GmbH;Pasinger Bahnhofsplatz 5 / Pasing Arcaden UG;81241;München;;;;
Planegg;115051;LS76298;ja;19.03.2026;Logistik;26095;IKEA (2) City Project Pasing;IKEA City Project South GmbH;Pasinger Bahnhofsplatz 5 / Pasing Arcaden UG;81241;München;;;;
VST Plep;115052;LS76299;ja;01.04.2026;Logistik;26213;Stadt Frankfurt am Main;Stadt Frankfurt am Main -Der Magist;Solmsstraße 27-37;60486;Frankfurt am Main;;;;
VST Plep;115053;LS76300;ja;01.04.2026;Logistik;26213;Stadt Frankfurt am Main;Stadt Frankfurt am Main -Der Magist;Solmsstraße 27-37;60486;Frankfurt am Main;;;;
VST Plep;115054;LS76301;ja;01.04.2026;Logistik;26213;Stadt Frankfurt am Main;Stadt Frankfurt am Main -Der Magist;Solmsstraße 27-37;60486;Frankfurt am Main;;;;
VST Plep;115055;LS76302;ja;01.04.2026;Logistik;26213;Stadt Frankfurt am Main;Stadt Frankfurt am Main -Der Magist;Solmsstraße 27-37;60486;Frankfurt am Main;;;;
VST Plep;115056;LS76303;ja;01.04.2026;Logistik;26213;Stadt Frankfurt am Main;Stadt Frankfurt am Main -Der Magist;Solmsstraße 27-37;60486;Frankfurt am Main;;;;
VST Plep;115057;LS76304;ja;01.04.2026;Logistik;26213;Stadt Frankfurt am Main;Stadt Frankfurt am Main -Der Magist;Solmsstraße 27-37;60486;Frankfurt am Main;;;;
VST Plep;115058;LS76305;ja;01.04.2026;Logistik;26213;Stadt Frankfurt am Main;Stadt Frankfurt am Main -Der Magist;Solmsstraße 27-37;60486;Frankfurt am Main;;;;
VST Plep;115059;LS76306;ja;01.04.2026;Logistik;26213;Stadt Frankfurt am Main;Stadt Frankfurt am Main -Der Magist;Solmsstraße 27-37;60486;Frankfurt am Main;;;;
VST Plep;115060;LS76307;ja;01.04.2026;Logistik;26213;Stadt Frankfurt am Main;Stadt Frankfurt am Main -Der Magist;Solmsstraße 27-37;60486;Frankfurt am Main;;;;
VST Plep;115061;LS76308;ja;01.04.2026;Logistik;26213;Stadt Frankfurt am Main;Stadt Frankfurt am Main -Der Magistrat-;Solmsstraße 27-37;60486;Frankfurt am Main;;;;
VST Schörling;115063;LS76309;ja;03.03.2026;Logistik;21431;GIMV;Gimv Germany Holding GmbH;Karlstraße 12;80333;München;;;;
Planegg;115064;LS76310;ja;09.03.2026;Logistik;26248;FOUR Munich Neue Messe;FOUR Munich Neue Messe;Humboldtstraße 12;85609;Dornach;;;;
Planegg;115065;LS76311;ja;09.03.2026;Logistik;26248;FOUR Munich Neue Messe;FOUR Munich Neue Messe;Humboldtstraße 12;85609;Dornach;;;;
Planegg;115066;LS76312;nein;01.03.2026;Logistik;26264;Constant Pro oHG;Constant Pro oHG;Stolzhofstraße 10;81825;München;;;;
aboutwater Bünde;115067;LS76313;ja;25.02.2026;Logistik;26100;Heller-Leder;HELLER-LEDER GmbH & Co.KG;Hauptstr. 1;37619;Hehlen;;;;
aboutwater Bünde;115068;LS76314;ja;25.02.2026;Logistik;26100;Heller-Leder;HELLER-LEDER GmbH & Co.KG;Hauptstr. 1;37619;Hehlen;;;;
aboutwater Bünde;115069;LS76315;ja;25.02.2026;Logistik;26100;Heller-Leder;HELLER-LEDER GmbH & Co.KG;Hauptstr. 1;37619;Hehlen;;;;
AQUATRADE Glinde;115070;LS76316;ja;17.03.2026;Logistik;26211;Max Bögl Fertigteile;Max Bögl Fertigteilwerke GmbH & Co.;Albert-Betz-Straße 2;24783;Osterrönfeld;;;;
AQUATRADE Glinde;115071;LS76317;ja;17.03.2026;Logistik;26211;Max Bögl Fertigteile;Max Bögl Fertigteilwerke GmbH & Co.;Albert-Betz-Straße 2;24783;Osterrönfeld;;;;
aboutwater Bünde;115072;LS76318;ja;16.03.2026;Logistik;26179;KJE Familie Falldorf;KJE Familie Falldorf;Beethovenstr. 3;29339;Wathlingen;;;;
VST Plep;115073;LS76319;ja;01.04.2026;Logistik;26101;Phorms;Strothoff International School;Frankfurter Str. 160-166;63303;Dreieich;;;;
VST Schörling;115074;LS76320;ja;05.03.2026;Logistik;26172;MEDICAL ART.MVZ GmbH;MEDICAL ART.MVZ GmbH;Cuvilliésstraße 14 a;81679;München;;;;
Planegg;115075;LS76321;ja;27.03.2026;Logistik;24656;Die Radiologie;Die Radiologie;Stollstr. 6;83022;Rosenheim;;;;
Kyffhäuser;115076;LS76322;ja;09.03.2026;Logistik;26266;Johannes Falk;Diakonisches Bildungsinstitut;Karlsplatz 20;99817;Eisenach;;;;
Berlin Wein König;115077;LS76323;nein;01.03.2026;Logistik;21352;Setting;Setting HQ GmbH;Rosenthaler Str. 36;10178;Berlin;;;;
Gänshirt-Aufmbruch;115078;LS76324;ja;16.03.2026;Logistik;26298;Stadt Emmerich;Willibrord-Gymnasium;Hansastr.3;46446;Emmerich am Rhein;;;;
Planegg;115079;LS76325;nein;01.03.2026;Logistik;26301;Gemeinschaftspraxis Orthopädie;Gemeinschaftspraxis Orthopädie Gilc;Römerstraße 4b;82205;Gilching;;;;
VST Schörling;115080;LS76326;nein;07.04.2026;Logistik;26265;Silicon Line GmbH;EverProX Technologies Munich GmbH;Landsberger Strasse 314;80687;München;;;;
VST Schörling;115081;LS76327;ja;02.03.2026;Logistik;22598;Rhenus Freight Logistics;Rhenus Freight Logistics GmbH & Co.;Lilienthalstrasse 17a;85399;Hallbergmoos;;;;
Berlin Wein König;115082;LS76328;nein;01.03.2026;Logistik;21352;Setting;Setting HQ GmbH;Rosenthaler Str. 36;10178;Berlin;;;;
AMW Auersperg;115083;LS76329;ja;19.03.2026;Logistik;26124;Knime GmbH;Knime GmbH;Körtestr.10;10967;Berlin;;;;
Berlin Wein König;115084;LS76330;nein;01.03.2026;Logistik;26124;Knime GmbH;Knime GmbH;Körtestr.10;10967;Berlin;;;;
Planegg;115085;LS76331;nein;01.03.2026;Logistik;20261;INTEC Industrie-Technik G;INTEC Industrie-Technik GmbH;Friedrichshafener Str. 7;82205;Gilching (Oberpfaffenhofen);;;;
Ines Rütz Appen;115086;LS76332;nein;01.03.2026;Logistik;26233;WCG Wärme Contracting GmbH;WCG Wärme Contracting GmbH;Schützenstr. 5;22761;Hamburg;;;;
aboutwater Bünde;115087;LS76333;nein;01.03.2026;Logistik;26299;Hörmann KG (1) Hamburg;Hörmann KG Verkaufsgesellschaft;Süderstraße 2;24568;Kaltenkirchen;;;;
GWA;115088;LS76334;ja;25.02.2026;Logistik;25767;WGB Schönebeck;Wohnungsbaugenossenschaft   Schöneb;Wilhelm-Hellge-Straße 105a;39218;Schönebeck;;;;
Planegg;115089;LS76335;ja;10.03.2026;Logistik;25210;RobCo;RobCo GmbH;Augustenstr. 14;80333;München;;;;
Planegg;115090;LS76336;nein;01.03.2026;Logistik;25210;RobCo;RobCo GmbH;Augustenstr. 10-14;80333;München;;;;
Planegg;115091;LS76337;nein;01.03.2026;Logistik;26800;Gentleman & CO Barbershop GmbH;Gentleman Barber Shop;Herzog-Wilhelm-Str. 25;80331;München;;;;
VST Plep;115092;LS76338;ja;02.03.2026;Logistik;22395;Kreisverwaltung Mainz-Bingen;Förderschule Sprendlingen;Stettiner Straße 3;55576;Sprendlingen;;;;
Brengartner Trinkwass;115093;LS76339;ja;11.03.2026;Logistik;24917;Hochschule für Polizei BW-IBA;Hochschule für Polizei Baden-Württemberg;Vogesenstraße 22;77933;Lahr;;;;
Brengartner Trinkwass;115094;LS76340;ja;11.03.2026;Logistik;24917;Hochschule für Polizei BW-IBA;Hochschule für Polizei Baden-Württemberg;Vogesenstraße 22;77933;Lahr;;;;
Brengartner Trinkwass;115095;LS76341;ja;11.03.2026;Logistik;24917;Hochschule für Polizei BW-IBA;Hochschule für Polizei Baden-Württemberg;Vogesenstraße 22;77933;Lahr;;;;
Brengartner Trinkwass;115096;LS76342;ja;11.03.2026;Logistik;24917;Hochschule für Polizei BW-IBA;Hochschule für Polizei Baden-Württemberg;Vogesenstraße 22;77933;Lahr;;;;
Brengartner Trinkwass;115097;LS76343;ja;11.03.2026;Logistik;24917;Hochschule für Polizei BW-IBA;Hochschule für Polizei Baden-Württemberg;Vogesenstraße 22;77933;Lahr;;;;
Brengartner Trinkwass;115098;LS76344;ja;11.03.2026;Logistik;24917;Hochschule für Polizei BW-IBA;Hochschule für Polizei Baden-Württemberg;Vogesenstraße 22;77933;Lahr;;;;
Brengartner Trinkwass;115099;LS76345;ja;11.03.2026;Logistik;24917;Hochschule für Polizei BW-IBA;Hochschule für Polizei Baden-Württemberg;Vogesenstraße 22;77933;Lahr;;;;
Brengartner Trinkwass;115100;LS76346;ja;11.03.2026;Logistik;24917;Hochschule für Polizei BW-IBA;Hochschule für Polizei Baden-Württemberg;Vogesenstraße 22;77933;Lahr;;;;
Brengartner Trinkwass;115101;LS76347;ja;11.03.2026;Logistik;24917;Hochschule für Polizei BW-IBA;Hochschule für Polizei Baden-Württemberg;Vogesenstraße 22;77933;Lahr;;;;
Brengartner Trinkwass;115102;LS76348;ja;11.03.2026;Logistik;24917;Hochschule für Polizei BW-IBA;Hochschule für Polizei Baden-Württemberg;Vogesenstraße 22;77933;Lahr;;;;
Brengartner Trinkwass;115103;LS76349;ja;11.03.2026;Logistik;24917;Hochschule für Polizei BW-IBA;Hochschule für Polizei Baden-Württemberg;Vogesenstraße 22;77933;Lahr;;;;
STK Service;115104;LS76350;ja;16.03.2026;Logistik;24738;Finanzamt Duisburg-West;Finanzamt Duisburg-West;Friedrich-Ebert-Straße 133;47226;Duisburg;;;;
VST Plep;115105;LS76351;ja;30.03.2026;Logistik;22727;Bolt Services DE GmbH;Bolt Services DE GmbH;Industriestr. 30;65439;Flörsheim am Main;;;;
VST Plep;115106;LS76352;ja;30.03.2026;Logistik;22727;Bolt Services DE GmbH;Bolt Services DE GmbH;Industriestr. 30;65439;Flörsheim am Main;;;;
Nothhelfer/Ulm+50km;115108;LS76354;ja;05.03.2026;Logistik;26593;Knettenbrech Ulm;KNETTENBRECH + GURDULIC Süd GmbH;Siemensstraße 7;89079;Ulm;;;;
STK Service;115109;LS76355;ja;12.03.2026;Logistik;26821;Schindler Physiother. Merkel;Praxis Schindler Physiotherapie;Bochumer Straße 196;45661;Recklinghausen;;;;
Planegg;115110;LS76356;nein;01.03.2026;Logistik;26462;Peter Frisch GmbH;Peter Frisch GmbH;Isar-Ring 11;80805;München;;;;
Magnum Kuhnhenne;115112;LS76358;nein;01.03.2026;Logistik;26545;Nextbike;Nextbike GmbH;Brunnenstraße 56;35460;Staufenberg;;;;
Magnum Kuhnhenne;115113;LS76359;nein;01.03.2026;Logistik;26738;Restaurant Margaux;Restaurant Margaux;Kornmarkt 7;65549;Limburg;;;;
Planegg;115114;LS76360;nein;01.03.2026;Logistik;20261;INTEC (1) München;INTEC Industrie-Technik GmbH;Friedrichshafener Str. 7;82205;Gilching (Oberpfaffenhofen);;;;
aboutwater Bünde;115115;LS76361;ja;26.02.2026;Logistik;26805;Beermann Bohrtechnik GmbH;Beermann Bohrtechnik GmbH;Im Lerchengrund 12;48477;Hörstel;;;;
Gänshirt-Aufmbruch;115116;LS76362;ja;16.03.2026;Logistik;22727;Bolt Services DE GmbH;Bolt Services DE GmbH;Max-Planck-Ring 26-28;40764;Langenfeld;;;;
VST Schörling;115117;LS76363;ja;11.03.2026;Logistik;26629;SKD SE, Berlin;SKD SE;Frauenstraße 38;82221;Maisach;;;;
VST Schörling;115118;LS76364;ja;11.03.2026;Logistik;26629;SKD SE, Berlin;SKD SE;Frauenstraße 38;82221;Maisach;;;;
VST Schörling;115119;LS76365;ja;11.03.2026;Logistik;26629;SKD SE, Berlin;SKD SE;Frauenstraße 38;82221;Maisach;;;;
aboutwater Frankfurt;115120;LS76366;ja;01.03.2026;Logistik;26799;Sonar System GmbH;Sonar System GmbH;Carl-Legien-Straße 15;63073;Offenbach am Main;;;;
Planegg;115121;LS76367;nein;01.03.2026;Logistik;26826;SV Team AG f. KÜS Mü.Nord;KÜS Kfz Prüfstelle München Nord;Lindberghstraße 30;80939;München;;;;
Ines Rütz Appen;115122;LS76368;ja;07.04.2026;Logistik;26760;Kühltransporte Joachim Jacobs;Kühltransporte Joachim Jacobs GmbH & Co. KG;Werner-von-Siemens-Str. 23;24568;Kaltenkirchen;;;;
STK Service;115123;LS76369;ja;24.03.2026;Logistik;22926;Hausarztzentrum Brüggen;MVZ Hausarztzentrum Waldniel;Dülkener Str. 70;41366;Schwalmtal;;;;
VST Schörling;115124;LS76370;ja;26.02.2026;Logistik;26425;Knettenbrech + Gurdulic Süd 1;Knettenbrech + Gurdulic Süd GmbH;Benzstraße 9;85551;Kirchheim bei München;;;;
AMW Auersperg;115125;LS76371;ja;17.03.2026;Logistik;26734;Bruno-Böker-Haus;Bruno-Böker-Haus;Manfred-Samusch-Straße 5;22926;Ahrensburg;;;;
Planegg;115126;LS76372;ja;25.03.2026;Logistik;26863;DERPART Sun Reisestudio GmbH;DERPART Sun Reisestudio GmbH;Schlosshof 16-20;89283;Wolnzach;;;;
CJM;115127;LS76373;ja;12.03.2026;Logistik;26689;Falck Rettungsdienst Werder;Falck Rettungsdienst Nord GmbH;Otto-Lilienthal-Str. 6;14542;Werder (Havel);;;;
CJM;115128;LS76374;ja;12.03.2026;Logistik;26689;Falck Rettungsdienst Werder;Falck Rettungsdienst Nord GmbH;Adolf-Damaschke-Str. 38;14542;Werder (Havel);;;;
K&E Klötzl;115129;LS76375;ja;01.04.2026;Logistik;26806;Praxis Dr.Mohammad Ahmadi;Praxis Dr.Mohammad Ahmadi;Hauptstraße 70 - 72;97320;Mainstockheim;;;;
K&E Klötzl;115130;LS76376;ja;01.04.2026;Logistik;26806;Praxis Dr.Mohammad Ahmadi;Praxis Dr.Mohammad Ahmadi;Hauptstraße 70 - 72;97320;Mainstockheim;;;;
K&E Klötzl;115131;LS76377;ja;01.04.2026;Logistik;26806;Praxis Dr.Mohammad Ahmadi;Praxis Dr.Mohammad Ahmadi;Hauptstraße 70 - 72;97320;Mainstockheim;;;;
aboutwater Bünde;115132;LS76378;ja;10.03.2026;Logistik;26853;AUGUST STORCK KG;AUGUST STORCK KG;Paulinenweg 12;33790;Halle (Westf.);;;;
aboutwater Bünde;115133;LS76379;ja;04.03.2026;Logistik;26853;AUGUST STORCK KG;AUGUST STORCK KG;Paulinenweg 12;33790;Halle (Westf.);;;;
aboutwater Bünde;115134;LS76380;ja;11.03.2026;Logistik;26853;AUGUST STORCK KG;AUGUST STORCK KG;Paulinenweg 12;33790;Halle (Westf.);;;;
aboutwater Bünde;115135;LS76381;ja;11.03.2026;Logistik;26853;AUGUST STORCK KG;AUGUST STORCK KG;Paulinenweg 12;33790;Halle (Westf.);;;;
aboutwater Bünde;115136;LS76382;ja;04.03.2026;Logistik;26853;AUGUST STORCK KG;AUGUST STORCK KG;Paulinenweg 12;33790;Halle (Westf.);;;;
aboutwater Bünde;115137;LS76383;ja;04.03.2026;Logistik;26853;AUGUST STORCK KG;AUGUST STORCK KG;Paulinenweg 12;33790;Halle (Westf.);;;;
aboutwater Bünde;115138;LS76384;ja;05.03.2026;Logistik;26853;AUGUST STORCK KG;AUGUST STORCK KG;Paulinenweg 12;33790;Halle (Westf.);;;;
aboutwater Bünde;115140;LS76386;ja;10.03.2026;Logistik;26853;AUGUST STORCK KG;AUGUST STORCK KG;Paulinenweg 12;33790;Halle (Westf.);;;;
aboutwater Bünde;115141;LS76387;ja;11.03.2026;Logistik;26853;AUGUST STORCK KG;AUGUST STORCK KG;Paulinenweg 12;33790;Halle (Westf.);;;;
aboutwater Bünde;115142;LS76388;ja;03.03.2026;Logistik;26853;AUGUST STORCK KG;AUGUST STORCK KG;Paulinenweg 12;33790;Halle (Westf.);;;;
aboutwater Bünde;115143;LS76389;ja;03.03.2026;Logistik;26853;AUGUST STORCK KG;AUGUST STORCK KG;Paulinenweg 12;33790;Halle (Westf.);;;;
aboutwater Bünde;115144;LS76390;ja;03.03.2026;Logistik;26853;AUGUST STORCK KG;AUGUST STORCK KG;Paulinenweg 12;33790;Halle (Westf.);;;;
aboutwater Bünde;115145;LS76391;ja;02.03.2026;Logistik;26853;AUGUST STORCK KG;AUGUST STORCK KG;Paulinenweg 12;33790;Halle (Westf.);;;;
aboutwater Bünde;115146;LS76392;ja;09.03.2026;Logistik;26853;AUGUST STORCK KG;AUGUST STORCK KG;Paulinenweg 12;33790;Halle (Westf.);;;;
aboutwater Bünde;115147;LS76393;ja;02.03.2026;Logistik;26853;AUGUST STORCK KG;AUGUST STORCK KG;Paulinenweg 12;33790;Halle (Westf.);;;;
aboutwater Bünde;115148;LS76394;ja;13.03.2026;Logistik;26853;AUGUST STORCK KG;AUGUST STORCK KG;Paulinenweg 12;33790;Halle (Westf.);;;;
aboutwater Bünde;115149;LS76395;ja;09.03.2026;Logistik;26853;AUGUST STORCK KG;AUGUST STORCK KG;Paulinenweg 12;33790;Halle (Westf.);;;;
aboutwater Bünde;115150;LS76396;ja;09.03.2026;Logistik;26853;AUGUST STORCK KG;AUGUST STORCK KG;Paulinenweg 12;33790;Halle (Westf.);;;;
aboutwater Bünde;115151;LS76397;ja;05.03.2026;Logistik;26853;AUGUST STORCK KG;AUGUST STORCK KG;Paulinenweg 12;33790;Halle (Westf.);;;;
aboutwater Bünde;115152;LS76398;ja;03.03.2026;Logistik;26853;AUGUST STORCK KG;AUGUST STORCK KG;Paulinenweg 12;33790;Halle (Westf.);;;;
aboutwater Bünde;115153;LS76399;ja;03.03.2026;Logistik;26853;AUGUST STORCK KG;AUGUST STORCK KG;Paulinenweg 12;33790;Halle (Westf.);;;;
aboutwater Bünde;115154;LS76400;ja;03.03.2026;Logistik;26853;AUGUST STORCK KG;AUGUST STORCK KG;Paulinenweg 12;33790;Halle (Westf.);;;;
aboutwater Bünde;115155;LS76401;ja;06.03.2026;Logistik;26853;AUGUST STORCK KG;AUGUST STORCK KG;Paulinenweg 12;33790;Halle (Westf.);;;;
aboutwater Bünde;115156;LS76402;ja;06.03.2026;Logistik;26853;AUGUST STORCK KG;AUGUST STORCK KG;Paulinenweg 12;33790;Halle (Westf.);;;;
aboutwater Bünde;115157;LS76403;ja;06.03.2026;Logistik;26853;AUGUST STORCK KG;AUGUST STORCK KG;Paulinenweg 12;33790;Halle (Westf.);;;;
aboutwater Bünde;115158;LS76404;ja;06.03.2026;Logistik;26853;AUGUST STORCK KG;AUGUST STORCK KG;Paulinenweg 12;33790;Halle (Westf.);;;;
aboutwater Bünde;115159;LS76405;ja;06.03.2026;Logistik;26853;AUGUST STORCK KG;AUGUST STORCK KG;Paulinenweg 12;33790;Halle (Westf.);;;;
aboutwater Bünde;115160;LS76406;ja;11.03.2026;Logistik;26853;AUGUST STORCK KG;AUGUST STORCK KG;Paulinenweg 12;33790;Halle (Westf.);;;;
aboutwater Bünde;115161;LS76407;ja;10.03.2026;Logistik;26853;AUGUST STORCK KG;AUGUST STORCK KG;Paulinenweg 12;33790;Halle (Westf.);;;;
aboutwater Bünde;115162;LS76408;ja;10.03.2026;Logistik;26853;AUGUST STORCK KG;AUGUST STORCK KG;Paulinenweg 12;33790;Halle (Westf.);;;;
aboutwater Bünde;115163;LS76409;ja;10.03.2026;Logistik;26853;AUGUST STORCK KG;AUGUST STORCK KG;Paulinenweg 12;33790;Halle (Westf.);;;;
aboutwater Bünde;115164;LS76410;ja;07.03.2026;Logistik;26853;AUGUST STORCK KG;AUGUST STORCK KG;Paulinenweg 12;33790;Halle (Westf.);;;;
aboutwater Bünde;115165;LS76411;ja;07.03.2026;Logistik;26853;AUGUST STORCK KG;AUGUST STORCK KG;Paulinenweg 12;33790;Halle (Westf.);;;;
aboutwater Bünde;115166;LS76412;ja;07.03.2026;Logistik;26853;AUGUST STORCK KG;AUGUST STORCK KG;Paulinenweg 12;33790;Halle (Westf.);;;;
aboutwater Bünde;115167;LS76413;ja;07.03.2026;Logistik;26853;AUGUST STORCK KG;AUGUST STORCK KG;Paulinenweg 12;33790;Halle (Westf.);;;;
aboutwater Bünde;115168;LS76414;ja;07.03.2026;Logistik;26853;AUGUST STORCK KG;AUGUST STORCK KG;Paulinenweg 12;33790;Halle (Westf.);;;;
aboutwater Bünde;115169;LS76415;ja;07.03.2026;Logistik;26853;AUGUST STORCK KG;AUGUST STORCK KG;Paulinenweg 12;33790;Halle (Westf.);;;;
aboutwater Bünde;115170;LS76416;ja;09.03.2026;Logistik;26853;AUGUST STORCK KG;AUGUST STORCK KG;Im Hagen 1D;33790;Halle (Westf.);;;;
aboutwater Bünde;115171;LS76417;ja;11.03.2026;Logistik;26853;AUGUST STORCK KG;AUGUST STORCK KG;Paulinenweg 12;33790;Halle (Westf.);;;;
aboutwater Bünde;115172;LS76418;ja;11.03.2026;Logistik;26853;AUGUST STORCK KG;AUGUST STORCK KG;Paulinenweg 12;33790;Halle (Westf.);;;;
aboutwater Bünde;115173;LS76419;ja;11.03.2026;Logistik;26853;AUGUST STORCK KG;AUGUST STORCK KG;Paulinenweg 12;33790;Halle (Westf.);;;;
aboutwater Bünde;115174;LS76420;ja;10.03.2026;Logistik;26853;AUGUST STORCK KG;AUGUST STORCK KG;Paulinenweg 12;33790;Halle (Westf.);;;;
aboutwater Bünde;115175;LS76421;ja;17.03.2026;Logistik;26853;AUGUST STORCK KG;AUGUST STORCK KG;Paulinenweg 12;33790;Halle (Westf.);;;;
aboutwater Bünde;115176;LS76422;ja;11.03.2026;Logistik;26853;AUGUST STORCK KG;AUGUST STORCK KG;Paulinenweg 12;33790;Halle (Westf.);;;;
aboutwater Bünde;115177;LS76423;ja;10.03.2026;Logistik;26853;AUGUST STORCK KG;AUGUST STORCK KG;Paulinenweg 12;33790;Halle (Westf.);;;;
aboutwater Bünde;115178;LS76424;ja;13.03.2026;Logistik;26853;AUGUST STORCK KG;AUGUST STORCK KG;Paulinenweg 12;33790;Halle (Westf.);;;;
aboutwater Bünde;115179;LS76425;ja;05.03.2026;Logistik;26853;AUGUST STORCK KG;AUGUST STORCK KG;Paulinenweg 12;33790;Halle (Westf.);;;;
aboutwater Bünde;115180;LS76426;ja;05.03.2026;Logistik;26853;AUGUST STORCK KG;AUGUST STORCK KG;Paulinenweg 12;33790;Halle (Westf.);;;;
aboutwater Bünde;115181;LS76427;ja;05.03.2026;Logistik;26853;AUGUST STORCK KG;AUGUST STORCK KG;Paulinenweg 12;33790;Halle (Westf.);;;;
aboutwater Bünde;115182;LS76428;ja;04.03.2026;Logistik;26853;AUGUST STORCK KG;AUGUST STORCK KG;Paulinenweg 12;33790;Halle (Westf.);;;;
aboutwater Bünde;115183;LS76429;ja;03.03.2026;Logistik;26853;AUGUST STORCK KG;AUGUST STORCK KG;Paulinenweg 12;33790;Halle (Westf.);;;;
aboutwater Bünde;115184;LS76430;ja;03.03.2026;Logistik;26853;AUGUST STORCK KG;AUGUST STORCK KG;Paulinenweg 12;33790;Halle (Westf.);;;;
aboutwater Bünde;115185;LS76431;ja;02.03.2026;Logistik;26853;AUGUST STORCK KG;AUGUST STORCK KG;Paulinenweg 12;33790;Halle (Westf.);;;;
aboutwater Bünde;115186;LS76432;ja;02.03.2026;Logistik;26853;AUGUST STORCK KG;AUGUST STORCK KG;Paulinenweg 12;33790;Halle (Westf.);;;;
aboutwater Bünde;115187;LS76433;ja;02.03.2026;Logistik;26853;AUGUST STORCK KG;AUGUST STORCK KG;Paulinenweg 12;33790;Halle (Westf.);;;;
aboutwater Bünde;115188;LS76434;ja;02.03.2026;Logistik;26853;AUGUST STORCK KG;AUGUST STORCK KG;Paulinenweg 12;33790;Halle (Westf.);;;;
aboutwater Bünde;115189;LS76435;ja;13.03.2026;Logistik;26853;AUGUST STORCK KG;AUGUST STORCK KG;Paulinenweg 12;33790;Halle (Westf.);;;;
aboutwater Bünde;115190;LS76436;ja;05.03.2026;Logistik;26853;AUGUST STORCK KG;AUGUST STORCK KG;Paulinenweg 12;33790;Halle (Westf.);;;;
aboutwater Bünde;115191;LS76438;ja;13.03.2026;Logistik;26853;AUGUST STORCK KG;AUGUST STORCK KG;Paulinenweg 12;33790;Halle (Westf.);;;;
aboutwater Bünde;115192;LS76440;ja;03.03.2026;Logistik;26853;AUGUST STORCK KG;AUGUST STORCK KG;Paulinenweg 12;33790;Halle (Westf.);;;;
aboutwater Bünde;115194;LS76442;ja;04.03.2026;Logistik;26853;AUGUST STORCK KG;AUGUST STORCK KG;Paulinenweg 12;33790;Halle (Westf.);;;;
aboutwater Bünde;115195;LS76443;ja;04.03.2026;Logistik;26853;AUGUST STORCK KG;AUGUST STORCK KG;Paulinenweg 12;33790;Halle (Westf.);;;;
aboutwater Bünde;115196;LS76444;ja;04.03.2026;Logistik;26853;AUGUST STORCK KG;AUGUST STORCK KG;Paulinenweg 12;33790;Halle (Westf.);;;;
aboutwater Bünde;115197;LS76445;ja;02.03.2026;Logistik;26853;AUGUST STORCK KG;AUGUST STORCK KG;Paulinenweg 12;33790;Halle (Westf.);;;;
aboutwater Bünde;115198;LS76446;ja;02.03.2026;Logistik;26853;AUGUST STORCK KG;AUGUST STORCK KG;Paulinenweg 12;33790;Halle (Westf.);;;;
aboutwater Bünde;115199;LS76447;ja;07.03.2026;Logistik;26853;AUGUST STORCK KG;AUGUST STORCK KG;Paulinenweg 12;33790;Halle (Westf.);;;;
aboutwater Bünde;115200;LS76448;ja;06.03.2026;Logistik;26853;AUGUST STORCK KG;AUGUST STORCK KG;Paulinenweg 12;33790;Halle (Westf.);;;;
aboutwater Bünde;115201;LS76449;ja;06.03.2026;Logistik;26853;AUGUST STORCK KG;AUGUST STORCK KG;Paulinenweg 12;33790;Halle (Westf.);;;;
aboutwater Bünde;115202;LS76450;ja;06.03.2026;Logistik;26853;AUGUST STORCK KG;AUGUST STORCK KG;Paulinenweg 12;33790;Halle (Westf.);;;;
aboutwater Bünde;115203;LS76451;ja;06.03.2026;Logistik;26853;AUGUST STORCK KG;AUGUST STORCK KG;Paulinenweg 12;33790;Halle (Westf.);;;;
aboutwater Bünde;115204;LS76452;ja;10.03.2026;Logistik;26853;AUGUST STORCK KG;AUGUST STORCK KG;Paulinenweg 12;33790;Halle (Westf.);;;;
aboutwater Bünde;115205;LS76453;ja;13.03.2026;Logistik;26853;AUGUST STORCK KG;AUGUST STORCK KG;Paulinenweg 12;33790;Halle (Westf.);;;;
aboutwater Bünde;115206;LS76454;ja;17.03.2026;Logistik;26853;AUGUST STORCK KG;AUGUST STORCK KG;Paulinenweg 12;33790;Halle (Westf.);;;;
aboutwater Bünde;115207;LS76455;ja;07.03.2026;Logistik;26853;AUGUST STORCK KG;AUGUST STORCK KG;Paulinenweg 12;33790;Halle (Westf.);;;;
aboutwater Bünde;115208;LS76456;ja;07.03.2026;Logistik;26853;AUGUST STORCK KG;AUGUST STORCK KG;Paulinenweg 12;33790;Halle (Westf.);;;;
aboutwater Bünde;115209;LS76457;ja;09.03.2026;Logistik;26853;AUGUST STORCK KG;AUGUST STORCK KG;Paulinenweg 12;33790;Halle (Westf.);;;;
Gänshirt-Aufmbruch;115210;LS76458;ja;16.03.2026;Logistik;26485;ST Extruded Products (STEP-G);ST Extruded Products Germany GmbH;Friedrich-Woehler-Strasse 2;53117;Bonn;;;;
CJM;115211;LS76459;ja;31.03.2026;Logistik;27090;BäckerMann;BäckerMann Backwaren und Feinkost GmbH;Südwestkorso 9;12161;Berlin;;;;
CJM;115212;LS76460;nein;01.03.2026;Logistik;27090;BäckerMann;BäckerMann Backwaren und Feinkost GmbH;Pariser Str. 20;10707;Berlin;;;;
Planegg;114727;LS76461;ja;19.02.2026;Max Sanktjohanser;27272;A & M;A&M STABTEST GmbH;Kopernikusstr. 6;50126;Bergheim;;;;
Planegg;115215;LS76462;ja;03.03.2026;Christian Irrgang;24106;Münchener Verein KV;Münchener Verein Krankenversicherung a.G.;Ludwigstraße 23b;97070;Würzburg;;;;
Emons;115216;LS76464;ja;23.02.2026;Florian Gräf;10160;AVALESS;AVALESS GmbH;Hansastr. 24;49205;Hasbergen;;;;
Planegg;115218;LS76465;ja;02.03.2026;Logistik;23315;Pera Coiffeur;Pera Coiffeur;Bahnhofstrße 18 b;85375;Neufahrn;;;;
Planegg;115219;LS76466;nein;02.03.2026;Logistik;23356;edgeconnex;Edgeconnex GmbH;Landsberger Str. 155 (Haus 4);80687;München;;;;
Planegg;115220;LS76467;ja;10.03.2026;Logistik;23929;G2V Regus Vivid;Vivid Resourcing GmbH;Mühldorfstr. 8;81671;München;;;;
Planegg;115221;LS76468;ja;17.03.2026;Logistik;23966;Elflein Logistik Bamberg;Elflein Logistik Bamberg GmbH;Hufeland Straße 20;80937;München;;;;
AMW Auersperg;115223;LS76469;ja;04.03.2026;Logistik;24441;JPT;JPT Peptide Technologies GmbH;Hermann-Dorner-Allee 23;12489;Berlin;;;;
AMW Auersperg;115224;LS76470;ja;04.03.2026;Logistik;24441;JPT;JPT Peptide Technologies GmbH;Volmerstrasse 5;12489;Berlin;;;;
AMW Auersperg;115225;LS76471;ja;04.03.2026;Logistik;24441;JPT;JPT Peptide Technologies GmbH;Hermann-Dorner-Allee 23;12489;Berlin;;;;
AMW Auersperg;115226;LS76472;nein;02.03.2026;Logistik;24441;JPT;JPT Peptide Technologies GmbH;Hermann-Dorner-Allee 23;12489;Berlin;;;;
AMW Auersperg;115227;LS76473;nein;02.03.2026;Logistik;24441;JPT;JPT Peptide Technologies GmbH;Hermann-Dorner-Allee 23;12489;Berlin;;;;
AMW Auersperg;115228;LS76474;nein;02.03.2026;Logistik;24441;JPT;JPT Peptide Technologies GmbH;Hermann-Dorner-Allee 23;12489;Berlin;;;;
AMW Auersperg;115776;LS76475;ja;04.03.2026;Logistik;24441;JPT;JPT Peptide Technologies GmbH;Hermann-Dorner-Allee 23;12489;Berlin;;;;
AMW Auersperg;115937;LS76476;nein;02.03.2026;Logistik;24441;JPT;JPT Peptide Technologies GmbH;Hermann-Dorner-Allee 23;12489;Berlin;;;;
AMW Auersperg;115938;LS76477;ja;04.03.2026;Logistik;24441;JPT;JPT Peptide Technologies GmbH;Hermann-Dorner-Allee 23;12489;Berlin;;;;
aboutwater Frankfurt;115939;LS76478;ja;02.03.2026;Logistik;24614;RMS Rhein-Main-Verkehrsverbund;Rhein-Main-Verkehrsverbund;Am Hauptbahnhof 6;60329;Frankfurt;;;;
aboutwater Frankfurt;115940;LS76479;ja;10.03.2026;Logistik;24614;RMS Rhein-Main-Verkehrsverbund;Rhein-Main-Verkehrsverbund;Am Hauptbahnhof 6;60329;Frankfurt;;;;
Planegg;115941;LS76480;ja;10.03.2026;Logistik;24996;Königl.Thailänd.Generalkonsula;Königlich Thailändisches Generalkonsulat;Törringstraße 20;81675;München;;;;
Planegg;115942;LS76481;ja;27.03.2026;Logistik;25090;Eavor GmbH;Eavor Erdwärme Geretsried GmbH & Co.KG;Herrnhauser Str. 75;82538;Geretsried;;;;
Planegg;115943;LS76482;ja;02.03.2026;Logistik;24376;Schenker Deutschland AG;DSV Solutions GmbH;Freisinger Str. 15-19;85386;Eching;;;;
Planegg;115944;LS76483;ja;20.03.2026;Logistik;24376;Schenker Deutschland AG;DSV Solutions GmbH;Freisinger Str. 15-19;85386;Eching;;;;
Planegg;115945;LS76484;ja;05.03.2026;Logistik;22805;RC Beton Bau SRL;RC Beton Bau SRL;Schuegrafstraße 9;81245;München;;;;
STK Service;115946;LS76485;ja;24.03.2026;Logistik;26142;NK Metallverarbeitung GmbH;NK Metallverarbeitung GmbH;Gewerbering 15;41751;Viersen;;;;
Planegg;115947;LS76486;ja;12.03.2026;Logistik;24226;Kirinus (1) Sendlinger Tor;KIRINUS Praxis GmbH;Sendlinger Tor Platz 7;80336;München;;;;
AQUATRADE Glinde;115948;LS76487;ja;09.03.2026;Logistik;23355;Falck Buxtehude;Falck Notfallrettung u.Katastrophenschutz;Alter Postweg 42;21614;Buxtehude;;;;
aboutwater Bünde;115949;LS76488;ja;13.04.2026;Logistik;26844;UKA Umweltgerechte Kraftanlage;UKA Umweltgerechte Kraftanlagen GmbH & Co. KG;Kasinoplatz 3;26122;Oldenburg;;;;
aboutwater Bünde;115950;LS76489;ja;13.04.2026;Logistik;26844;UKA Umweltgerechte Kraftanlage;UKA Umweltgerechte Kraftanlagen GmbH & Co. KG;Kasinoplatz 3;26122;Oldenburg;;;;
STK Service;115951;LS76490;ja;05.03.2026;Logistik;27168;Regus Vivid (2) Düsseldorf;Vivid Resourcing;Kaiserswerther Str. 135;40474;Düsseldorf;;;;
Planegg;115952;LS76491;ja;24.02.2026;Estaline Philander;26531;Chiropraktik Waier;Chiropraktik Waier;Herzogstraße 25;80803;München;;;;
aboutwater Bünde;115139;LS76492;ja;05.03.2026;Logistik;26853;AUGUST STORCK KG;AUGUST STORCK KG;Paulinenweg 12;33790;Halle (Westf.);;;;
aboutwater Bünde;115193;LS76493;ja;03.03.2026;Logistik;26853;AUGUST STORCK KG;AUGUST STORCK KG;Paulinenweg 12;33790;Halle (Westf.);;;;
Planegg;;LS76494;ja;18.02.2026;Christian Irrgang;22689;Plep;VST - Plep;Rheinstraße 40;55435;Gau Algesheim;;;;
Planegg;114268;LS76495;ja;23.02.2026;Christian Irrgang;20729;CJM Der Wassermann UG -ha;CJM Der Wassermann GmbH;Gronenfelder Weg 33;15234;Frankfurt;;;;
Planegg;114268;LS76496;ja;01.03.2026;Christian Irrgang;20729;CJM Der Wassermann UG -ha;CJM Der Wassermann GmbH;Gronenfelder Weg 33;15234;Frankfurt;;;;
AQUATRADE Glinde;115960;LS76497;ja;24.02.2026;Petra Gräf;24898;Anschütz;Anschütz GmbH;Zeyestr. 16-24;24106;Kiel;;;;
Planegg;115984;LS76498;ja;23.02.2026;Rene Kühn;27135;Mfulex Gmbh Ecotrans;Mfulex Gmbh Ecotrans;Carl-benz straße 35H, ET205089;60386;Frankfurt Am Main;;;;
Planegg;114346;LS76499;ja;27.02.2026;Petra Gräf;25306;Gemeinde Krailling;Gemeindebibliothek Krailling;Margaretenstr. 53 a;82152;Krailling;;;;
Emons;115985;LS76500;ja;20.02.2026;Max Sanktjohanser;25162;Menü 2000;Amazon Logistik Achim GmbH;Max-Naumann-Str. 1;28832;Achim;;;;
POSPRINT;115987;LS76501;ja;19.03.2026;Max Sanktjohanser;26921;Klinik Wartenberg;Klinik Wartenberg;Badstr. 43;85456;Wartenberg;;;;
aboutwater Bünde;115988;LS76502;ja;25.02.2026;Estaline Philander;26100;Heller-Leder;HELLER-LEDER GmbH & Co.KG;Hauptstr. 1;37619;Hehlen;;;;
Emons;114711;LS76503;ja;20.02.2026;Carmen Berger;21621;Magnum;Magnum water coffee snack;Wirtswiese 1;57223;Kreuztal;;;;
Planegg;115994;LS76504;ja;20.02.2026;Florian Gräf;10160;AVALESS;AVALESS GmbH;Neufeld 10;85232;Bergkirchen OT Günding;;;;
Planegg;115999;LS76505;ja;19.03.2026;Florian Gräf;10160;AVALESS;AVALESS GmbH;Hansastr. 24;49205;Hasbergen;;;;
Planegg;116006;LS76506;nein;01.04.2026;Rene Kühn;24009;Bayer.Staatsministerium d.Inne;Bayer.Staatsmini.d.Innern, Sport+Integration;Odeonsplatz 3;80539;München;;;;
Planegg;116008;LS76507;ja;23.02.2026;Josefine Mättig;20191;Gleisner;Gleisner GmbH & Co.KG;Pegnitzstr. 13;91207;Lauf an der Pegnitz;;;;
aboutwater Frankfurt;116009;LS76508;ja;20.02.2026;Carmen Berger;26545;Nextbike;Nextbike GmbH;Flinschstraße 31;60388;Frankfurt;;;;
aboutwater Bünde;116010;LS76509;ja;23.02.2026;Estaline Philander;24358;Ludwig-Erhard-Berufskolleg;Ludwig-Erhard-Berufskolleg;Gut Insel 41;48151;Münster;;;;
Planegg;116007;LS76510;ja;02.03.2026;Estaline Philander;25748;Raphael Hertrich & Collegen;Raphael Hertrich & Collegen;Julius-Bührer-Str. 2;78224;Singen;;;;
VST Schörling;116012;LS76511;ja;16.03.2026;Petra Gräf;27278;Kayser+Böttges Architekten;Kayser+Böttges;Infanteriestraße 11a;80797;München;;;;
aboutwater Frankfurt;116014;LS76513;ja;20.02.2026;Carmen Berger;26338;HELI EUROPE Headquarter GmbH;HELI EUROPE Headquarter GmbH;Grüner Weg 14;61169;Friedberg (Hessen);;;;
Planegg;116012;LS76514;ja;24.02.2026;Petra Gräf;27278;Kayser+Böttges Architekten;Kayser+Böttges;Infanteriestraße 11a;80797;München;;;;
Planegg;116015;LS76515;ja;24.02.2026;Max Sanktjohanser;27128;frankfurter werkgemeinschaft;frankfurter werkgemeinschaft;Löwengasse 27 F;60385;Frankfurt am Main;;;;
VST Plep;116016;LS76516;ja;02.03.2026;Petra Gräf;22395;Kreisverwaltung Mainz-Bingen;Gymnasium Nieder-Olm;Karl-Sieben-Str. 39;55268;Nieder-Olm;;;;
VST Plep;116016;LS76517;ja;02.03.2026;Petra Gräf;22395;Kreisverwaltung Mainz-Bingen;Gymnasium Nieder-Olm;Karl-Sieben-Str. 39;55268;Nieder-Olm;;;;
Planegg;116016;LS76518;ja;24.02.2026;Petra Gräf;22395;Kreisverwaltung Mainz-Bingen;Kreisverwaltung Mainz-Bingen;Georg-Rückert-Str. 11;55218;Ingelheim;;;;
Planegg;116017;LS76519;ja;20.02.2026;Max Sanktjohanser;22579;Teigwaren Riesa;Teigwaren Riesa GmbH;Merzdorfer Str. 21-25;01591;Riesa;;;;
Emons;116016;LS76517-1;ja;23.02.2026;Petra Gräf;22395;Kreisverwaltung Mainz-Bingen;Gymnasium Nieder-Olm;Karl-Sieben-Str. 39;55268;Nieder-Olm;;;;
AQUATRADE Glinde;116019;LS76522;ja;24.02.2026;Andreas Pöppe;23336;Gebeco GmbH & Co. KG;Gebeco GmbH & Co. KG;Holzkoppelweg 19;24118;Kiel;;;;
Planegg;116020;LS76523;ja;23.02.2026;Estaline Philander;25259;Condor Technik /Flughafen MUC;Condor Technik GmbH;Wartungsallee 13;85356;München;;;;
Planegg;;LS76524;ja;03.03.2026;Petra Gräf;27281;Halberstädter;Halberstädter Bäcker und Konditoren GmbH;Klusstraße 28;38820;Halberstadt;;;;
Nothhelfer/Ulm+50km;116024;LS76525;nein;20.02.2026;Andreas Pöppe;24751;Käserei Champignon Hofmeister;Käserei Champignon Hofmeister GmbH & Co.KG;Kemptener Straße 17 - 24;87493;Lauben;;;;
Planegg;116026;LS76526;ja;23.02.2026;Florian Gräf;22999;Hormuth GmbH;Becton Dickinson GmbH;Tullastr. 8-12;69126;Heidelberg;;;;
AQUATRADE Bram;116027;LS76527;ja;24.02.2026;Estaline Philander;25110;GPAlliance;GPAlliance;Hammerbrookstraße 92;20097;Hamburg;;;;
Planegg;116025;LS76528;ja;09.03.2026;Petra Gräf;27282;Fachoberschule Oberhaching;FOS Oberhaching;Keltenring 16;82041;Oberhaching;;;;
Planegg;116028;LS76529;ja;09.03.2026;Petra Gräf;27283;Gymnasium Oberhaching;Gymnasium Oberhaching;Kastanienallee 20;82041;Oberhaching;;;;
Planegg;116028;LS76530;ja;24.02.2026;Petra Gräf;27283;Gymnasium Oberhaching;Zweckverband Staatl. weiterführende Schulen;Alpenstr. 11;82041;Oberhaching;;;;
Planegg;116022;LS76531;ja;20.02.2026;Max Sanktjohanser;27032;Druckerei Nejedly;Druckerei Nejedly GmbH;Lindenstr. 1a;61381;Friedrichsdorf;;;;
Planegg;116031;LS76532;ja;23.02.2026;Sönke Rocho;21144;Knotel;Knotel Berlin I GmbH;Stralauer Allee 2b;10245;Berlin;;;;
Planegg;116032;LS76533;ja;23.02.2026;Sönke Rocho;20359;TSCNET Services GmbH;TSCNET Services GmbH;Weihenstephaner Str. 9;81673;München;;;;
Planegg;116033;LS76534;ja;23.02.2026;Sönke Rocho;22732;Micro Fuzzy /KPIT-Tochterfirma;Micro Fuzzy Industrie-Elektronic GmbH;Schleißheimer Str 377;80935;München;;;;
Planegg;;LS76535;ja;21.02.2026;Rene Kühn;20772;Crystal Water;Crystal Water;Rosenheimer Str. 34;85635;Höhenkirchen;;;;
Gänshirt-Aufmbruch;112117;LS74248 MBU;nein;23.02.2026;Petra Gräf;23338;Le Gastro;Deutsche Post AG;Baumstraße 39-41;47198;Duisburg;;;;
STK Service;116036;LS76537;ja;26.02.2026;Carmen Berger;21541;Alfred Palmer;Alfred Palmer;Märkische Straße 48a;40625;Düsseldorf;;;;
Gänshirt-Aufmbruch;112118;LS74249 MBU;ja;25.02.2026;Petra Gräf;23338;Le Gastro;Deutsche Post AG;Daniel-Eckhardt-Str. 7;45356;Essen;;;;
aboutwater Frankfurt;;LS76539;ja;24.02.2026;Carmen Berger;27149;Wolfs Sportrevier;Wolfs Sportrevier;Jägerbuschstraße 1;63594;Hasselroth;;;;
Gänshirt-Aufmbruch;112113;LS74244 MBU;ja;25.02.2026;Petra Gräf;23338;Le Gastro;Deutsche Post AG;Dr.-Alfred-Herrhausen-Allee 40;47228;Duisburg;;;;
Gänshirt-Aufmbruch;112124;LS74255 MBU;ja;25.02.2026;Petra Gräf;23338;Le Gastro;Deutsche Post AG;Dr.-Alfred-Herrhausen-Allee 40;47228;Duisburg;;;;
Gänshirt-Aufmbruch;112114;LS74245 MBU;ja;23.02.2026;Petra Gräf;23338;Le Gastro;Deutsche Post AG;Dr.-Alfred-Herrhausen-Allee 40;47228;Duisburg;;;;
Planegg;116044;LS76543;ja;24.02.2026;Carmen Berger;24785;Bayerischer Oberster Rechnungs;Bayerischer Oberster Rechnungshof;Kaulbachstr. 9;80539;München;;;;
Emons;114444;LS76544;ja;23.02.2026;Florian Gräf;10034;ewatec;ewatec e.K.;Am Angelehof 12;88316;Isny;;;;
Planegg;116045;LS76545;ja;23.02.2026;Estaline Philander;62253;dm D3LL vorm. 2253 Kaufering;dm Filiale D3LL (vormals 2253);Kolpingstraße 10;86916;Kaufering;;;;
Planegg;114519;LS76546;ja;04.03.2026;Florian Gräf;25000;aboutwater Hungary;aboutwater Zrt;Bárándi u 26-28;8000;SZÉKESFEHÉRVÁR;;;;
Emons;114313;LS76547;ja;23.02.2026;Florian Gräf;22156;Aquatrade;AQUATRADE GmbH;Ahrentswiete 1;22885;Barsbüttel;;;;
Planegg;116049;LS76548;ja;26.02.2026;Estaline Philander;62711;dm 2711 Augsburg;dm Filiale 2711;Brahmsstraße 2;86179;Augsburg - Haunstetten;;;;
Planegg;116054;LS76549;ja;26.02.2026;Estaline Philander;61828;dm 1828 Aichach;dm Filiale 1828;Augsburger Straße 25;86551;Aichach;;;;
aboutwater Frankfurt;116055;LS76550;ja;01.03.2026;Estaline Philander;25697;ATC Transport;ATC Transport GmbH;Marnheimer Straße 92 B;67292;Kirchheimbolanden;;;;
Planegg;116058;LS76551;ja;23.02.2026;Christian Irrgang;20481;Christian Irrgang;Christian Irrgang;Marbachstr. 19;81369;München;;;;
Planegg;116057;LS76552;ja;24.02.2026;Estaline Philander;20826;Asam Betriebs -2;Asam Betriebs GmbH;Altenzeller Weg 23;92339;Beilngries;;;;
STK Service;;LS76553;ja;05.03.2026;Petra Gräf;26915;Vorwerk Autotec GmbH & Co. KG;Vorwerk Autotec GmbH & Co. KG;Obere Lichtenplatzer Straße 336;42287;Wuppertal;;;;
Planegg;116060;LS76554;ja;23.02.2026;Christian Irrgang;21560;Helmut Hell;Helmut Hell;Eich 8;83561;Ramerberg;;;;
Emons;107878;LS76555;ja;25.02.2026;Florian Gräf;10034;ewatec;ewatec e.K.;Am Angelehof 12;88316;Isny;;;;
Emons;116061;LS76556;ja;23.02.2026;Josefine Mättig;27195;D.G. Handel & Dienstleistung;D.G. Handel & Dienstleistung;Alpenstrasse 8;87751;Heimertingen;;;;
Magnum Kuhnhenne;116062;LS76557;ja;24.02.2026;Carmen Berger;24173;Öhlins;Öhlins Europe;Gottlieb-Daimler-Straße 25;53520;Meuspath;;;;
VST Schörling;;LS76558;ja;02.03.2026;Sönke Rocho;23157;DENSO AUTOMOTIVE Deutschland G;DENSO AUTOMOTIVE Deutschland GmbH;Kirchhoffstr. 1a;85386;Eching;;;;
Planegg;116065;LS76559;ja;24.02.2026;Estaline Philander;26333;Helgert Zahnmedizin Kieferorth;Dr. Helgert Zahnmedizin und Kieferorthopäde;Görresstraße 37;80798;München;;;;
POSPRINT;116064;LS76560;ja;23.03.2026;Josefine Mättig;26511;Hochschule Saarland;Htw Saar;Goebenstraße 40;66117;Saarbrücken;;;;
Planegg;116067;LS76561;ja;26.02.2026;Estaline Philander;24733;Jobcenter Fürstenfeldbruck;Jobcenter Fürstenfeldbruck;Oskar-von-Miller-Straße 4f;82256;Fürstenfeldbruck;;;;
aboutwater Frankfurt;116068;LS76562;ja;25.02.2026;Carmen Berger;26361;Fahrrad Denfeld;Fahrrad Denfeld Radsport GmbH;Urseler Straße 67;61348;Bad Homburg;;;;
Planegg;116069;LS76564;ja;23.02.2026;Florian Gräf;20575;R&F Mayer GmbH;R&F Mayer GmbH;Lorcher Str. 51;73547;Lorch-Waldhausen;;;;
Kyffhäuser;;LS76565;ja;24.02.2026;Florian Gräf;20668;Gastro Service Center e.K;Delta GmbH;Brühl 10;04109;Leipzig;;;;
Planegg;116071;LS76566;ja;24.02.2026;Estaline Philander;24561;EcoG GmbH;EcoG GmbH;Bognerhofweg 6;81825;München;;;;
Planegg;116072;LS76567;ja;24.02.2026;Estaline Philander;24561;EcoG GmbH;EcoG GmbH;Truderinger Straße 283;81825;München;;;;
Planegg;116074;LS76568;ja;23.02.2026;Josefine Mättig;26977;Trinkflaschenexpress;Bottle-Print Vertriebs GmbH;Auf den Steinen 2,;37191;Katlenburg Lindau;;;;
Emons;116074;LS76569;ja;23.02.2026;Josefine Mättig;26977;Trinkflaschenexpress;Bottle-Print Vertriebs GmbH;Auf den Steinen 2,;37191;Katlenburg Lindau;;;;
Planegg;116077;LS76570;ja;03.03.2026;Florian Gräf;21129;café+co DELIKOMAT Sp. z o.o.;café+co DELIKOMAT Sp. z o.o.;Al. Generala Andersa 588;43300;Bielsko-Biala;;;;
Planegg;116078;LS76571;ja;23.02.2026;Max Sanktjohanser;27287;Röhm;Röhm GmbH;Deutsche-Telekom-Allee 9;64295;Darmstadt;;;;
Bastian;116079;LS76572;ja;26.02.2026;Florian Gräf;22423;Agentur für Arbeit Landshut;Bundesagentur für Arbeit;Leinfelderstr. 6;84034;Landshut;;;;
CJM;116076;LS76573;ja;31.03.2026;Estaline Philander;27090;BäckerMann;BäckerMann Backwaren und Feinkost GmbH;Südwestkorso 9;12161;Berlin;;;;
CJM;116080;LS76574;ja;01.03.2026;Estaline Philander;27090;BäckerMann;BäckerMann Backwaren und Feinkost GmbH;Pariser Str. 20;10707;Berlin;;;;
aboutwater Bünde;116081;LS76575;ja;25.02.2026;Carmen Berger;24125;Klebl;Klebl GmbH Rinteln;Fabrikstr.3;31737;Rinteln;;;;
VST Schörling;116088;LS76576;ja;03.03.2026;Petra Gräf;21472;Media4Care;Media4Care GmbH;Rupprechtstr. 25;80636;München;;;;
Planegg;114349;LS76577;ja;27.02.2026;Florian Gräf;26064;CHROMOnorm GmbH;CHROMOnorm GmbH;Balinger Str. 21;72415;Grosselfingen;;;;
Planegg;116090;LS76578;ja;03.03.2026;Florian Gräf;20191;Gleisner;Gleisner GmbH & Co.KG;Pegnitzstr. 13;91207;Lauf an der Pegnitz;;;;
Emons;116091;LS76579;ja;23.02.2026;Christian Irrgang;24685;Sole Felsen Welt AT;Sole Felsen Bad;Albrechtser Straße 12;3950;Gmünd;;;;
aboutwater Frankfurt;116092;LS76580;ja;23.02.2026;Carmen Berger;24722;Primark Frankfurt Wisag Hessen;Primark Store 809;Zeil 94;60313;Frankfurt;;;;
Kyffhäuser;112109;LS74240MBU;ja;27.02.2026;Rene Kühn;23338;Le Gastro;Deutsche Post AG;Carl-Miele-Straße 1;99334;Ichtershausen-Thörey;;;;
Kyffhäuser;112110;LS74241 MBU;ja;27.02.2026;Rene Kühn;23338;Le Gastro;Deutsche Post AG;Bei den Froschäckern 4;99098;Erfurt;;;;
Kyffhäuser;114629;LS75876 MBU;ja;27.02.2026;Rene Kühn;23338;Le Gastro;Deutsche Post Immobilien GmbH;Stangenallee 1;99428;Grammetal / OT Nohra;;;;
Kyffhäuser;112111;LS74242 MBU;ja;27.02.2026;Rene Kühn;23338;Le Gastro;Deutsche Post AG;Sommerbergstr. 16;98527;Suhl;;;;
aboutwater Bünde;114635;LS76585;ja;27.02.2026;Petra Gräf;24247;Stroetmann Saat Münster;L. Stroetmann Saat GmbH & Co. KG;Lübecker Str. 33;48163;Münster;;;;
aboutwater Frankfurt;116108;LS76586;ja;03.03.2026;Carmen Berger;24722;Primark Frankfurt Wisag Hessen;Primark Store 809;Zeil 94;60313;Frankfurt;;;;
aboutwater Frankfurt;;LS76587;ja;06.03.2026;Carmen Berger;25882;myStorage GmbH;myStorage GmbH;John-Deere-Str. 79;68163;Mannheim;;;;
Planegg;112861;LS75028 LG;ja;23.02.2026;Petra Gräf;22805;RC Beton Bau SRL;RC Beton Bau SRL;Schuegrafstraße 9;81245;München;;;;
Planegg;116113;LS76590;ja;27.02.2026;Rene Kühn;27288;PerkinElmer GmbH;PerkinElmer GmbH;Schnackenburgallee 116a;22525;Hamburg;;;;
Planegg;116115;LS76591;ja;24.02.2026;Florian Gräf;20234;Bühler-Catering;Bühler-Catering GmbH;Industriestr. 2 b;76275;Ettlingen;;;;
Planegg;;LS76592;ja;26.02.2026;Petra Gräf;26629;SKD SE;SKD SE;Frauenstraße 38;82221;Maisach;;;;
Planegg;113929;LS76593;ja;04.03.2026;Florian Gräf;10034;ewatec;ewatec e.K.;Am Angelehof 12;88316;Isny;;;;
Planegg;116118;LS76594;ja;26.02.2026;Estaline Philander;26301;Gemeinschaftspraxis Orthopädie;Gemeinschaftspraxis Orthopädie Gilching;Römerstraße 4b;82205;Gilching;;;;
Planegg;116119;LS76595;ja;02.03.2026;Josefine Mättig;23160;Esmeyer GmbH & Co. KG;Esmeyer GmbH & Co. KG;Bessemer Strasse 3-5;40699;Erkrath;;;;
Emons;116119;LS76596;ja;02.03.2026;Josefine Mättig;23160;Esmeyer GmbH & Co. KG;Esmeyer GmbH & Co. KG;Bessemer Strasse 3-5;40699;Erkrath;;;;
Planegg;116121;LS76597;ja;03.03.2026;Florian Gräf;10034;ewatec;ewatec e.K.;Am Angelehof 12;88316;Isny;;;;
VST Schörling;;LS76598;nein;24.02.2026;Andreas Pöppe;;;;;;;;;;
VST Schörling;;LS76599;nein;24.02.2026;Andreas Pöppe;;;;;;;;;;
CJM;107932;LS71857-1;ja;24.02.2026;Petra Gräf;27023;Schülerhilfe Frank Nichterlein;Schülerhilfe Bautzen;Wallstraße 18;02625;Bautzen;;;;
aboutwater Bünde;116122;LS76601;ja;27.02.2026;Estaline Philander;27108;IHK Nord Westfalen;IHK Nord Westfalen;Sentmaringer Weg 61;48151;Münster;;;;
Planegg;116125;LS76602;ja;02.03.2026;Max Sanktjohanser;21842;Amazon Deutschland S14 Trans.;Amazon Deutschland S14 Transport GmbH;Logistikpark 3;95448;Bayreuth;;;;
Planegg;84305;LS76603;ja;24.02.2026;Christian Irrgang;20566;pure engineering GmbH;pure engineering GmbH;Im Anwänder 14;71549;Auenwald;;;;
aboutwater Frankfurt;116126;LS76604;ja;24.02.2026;Estaline Philander;24373;teknihall;teknihall Service GmbH;Levi-Strauss-Allee 10-12;63150;Heusenstamm;;;;
Planegg;116128;LS76605;ja;25.02.2026;Estaline Philander;22735;Panorama Therme;Panorama Therme;Am Thermalbad 5;72660;Beuren;;;;
Planegg;116124;LS76606;ja;26.02.2026;Josefine Mättig;23952;Hügufit;Hügufit;Herbrigstrasse 5;3563;Häusernmoos;;;;
Planegg;116129;LS76607;ja;27.02.2026;Florian Gräf;20668;Gastro Service Center e.K;MED VZ Dr. Kempe;Grimmaische Str. 16;04109;Leipzig;;;;
Gänshirt-Aufmbruch;116130;LS76608;nein;01.04.2026;Florian Gräf;10034;ewatec;SAFE-TEC GmbH;Daimler Straße 20;41564;Kaarst;;;;
Planegg;116131;LS76609;ja;02.03.2026;Max Sanktjohanser;20985;Dermaris;Dermaris GmbH;Industriestr. 29-3;33397;Rietberg;;;;
VST Schörling;116132;LS76610;ja;27.02.2026;Andreas Pöppe;24333;Bayern FM;Bayerische Landesbrandversicherung;Warngauer Str. 30;81539;München;;;;
natürlich H2O;116133;LS76611;ja;10.03.2026;Estaline Philander;23937;Orthopädie Teltow;Orthopädie Teltow Dr.med.H.Leunert &;Potsdamer Straße 7/9;14513;Teltow;;;;
Teamblue Bad Münder;116134;LS76612;ja;31.03.2026;Florian Gräf;21747;natürlich H2O / Kwasniok;natürlich H2O / Hansequelle Berlin;Veltener Straße 37f;16515;Oranienburg;;;;
Kyffhäuser;116135;LS76613;ja;27.02.2026;Estaline Philander;23343;Falck Rettungswache 31.PLA;Falck Notfallrettung und Katastrophenschutz;Herlasgrüner Str. 76;08223;Treuen;;;;
Planegg;;LS76614;ja;24.02.2026;Florian Gräf;20339;Farmer´s Snack GmbH;Kavo Produktions GmbH;Beckendorfer Bogen 27;21218;Seevetal;;;;
Kyffhäuser;116136;LS76615;ja;27.02.2026;Estaline Philander;23343;Falck Rettungswache 31.PLA;Falck Notfallrettung und Katastrophenschutz;Poeppigstraße 6;08529;Plauen;;;;
Kyffhäuser;116138;LS76616;ja;27.02.2026;Estaline Philander;23343;Falck Rettungswache 31.PLA;Falck Notfallrettung und Katastrophenschutz;Netzschkauer Str. 13;07985;Elsterberg;;;;
Emons;116140;LS76617;ja;24.02.2026;Max Sanktjohanser;22153;Amazon Deutschland W13 Trans.;Amazon Deutschland W13 Transport GmbH;Dieselstraße 12;42389;Wuppertal;;;;
Planegg;116141;LS76618;ja;24.02.2026;Josefine Mättig;26977;Trinkflaschenexpress;Fachklinik Weserland;Vogelreichsweg 49;31812;Bad Pyrmont;;;;
Dolphin, Bonstetten;;LS76619;ja;17.02.2026;Florian Gräf;20785;K+E K&E Klötzl;K & E Getränke City GmbH;Am Bild 51;97941;Tauberbischofsheim;;;;
POSPRINT;116143;LS76621;ja;24.02.2026;Josefine Mättig;21624;Hinterberger;Greiner Packaging GmbH;Landstr. 14;4552;Wartberg an der Krems;;;;
Planegg;116142;LS76622;ja;24.02.2026;Max Sanktjohanser;27289;Red Bull;Red Bull MEDIA House Publishing GmbH;Am Grünen Prater 3;1020;Wien;;;;
Planegg;;LS76623;ja;24.02.2026;Florian Gräf;22689;Plep;VST - Plep;Rheinstraße 40;55435;Gau Algesheim;;;;
Planegg;116139;LS76624;ja;26.02.2026;Estaline Philander;24654;Hausärzte Amperland Sophie Ste;Hausärzte Amperland;Senserstr. 8;82140;Olching / Neu-Esting;;;;
Planegg;116146;LS76625;ja;24.02.2026;Florian Gräf;20191;Gleisner;Gleisner GmbH & Co.KG;Pegnitzstr. 13;91207;Lauf an der Pegnitz;;;;
Planegg;113903;LS76626;ja;26.02.2026;Petra Gräf;27192;ASB Regionalverband Berlin;ASB Regionalverband Berlin-Nordost;Herzbergstraße 40-43;10365;Berlin;;;;
AQUATRADE Glinde;116149;LS76627;ja;05.03.2026;Andreas Pöppe;23336;Gebeco GmbH & Co. KG;Gebeco GmbH & Co. KG;Holzkoppelweg 19;24118;Kiel;;;;
Planegg;116018;LS76628;ja;24.02.2026;Josefine Mättig;27280;Bayerischer Turnverband e. V.;Bayerischer Turnverband e. V.,;Georg-Brauchle-Ring 93;80992;München;;;;
Planegg;116150;LS76629;ja;24.02.2026;Max Sanktjohanser;27228;Tubex;Tubex Tubenfabrik Wolfsberg GmbH;Am Industriepark 8;9431;St. Stefan im Lavanttal;;;;
STK Service;116151;LS76630;ja;12.03.2026;Petra Gräf;27103;SEJOUR Moden GmbH;SEJOUR Moden GmbH Import - Export;Hans-Böckler-Str. 30-32;47877;Willich;;;;
Planegg;116152;LS76631;ja;24.02.2026;Max Sanktjohanser;27291;Saint-Gobain;Saint-Gobain Performance Plastics L+S GmbH;Am Herrnberg 8;98724;Neuhaus am Rennweg;;;;
Gengenbach;34190;LS28421-1;ja;24.02.2026;Petra Gräf;20847;Schöttle Getränke-Service;Schöttle Getränke-Service GbR;Nagolder Str. 16;72221;Haiterbach;;;;
Emons;34190;LS28421-1.;ja;24.02.2026;Petra Gräf;20847;Schöttle Getränke-Service;Schöttle Getränke-Service GbR;Nagolder Str. 16;72221;Haiterbach;;;;
VST Schörling;112128;LS74259 MBU;nein;25.02.2026;Rene Kühn;23338;Le Gastro;Deutsche Post AG;Freisinger Allee 6;85356;München - Flughafen;;;;
VST Schörling;112147;LS74278.;ja;23.02.2026;Rene Kühn;21698;Mr. Lodge Brüning;Mr. Lodge GmbH;Prinz-Ludwig-Str. 7;80333;München;;;;
Planegg;116153;LS76637;ja;25.03.2026;Petra Gräf;21250;Pfennigparade;Pfennigparade Ernst-Barlach-Schulen GmbH;Barlachstraße 26 - 38;80804;München;;;;
VST Schörling;112129;LS74260 MBU;nein;25.02.2026;Rene Kühn;23338;Le Gastro;Deutsche Post AG;Freisinger Allee 6;85356;München - Flughafen;;;;
VST Schörling;112127;LS74258 MBU;ja;25.03.2026;Rene Kühn;23338;Le Gastro;Deutsche Post AG;Dr.-Schmitt-Str. 9;85737;Ismaning;;;;
VST Schörling;112131;LS74262 FF;ja;24.02.2026;Petra Gräf;23338;Le Gastro;Deutsche Post AG;Eichendorffstraße 28-30;85609;Aschheim;;;;
VST Schörling;112130;LS74261 MBU;nein;25.02.2026;Petra Gräf;23338;Le Gastro;Deutsche Post AG;Freisinger Allee 6;85356;München - Flughafen;;;;
Kyffhäuser;116168;LS76642;ja;03.03.2026;Estaline Philander;23344;Falck Krankentransport;Falck Notfallrettung u.Krankentransp.GmbH;KH Hubertusburg;04779;Wermsdorf;;;;
Kyffhäuser;;LS76643;ja;25.02.2026;Florian Gräf;20708;Kyffhäuser Waterworld;Kyffhäuser Waterworld;Brauereistraße 4;06556;Artern;;;;
Planegg;116171;LS76645;ja;25.02.2026;Josefine Mättig;22124;LGL Haushaltwaren GmbH;LGL Haushaltswaren GmbH;Helferner Weg 14b;49214;Bad Rothenfelde;;;;
Emons;116171;LS76646;ja;25.02.2026;Josefine Mättig;22124;LGL Haushaltwaren GmbH;LGL Haushaltswaren GmbH;Helferner Weg 14b;49214;Bad Rothenfelde;;;;
Planegg;116169;LS76647;ja;25.02.2026;Max Sanktjohanser;27292;MLS;MLS | magic light + sound GmbH;Württembergische Allee 4;50858;Köln;;;;
Planegg;116177;LS76648;ja;26.02.2026;Max Sanktjohanser;27293;Kreisel;Kreisel Industries GmbH;Mühlenstr. 38;02957;Krauschwitz;;;;
Kyffhäuser;116180;LS76649;ja;03.03.2026;Estaline Philander;23344;Falck Krankentransport;Falck Notfallrettung u.Krankentransp.GmbH;Alte Lindenstraße 5;04774;Dahlen OT Schmannewitz;;;;
Kyffhäuser;116182;LS76650;ja;03.03.2026;Estaline Philander;23344;Falck Krankentransport;Falck Notfallrettung u.Krankentransp.GmbH;Wellerswalder Weg 22;04758;Oschatz;;;;
Kyffhäuser;116183;LS76651;ja;03.03.2026;Estaline Philander;23344;Falck Krankentransport;Falck Notfallrettung u.Krankentransp.GmbH;Parkstr. 1;04758;Oschatz;;;;
Planegg;116030;LS76652;ja;27.02.2026;Josefine Mättig;25205;ANTS & FRIENDS GMBH;ANTS & FRIENDS GMBH;Speicher 1 / Konsul-Smidt-Str. 8 e;28217;Bremen;;;;
aboutwater Bünde;116175;LS76653;ja;04.03.2026;Florian Gräf;21737;Heuser;Heuser GmbH;Waldstr. 23 / B10;63128;Dietzenbach;;;;
Planegg;116181;LS76654;ja;03.03.2026;Max Sanktjohanser;27294;Dopharma;RIPAC-LABOR GmbH;Am Mühlenberg 11;14476;Potsdam;;;;
Emons;116175;LS76655;ja;25.02.2026;Florian Gräf;21737;Heuser;Heuser GmbH;Waldstr. 23 / B10;63128;Dietzenbach;;;;
Planegg;116184;LS76656;ja;27.02.2026;Josefine Mättig;20234;Bühler-Catering;R + V Service Cener GmbH;Mecklenbecker Str. 223, D403;48163;Münster;;;;
Emons;116185;LS76657;ja;25.02.2026;Christian Irrgang;10102;Steinmeier GmbH;Steinmeier GmbH;Landhagen 1;33803;Steinhagen;;;;
STK Service;116186;LS76658;ja;12.03.2026;Estaline Philander;24037;RDN;RDN Agentur für;Anton-Bauer-Weg 6;45657;Recklinghausen;;;;
Planegg;116187;LS76659;ja;25.02.2026;Max Sanktjohanser;22625;Amazon Deutschland S41 Trans.;Amazon Deutschland S41 Transport GmbH;Am Buchental 9;71069;Sindelfingen;;;;
Planegg;116189;LS76660;ja;17.03.2026;Petra Gräf;23928;GoodWe Europe GmbH;GoodWe Europe GmbH;Perchtinger Straße 10;81379;München;;;;
Planegg;116188;LS76661;ja;02.03.2026;Max Sanktjohanser;21879;Amazon Deutschland S8 Transpor;Amazon Deutschland S8 Transport GmbH;Tiberstrasse 2;65479;Raunheim;;;;
Planegg;116190;LS76662;ja;27.02.2026;Estaline Philander;20182;ASAM praevent München;ASAM praevent GmbH;Holbeinstraße 7;86150;Augsburg;;;;
Emons;116185;LS76663;ja;27.02.2026;Christian Irrgang;10102;Steinmeier GmbH;Steinmeier GmbH;Landhagen 1;33803;Steinhagen;;;;
Planegg;116191;LS76665;ja;25.02.2026;Max Sanktjohanser;27295;Jobcenter Mönchengladbach;Jobcenter Mönchengladbach;Limitenstr. 144-148;41236;Mönchengladbach;;;;
VST Schörling;116192;LS76666;ja;23.03.2026;Petra Gräf;27296;HTEC GmbH;HTEC GmbH;Balanstraße 71a;81541;München;;;;
VST Schörling;116192;LS76667;ja;23.03.2026;Petra Gräf;27296;HTEC GmbH;HTEC GmbH;Balanstraße 71a;81541;München;;;;
Planegg;116193;LS76668;ja;03.03.2026;Sönke Rocho;20148;KPIT Technologies GmbH;KPIT Technologies GmbH;Frankfurter Ring 105b;80807;München;;;;
Planegg;116194;LS76669;ja;03.03.2026;Estaline Philander;21698;Mr. Lodge Brüning;Mr. Lodge GmbH;Türkenstr. 11 /  1.OG;80333;München;;;;
Planegg;116192;LS76670;ja;04.03.2026;Petra Gräf;27296;HTEC GmbH;HTEC GmbH;Balanstraße 71a;81541;München;;;;
Planegg;116195;LS76671;ja;02.03.2026;Estaline Philander;26409;Allgeier Public SE;Allgeier Public SE;Bauhausplatz 4;80807;München;;;;
K&E Klötzl;116196;LS76672;ja;01.04.2026;Estaline Philander;26806;Praxis Dr.Mohammad Ahmadi;Praxis Dr.Mohammad Ahmadi;Hauptstraße 70 - 72;97320;Mainstockheim;;;;
CJM;116197;LS76673;ja;05.03.2026;Estaline Philander;26689;Falck Rettungsdienst Werder;Falck Rettungsdienst Nord GmbH;Adolf-Damaschke-Str. 38;14542;Werder (Havel);;;;
STK Service;116198;LS76674;ja;27.02.2026;Estaline Philander;21237;Berufstrainingszentrum BTZ;Berufstrainingszentrum Rhein-Ruhr gGmbH;Bebelstr. 56  / Tel. 0208 409400-59;46049;Oberhausen;;;;
Planegg;116199;LS76675;ja;27.02.2026;Josefine Mättig;25168;Salzburger Saalachtal Tourismu;Salzburger Saalachtal Tourismus;Lofer 310;5090;Lofer;;;;
Planegg;116201;LS76676;ja;25.02.2026;Max Sanktjohanser;27276;Bio-Gate;Bio-Gate AG;Neumeyerstraße 28-34;90411;Nürnberg;;;;
Bastian;116200;LS76677;ja;12.03.2026;Estaline Philander;20836;Asam Betriebs -1;Asam Betriebs GmbH;Bayerwaldstr. 15;94377;Steinach;;;;
Planegg;116202;LS76678;nein;01.04.2026;Petra Gräf;27284;Dachser München;Dachser SE;Zamilastraße 11;81677;München;;;;
Planegg;116204;LS76680;ja;25.02.2026;Josefine Mättig;27169;Good Vibe Bottles;Good Vibe Bottles;Harrachstraße 52/ Top 18;4020;Linz;;;;
Planegg;116205;LS76681;ja;25.02.2026;Josefine Mättig;24094;Stroetmann Senden+Münster;L. Stroetmann Lebensmittel SE & Co. KG;Harkortstraße 30;48163;Münster;;;;
POSPRINT;109938;LS76682;ja;27.02.2026;Josefine Mättig;22045;Amigo Versand GmbH & Co. KG;Amigo Versand GmbH & Co. KG;Im Sonnenschein 9;76467;Bietigheim;;;;
Planegg;109938;LS76683;ja;25.02.2026;Josefine Mättig;22045;Amigo Versand GmbH & Co. KG;Amigo Versand GmbH & Co. KG;Im Sonnenschein 9;76467;Bietigheim;;;;
Planegg;116202;LS76684;ja;04.03.2026;Petra Gräf;27284;Dachser München;Dachser SE;Zamilastraße 11;81677;München;;;;
Berlin Wein König;;LS76685;ja;01.03.2026;Petra Gräf;21144;Knotel;Knotel Berlin I GmbH;Stralauer Allee 2b;10245;Berlin;;;;
AQUATRADE Glinde;116228;LS76686;ja;03.03.2026;Petra Gräf;24898;Anschütz;Anschütz GmbH;Zeyestr. 16-24;24106;Kiel;;;;
Planegg;110627;LS73733..;ja;01.02.2026;Rene Kühn;22805;RC Beton Bau SRL;RC Beton Bau SRL;Schuegrafstraße 9;81245;München;;;;
Kyffhäuser;116234;LS76688;ja;03.03.2026;Florian Gräf;20668;Gastro Service Center e.K;Dr.med. André Beilicke;Windmühlenstr. 64;04683;Belgershain / OT Köhra;;;;
aboutwater Frankfurt;116233;LS76689;ja;26.02.2026;Carmen Berger;25502;Winthrop Technologies;Winthrop Technologies GmbH;Gwinnerstrasse 26;60388;Frankfurt;;;;
Planegg;116235;LS76690;ja;10.03.2026;Estaline Philander;23992;Philemon / vorm.Dt.Unternehmen;Philemon Nachfolgeinvest GmbH;Am Lilienberg 2;81669;München;;;;
Planegg;116237;LS76691;ja;01.03.2026;Estaline Philander;23602;Munich Strategy;Munich Strategy GmbH & Co. KG;Türkenstraße 5;80333;München;;;;
Planegg;116236;LS76692;ja;02.03.2026;Max Sanktjohanser;27297;Bernd-Rudolf Schroeder oHG;qonexus engineering GmbH;Münsterstr. 111;48155;Münster;;;;
Planegg;;LS76693;nein;07.04.2026;Petra Gräf;27298;Haar Studio 17;Haar Studio 17;Paul-Heyse-Straße 17;80336;München;;;;
Kyffhäuser;116240;LS76694;ja;03.03.2026;Estaline Philander;20364;SZL Suchtzentrum gGmbH;SZL Suchtzentrum gGmbH;Leipziger Strasse 59  Haus 15;04435;Schkeuditz;;;;
STK Service;116242;LS76695;ja;04.03.2026;Estaline Philander;23354;apt Extrusions;apt Extrusions GmbH & Co. KG;Edisonstr. 1;40789;Monheim am Rhein;;;;
Planegg;116243;LS76697;ja;16.03.2026;Petra Gräf;27299;BADER + MACK ARCHITEKTEN GmbH;BADER + MACK ARCHITEKTEN GmbH;Drygalski Allee 25;81477;München;;;;
Emons;114306;LS76696;ja;26.02.2026;Florian Gräf;10034;ewatec;ewatec e.K.;Am Angelehof 12;88316;Isny;;;;
Planegg;116244;LS76698;ja;05.03.2026;Estaline Philander;24062;LOZE-Logopädisches Zentrum;LOZE-Logopädisches Zentrum Gröbenzell;Kirchenstraße 21;82194;Gröbenzell;;;;
Emons;116245;LS76699;ja;26.02.2026;Florian Gräf;20191;Gleisner;Gleisner GmbH & Co.KG;Pegnitzstr. 13;91207;Lauf an der Pegnitz;;;;
Planegg;;LS76700;nein;08.04.2026;Petra Gräf;27300;Bau und Service Hillebrand Gmb;Bau und Service Hillebrand GmbH;Mittbacher Str. 15/Ecke Leibengerstraße;81829;München;;;;
Planegg;116251;LS76701;ja;26.02.2026;Sönke Rocho;26647;Mammographie-Screening-Einheit;Mammographie-Screening-Einheiten Hamburg GbR;Mönckebergstr. 11;20095;Hamburg;;;;
Planegg;116247;LS76702;ja;02.03.2026;Max Sanktjohanser;22007;Amazon Deutschland W1 Trans.;Amazon Deutschland W1 Transport GmbH;Am Blumenkampshof 80;47059;Duisburg;;;;
Planegg;;LS76703;ja;25.03.2026;Petra Gräf;20314;Sendmoments;MSDD Medienservice Digitaldruck GmbH;Valentin-Linhof-Str. 8;81829;München;;;;
AQUATRADE Glinde;116253;LS76704;ja;04.03.2026;Sönke Rocho;26647;Mammographie-Screening-Einheit;Mammographie-Screening-Einheiten Hamburg GbR;Mönckebergstr. 11;20095;Hamburg;;;;
Planegg;116250;LS76705;ja;02.03.2026;Rene Kühn;25565;Ricam Hospiz gGmbH;Ricam Hospiz gGmbH;Orchideenweg 77;12357;Berlin;;;;
Planegg;116252;LS76706;ja;02.03.2026;Estaline Philander;24287;Talbot Runhof Boutique München;Talbot Runhof Boutique München;Theatinerstraße 27  /  1.OG links;80333;München;;;;
Planegg;116249;LS76707;ja;27.02.2026;Rene Kühn;27301;Isabella Bieringer;Isabella Bieringer;Eichbergweg 12;3661;Artstetten;;;;
Planegg;116255;LS76708;ja;26.02.2026;Max Sanktjohanser;27239;Obermaier GmbH;Obermaier GmbH;Geisenhausen, Holledaustr. 6;85301;Schweitenkirchen;;;;
VST Schörling;;LS76709;ja;10.03.2026;Petra Gräf;23338;Le Gastro;Deutsche Post AG;Freisinger Allee 6;85356;München - Flughafen;;;;
Planegg;116117;LS76711;ja;26.02.2026;Christian Irrgang;25931;SOCCORO XLVI Austria;XLVI Austria GmbH;Davisstrasse 9 / 3.OG;5400;Hallein;;;;
AMW Auersperg;116258;LS76712;nein;26.02.2026;Petra Gräf;27302;Oberlinhaus Lebenswelten;Kita Bad Belzig;Ernst-Thälmann-Str. 15 A;14806;Bad Belzig;;;;
Planegg;;LS76713;ja;02.03.2026;Estaline Philander;24630;Porr Equipment Services Deutsc;PORR Equipment Services Deutschland GmbH;Merowingerstraße 15;85551;Kirchheim;;;;
Kyffhäuser;;LS76714;ja;26.02.2026;Christian Irrgang;20708;Kyffhäuser Waterworld;Kyffhäuser Waterworld;Brauereistraße 4;06556;Artern;;;;
Teamblue Bad Münder;;LS76715;ja;26.02.2026;Florian Gräf;20299;GWA;GWA GmbH;Hohendodeleber Str. 8;39110;Magdeburg;;;;
AQUATRADE Glinde;116262;LS76716;ja;02.03.2026;Estaline Philander;26180;AW Management;AW Management GmbH & Co. KG;Kreihüttenmoorweg 39;26607;Aurich;;;;
Planegg;116263;LS76717;ja;17.03.2026;Petra Gräf;27303;Frühauf Genuss;Frühauf Genuss;Rüdesheimerstraße 10;80686;München;;;;
Planegg;116264;LS76718;ja;02.03.2026;Estaline Philander;21769;WKV;WKV Kunststoffverarbeitung GmbH;Dieselstraße 3;86558;Hohenwart;;;;
Planegg;116265;LS76719;ja;30.03.2026;Petra Gräf;24718;Auto Kölbl GmbH;Auto Kölbl GmbH;Max-Planck-Straße 2;85716;Unterschleißheim;;;;
Planegg;;LS76720;ja;03.03.2026;Estaline Philander;25854;Dr.Frühwein + Partner 2;Dr.Frühwein & Partner;Kaflerstr. 8;81241;München;;;;
Gleisner;116269;LS76721;ja;11.03.2026;Petra Gräf;27086;Die Autobahn Nordbayern;Die Autobahn GmbH des Bundes - NL Nordbayern;Fontanestraße 2;90475;Nürnberg;;;;
VST Schörling;116267;LS76722;ja;04.03.2026;Estaline Philander;20807;Medien.Bayern GmbH;Medien.Bayern GmbH;Balanstr. 73 / Haus 10;81541;München;;;;
aboutwater Frankfurt;116268;LS76723;ja;26.02.2026;Estaline Philander;27096;LSU Schäberle;LSU Schäberle;Motorstraße 9;70499;Stuttgart;;;;
Emons;116284;LS76724;ja;27.02.2026;Florian Gräf;22156;Aquatrade;AQUATRADE GmbH;Hemke 10;49565;Bramsche;;;;
Planegg;116288;LS76725;ja;18.03.2026;Estaline Philander;24898;Anschütz;Anschütz GmbH;Zeyestr. 16-24;24106;Kiel;;;;
Planegg;116289;LS76726;ja;02.03.2026;Josefine Mättig;27184;Bundesverband freier Tankstell;Bundesverband freier Tankstellen und;Reinhardtstr. 12 - z. Hd. Frau Antje Heine;10117;Berlin;;;;
Planegg;116290;LS76727;ja;02.03.2026;Estaline Philander;20774;M. Asam / Asambeauty;M. Asam GmbH;Feringastrasse 12 A;85774;Unterföhring;;;;
Planegg;116293;LS76728;ja;02.03.2026;Estaline Philander;22449;Wyndham Garden München;Stahlgruberring 4 Hotel GmbH;Stahlgruberring 4;81829;München;;;;
Planegg;116296;LS76729;ja;03.03.2026;Estaline Philander;24776;Max-Planck-Förderstiftung;Max-Planck-Förderstiftung;Aldringenstr. 4;80639;München;;;;
Planegg;116294;LS76731;ja;02.03.2026;Max Sanktjohanser;26721;Wendt-Noise;Wendt-Noise Control GmbH;Beindersheimer Str. 79;67227;Frankenthal;;;;
Planegg;116301;LS76732;ja;05.03.2026;Estaline Philander;24681;BTG Internationale Spedition;BTG Internationale Spedition GmbH;Gewerbering 10;82140;Olching;;;;
Planegg;116302;LS76733;ja;02.03.2026;Estaline Philander;24429;Bürklin;Bürklin GmbH & Co. KG;Grünwalder Weg 30;82041;Oberhaching;;;;
Planegg;116303;LS76734;ja;03.03.2026;Estaline Philander;23119;ARGE Marienhof;ARGE Marienhof;Landschaftstraße 5;80331;München;;;;
Planegg;116304;LS76735;ja;02.03.2026;Max Sanktjohanser;27304;Cheese center;European Cheese Center;Owiedenfeldstraße 18;30559;Hannover;;;;
Planegg;116305;LS76736;ja;02.03.2026;Estaline Philander;20633;a-on AG;a-on AG;Grundfeld 6;85445;Oberding;;;;
natürlich H2O;116306;LS76737;ja;04.03.2026;Estaline Philander;21940;Dt.Gesellsch.f.Auswärtige Poli;Deutsche Gesellschaft für Auswärtige Politik;Rauchstraße 17-18;10787;Berlin;;;;
Planegg;116307;LS76738;ja;02.03.2026;Estaline Philander;20325;SYNBRAND (vorm.Synektar);SYNBRAND GmbH;Nordendstrasse 64;80801;München;;;;
Planegg;116308;LS76741;ja;02.03.2026;Estaline Philander;20881;GROUP7 AG;GROUP7 AG International Logistics;Ulmenstraße 7;85445;Schwaig;;;;
AQUATRADE Bram;116309;LS76742;ja;04.03.2026;Estaline Philander;26595;Toll Global Forwarding Germany;Toll Global Forwarding Germany GmbH;Große Elbstrasse 86;22767;Hamburg;;;;
STK Service;116312;LS76745;ja;05.03.2026;Estaline Philander;24432;Horsthemke;Horsthemke Backbetriebe GmbH;Porschestr. 23;42279;Wuppertal;;;;
aboutwater Frankfurt;116324;LS76747;ja;06.03.2026;Carmen Berger;26603;DEURAG Deutsche Rechtsschutz-V;DEURAG Deutsche Rechtsschutz-Versicherung AG;Abraham-Lincoln-Str. 3;65189;Wiesbaden;;;;
aboutwater Frankfurt;116325;LS76748;ja;03.03.2026;Carmen Berger;26982;Adam Issa;AbdulRahman Issa;Kurpalzhof 10/3;69124;Heidelberg;;;;
Planegg;116326;LS76749;ja;05.03.2026;Florian Gräf;10034;ewatec;Noerpel SE;Oskar-von-Miller-Straße 18;85235;Odelzhausen;;;;
Bastian;109627;LS76752;nein;15.03.2026;Petra Gräf;22247;Agentur für Arbeit Regensburg;Agentur für Arbeit Regensburg;Galgenbergstr. 24;93053;Regensburg;;;;
Planegg;116329;LS76754;ja;02.03.2026;Max Sanktjohanser;24138;TRUE Coffee di Fina;Werkstätten der Lebenshilfe gGmbH;Freiheitstr. 9-11;42719;Solingen;;;;
Ines Rütz Appen;116328;LS76755;ja;11.03.2026;Estaline Philander;21258;Coffice;Max Solar GmbH;Friedensallee 120;22763;Hamburg;;;;
Gänshirt-Aufmbruch;116338;LS76756;ja;09.03.2026;Carmen Berger;26777;Finanzamt Düsseldorf-Nord;Finanzamt Düsseldorf-Nord;Hans-Böckler-Str. 36;40476;Düsseldorf;;;;
Planegg;116335;LS76757;ja;03.03.2026;Max Sanktjohanser;24006;Istituto La Provvidenza;Istituto La Provvidenza;Via San Giovanni Bosco, 3;21052;Busto Arsizio (VA);;;;
Planegg;116343;LS76758;ja;18.03.2026;Christian Irrgang;21524;Rupert Auer;Rupert Auer;Hauptstraße 8;83123;Amerang/Kirchensur;;;;
Magnum Kuhnhenne;106097;LS70962.;ja;24.02.2026;Rene Kühn;24173;Öhlins;Öhlins Europe;Gottlieb-Daimler-Straße 25;53520;Meuspath;;;;
Planegg;116342;LS76760;ja;03.03.2026;Max Sanktjohanser;27286;Bakaio;REHABILIATION AURACH;Gigglingweg 17 A;6371;Aurach;;;;
Planegg;106092;LS70957.;ja;26.02.2026;Rene Kühn;24106;Münchener Verein KV;Münchener Verein Krankenversicherung a.G.;Ludwigstraße 23b;97070;Würzburg;;;;
aboutwater Frankfurt;114339;LS76763;ja;27.02.2026;Carmen Berger;22810;Enviria Business Solutions Gmb;Enviria Energy Holding GmbH;Ferdinand-Happ-Str. 53;60314;Frankfurt/Main;;;;
Planegg;116354;LS76764;ja;02.03.2026;Max Sanktjohanser;25576;Amazon Fulfillment;Amazon Fulfillment Germany GmbH;Pattbergstraße 77;47445;Moers;;;;
Planegg;114573;LS76765;ja;27.02.2026;Rene Kühn;23899;MVZ Atrium;MVZ Atrium Dres. Pränger, Hornauer,;Münchner Str. 56 a;83607;Holzkirchen;;;;
Planegg;116360;LS76766;ja;02.03.2026;Max Sanktjohanser;27305;Deutsche Cyberkom;Deutsche Cyberkom GmbH;Am Hohen Stein 25;63808;Haibach;;;;
Gänshirt-Aufmbruch;;LS76767;ja;02.03.2026;Carmen Berger;26651;Justus-von-Liebig-Schule Moers;Justus-von-Liebig-Schule;Römerstr. 597;47443;Moers;;;;
Emons;116389;LS76768;ja;27.02.2026;Florian Gräf;10160;AVALESS;AVALESS GmbH;Hansastr. 24;49205;Hasbergen;;;;
Planegg;116387;LS76769;ja;02.03.2026;Rene Kühn;26240;Bezirkskrankenhaus Kufste;A.ö. Bezirkskrankenhaus Kufstein;Endach 27, ATU31774602;6330;Kufstein;;;;
Planegg;116390;LS76770;ja;03.03.2026;Estaline Philander;23775;Praxis Reinhard Zebhauser;Reinhard Zebhauser;Straßbergerstrasse 2;80809;München;;;;
Planegg;116391;LS76771;ja;04.03.2026;Estaline Philander;23123;Kinderkrippe "Zwergl-Akademie";Manuela Bunk GmbH;Glandergasse 1;85283;Wolnzach;;;;
Gänshirt-Aufmbruch;116400;LS76772;nein;01.03.2026;Petra Gräf;26551;Fraunhofer FKIE;Fraunhofer FKIE;Appelsgarten 2;53879;Euskirchen;;;;
Gänshirt-Aufmbruch;116401;LS76773;nein;01.03.2026;Petra Gräf;26551;Fraunhofer FKIE;Fraunhofer FKIE;Kaplan-Kellermann-Str.  6-10;53879;Euskirchen;;;;
Bastian;116404;LS76774;nein;01.04.2026;Florian Gräf;22247;Agentur für Arbeit Regensburg;Agentur für Arbeit Regensburg;Galgenbergstr. 24;93053;Regensburg;;;;
Gänshirt-Aufmbruch;116405;LS76775;ja;08.03.2026;Carmen Berger;27117;Sporthochschule Köln;Deutsche Sporthochschule Köln;Kirchweg 2;50933;Köln;;;;
Planegg;116406;LS76776;ja;03.03.2026;Estaline Philander;24641;Brustdiagnostik München;Brustdiagnostik München;Sonnenstraße 29  /  4.OG;80331;München;;;;
Planegg;116407;LS76777;ja;02.03.2026;Max Sanktjohanser;27306;Medipro;Medipro Ärztebedarf GmbH;Alois-Senefelder Straße 2;68167;Mannheim;;;;
Planegg;;LS76778;ja;27.02.2026;Sönke Rocho;20128;Avendi GmbH;Avendi GmbH;Alpspitzstraße 4;82131;Stockdorf;;;;
Berlin Wein König;116411;LS76780;ja;11.03.2026;Estaline Philander;25880;Atelier Kempe Thill Thörner;Atelier Kempe Thill Thörner Kaczmarek;Kronenstr. 1;10117;Berlin;;;;
Bastian;;LS76781;nein;01.04.2026;Florian Gräf;22425;Agentur für Arbeit Passau;Bundesagentur für Arbeit;Innstr. 30;94032;Passau;;;;
VST Schörling;114955;LS76202.;ja;26.02.2026;Rene Kühn;24491;LSC GmbH;LSC Linear-Service-Center GmbH;Emeramstraße 45;85622;Feldkirchen;;;;
Planegg;116428;LS76783;ja;03.03.2026;Rene Kühn;27308;Feuerwehr Stadt Lippstadt;Feuerwehr Stadt Lippstadt / Abt. Technik;Geiststr. 48;59555;Lippstadt;;;;
Planegg;116429;LS76784;ja;03.03.2026;Rene Kühn;27309;Bohle GmbH;Bohle GmbH;Bunsenstraße 1a, DE125355860;32052;Herford;;;;
aboutwater Bünde;116435;LS76786;ja;16.03.2026;Petra Gräf;24125;Klebl;Klebl GmbH Rinteln;Fabrikstr.3;31737;Rinteln;;;;
aboutwater Frankfurt;116436;LS76785;ja;02.03.2026;Carmen Berger;26601;Prof. Dr. med. Markus Meissner;Prof. Dr. med. Markus Meissner;Rheinstraße 103;65185;Wiesbaden;;;;
Planegg Rep.Lager;;LS76787;ja;01.04.2026;Petra Gräf;20216;Siemens / ARE 7092;Siemens AG;Otto-Hahn-Ring 6 / Empfang Nord;81739;München;;;;
aboutwater Frankfurt;116438;LS76788;ja;02.03.2026;Carmen Berger;24975;Cardio Centrum Rhein Neckar;Cardio Centrum Rhein Neckar;Wiesenbacher Straße 2;69151;Neckargemünd;;;;
Planegg;116439;LS76789;ja;03.03.2026;Estaline Philander;25720;IKEA (1) City Project Riem;IKEA City Project South GmbH;Willy-Brandt-Platz 5;81829;München;;;;
Strecke;;LS76790;ja;09.03.2026;Florian Gräf;21204;MB Well Service;MB Well Services GmbH;Am Speicher 5;49846;Hoogstede;;;;
AMW Auersperg;;LS76791;ja;12.03.2026;Petra Gräf;27310;SPIE Efficient Facilities GmbH;Siemens AG;Monbijoustraße 7;10117;Berlin;;;;
Planegg;116004;71883;ja;18.02.2026;Christian Irrgang;20191;Gleisner;Gleisner GmbH & Co.KG;Pegnitzstr. 13;91207;Lauf an der Pegnitz;;;;
Planegg;116442;LS76795;ja;02.03.2026;Josefine Mättig;24312;Christoph-Dornier-Klinik GmbH;Christoph-Dornier-Klinik GmbH;Tibusstraße 7-11;48143;Münster;;;;
Planegg;;LS76796;ja;10.03.2026;Christian Irrgang;21698;Mr. Lodge Brüning;Mr. Lodge GmbH;Prinz-Ludwig-Str. 7;80333;München;;;;
aboutwater Frankfurt;116443;LS76797;ja;02.03.2026;Logistik;25782;enwag;enwag energie- und wassergesellscha;Hermannsteiner Str. 1;35576;Wetzlar;;;;
aboutwater Frankfurt;116444;LS76798;ja;02.03.2026;Logistik;25782;enwag;enwag energie- und wassergesellscha;Hermannsteiner Str. 1;35576;Wetzlar;;;;
aboutwater Frankfurt;116445;LS76799;ja;02.03.2026;Logistik;25782;enwag;enwag energie- und wassergesellscha;Hermannsteiner Str. 1;35576;Wetzlar;;;;
STK Service;116447;LS76800;ja;04.03.2026;Estaline Philander;25828;Falck Dortmund;Falck Notfallrettung u.Katastrophenschutz;Volksgartenstr. 40;44388;Dortmund;;;;
Planegg;116449;LS76801;ja;03.03.2026;Estaline Philander;25828;Falck Dortmund;Falck Notfallrettung u.Katastrophenschutz;Volksgartenstr. 40;44388;Dortmund;;;;
Planegg;116448;LS76802;ja;02.03.2026;Max Sanktjohanser;25296;CCL Label Meerane GmbH;CCL Label Meerane GmbH;Brückenweg 5;08393;Meerane;;;;
AQUATRADE Bram;116450;LS76803;ja;03.03.2026;Estaline Philander;26683;bbL Beton;bbL Beton GmbH;Innerstetal 8;38685;Langelsheim;;;;
Emons;116453;LS76806;ja;10.03.2026;Florian Gräf;10160;AVALESS;AVALESS GmbH;Hansastr. 24;49205;Hasbergen;;;;
Planegg;116450;LS76807;ja;02.03.2026;Estaline Philander;26683;bbL Beton;bbL Beton GmbH;Innerstetal 8;38685;Langelsheim;;;;
aboutwater Frankfurt;;LS76808;ja;17.03.2026;Carmen Berger;25373;Waypoint Christian Church;Waypoint Christian Church;Bruchwiesenstraße 12;66849;Landstuhl - Kaiserslautern;;;;
VST Schörling;;LS76809;ja;05.03.2026;Carmen Berger;23185;qards vorm.Bayern Card-Serv;qards GmbH;Georg-Brauchle-Ring 23-25 6. OG Kiosk Nord;80992;München;;;;
VST Schörling;116456;LS76810;ja;05.03.2026;Carmen Berger;23185;qards vorm.Bayern Card-Serv;qards GmbH;Georg-Brauchle-Ring 23-25;80992;München;;;;
Planegg;112928;LS76811;ja;03.03.2026;Petra Gräf;27179;Kühne+Nagel;Kuehne + Nagel (AG & Co.) KG;Messezentrum 1  /  Einfahrt Tor 5;90471;Nürnberg;;;;
Planegg;116459;LS76812;ja;02.03.2026;Florian Gräf;20381;The Water Purifier NV;The Water Purifier NV;Genebroekstraat 82;3581;Beverlo;;;;
VST Schörling;108043;LS76813;ja;01.04.2026;Petra Gräf;23772;AM alpha KVGmbH;AM alpha KVGmbH;Sendlinger Straße 7;80331;München;;;;
Gänshirt-Aufmbruch;112187;LS112187;ja;27.02.2026;Petra Gräf;23963;Giorgio Armani Köln;Armani Exchange Koeln City;Schildergasse 72-76;50667;Köln;;;;
Planegg;;RE 168144;ja;26.02.2026;Christian Irrgang;20191;Gleisner;Kastl & Kollegen;Fürstenrieder Str. 5;80687;München;;;;
Ines Rütz Appen;116461;LS76816;nein;02.03.2026;Andreas Pöppe;26595;Toll Global Forwarding Germany;Toll Global Forwarding Germany GmbH;Große Elbstrasse 86;22767;Hamburg;;;;
natürlich H2O;116463;LS76817;ja;04.03.2026;Estaline Philander;23969;Topos;TOPOS Versicherungskontor GmbH;Scharnweberstr. 130/131;13405;Berlin;;;;
Planegg;116465;LS76818;ja;16.03.2026;Estaline Philander;26922;Impact Innovations GmbH;Impact Innovations GmbH;Bürgermeister-Steinberger-Ring 1;84431;Rattenkirchen;;;;
Planegg;116290;LS76820;nein;02.03.2026;Estaline Philander;20774;M. Asam / Asambeauty;M. Asam GmbH;Feringastrasse 12 A;85774;Unterföhring;;;;
aboutwater Frankfurt;116466;LS76821;ja;02.03.2026;Carmen Berger;27096;LSU Schäberle;LSU Schäberle;Motorstraße 9;70499;Stuttgart;;;;
VST Schörling;;LS76822;ja;16.03.2026;Petra Gräf;25116;Certania Beteiligungen GmbH;Certania Beteiligungen GmbH;Löwengrube 18;80333;München;;;;
Planegg;116467;LS76823;ja;02.03.2026;Josefine Mättig;20622;Möller;Dirk Möller;Bültstr 47;32257;Bünde;;;;
Planegg;116469;LS76824;ja;02.03.2026;Josefine Mättig;20191;Gleisner;Gleisner GmbH & Co.KG;Pegnitzstr. 13;91207;Lauf an der Pegnitz;;;;
POSPRINT;116349;LS76825;nein;09.04.2026;Josefine Mättig;25487;Hofer KG Österreich;;Zweigniederlassung Sattledt;Hofer Straße 4;4642;Sattledt;;;;
POSPRINT;116357;LS76826;nein;09.04.2026;Josefine Mättig;25487;Hofer KG Österreich;;HOFER KG;Hoferstrasse 1;8501;Lieboch;;;;
natürlich H2O;116473;LS76827;ja;04.03.2026;Andreas Pöppe;27090;BäckerMann;BäckerMann Backwaren und Feinkost GmbH;Südwestkorso 9;12161;Berlin;;;;
Planegg;116472;LS76828;ja;02.03.2026;Max Sanktjohanser;25225;Amazon FC Graben;Spedition Wolfgang Mueller (Amazon Off-Site);Amazonstr. 3;86836;Graben;;;;
Schöttle - Haiterbach;116470;LS76829;ja;02.03.2026;Estaline Philander;27045;Matikon;Matikon GmbH & Co. KG;Hewlett-Packard-Straße 1/1;71083;Herrenberg Gültstein;;;;
Planegg;116474;LS76830;ja;05.03.2026;Estaline Philander;60757;dm D17D vorm.0757 Neusäss;dm Filiale 0757;Daimlerstraße 13-15;86356;Neusäß;;;;
Planegg;116477;LS76832;ja;02.03.2026;Christian Irrgang;20475;Aquagast Wasseraufbereitu;Aquagast Wasseraufbereitungs-;Hofsteigstraße 112;6858;Schwarzach;;;;
Planegg;116471;LS76833;ja;02.03.2026;Josefine Mättig;22118;Matthias Herbst;Matthias Herbst;Vierbergen 10c;22111;Hamburg;;;;
AQUATRADE Bram;116479;LS76834;ja;09.03.2026;Estaline Philander;24088;Zahnmanufaktur Emsland ZME;Zahnmanufaktur Emsland - ZME GmbH;Lengericher Str. 7;49809;Lingen;;;;
Planegg;116476;LS76835;ja;02.03.2026;Florian Gräf;20654;Karl Gengenbach GmbH & Co;Karl Gengenbach GmbH & Co. KG;Aschenhausweg 4;74523;Schwäbisch Hall;;;;
Planegg;116480;LS76836;ja;03.03.2026;Estaline Philander;24541;VZ VermögensZentrum Bank;VZ VermögensZentrum Bank AG;Maximiliansplatz 12;80333;München;;;;
Planegg;116478;LS76837;ja;02.03.2026;Josefine Mättig;27312;Andreas Pöppe;Andreas Pöppe;Büchener Weg 25;21481;Lauenburg;;;;
Liberanome & Panichel;;LS76838;ja;02.03.2026;Sönke Rocho;26629;SKD SE;SKD SE;Frauenstraße 38;82221;Maisach;;;;
Planegg;116481;LS76839;ja;02.03.2026;Max Sanktjohanser;27313;Lebensgefühl;LEBENSGEFÜHL by Rempel;Bahnhofstraße 13;59581;Warstein;;;;
Planegg;;LS76840;ja;02.03.2026;Rene Kühn;20772;Crystal Water;Crystal Water;Rosenheimer Str. 34;85635;Höhenkirchen;;;;
Planegg;;LS76841;ja;01.03.2026;Rene Kühn;20772;Crystal Water;Crystal Water;Rosenheimer Str. 34;85635;Höhenkirchen;;;;
aboutwater Frankfurt;116485;LS76842;ja;03.03.2026;Carmen Berger;24614;RMS Rhein-Main-Verkehrsverbund;Rhein-Main-Verkehrsverbund;Poststraße 2-4;60329;Frankfurt;;;;
AQUATRADE Glinde;116486;LS76843;ja;04.03.2026;Estaline Philander;22339;Technolog services GmbH;TECHNOLOG services GmbH;Vorsetzen 50  /  4.OG;20459;Hamburg;;;;
natürlich H2O;116487;LS76844;ja;09.03.2026;Estaline Philander;25098;AKB;AKB - Ambulante Kompetente Betreuung GmbH;Wilhelminenhofstr. 24;12555;Berlin;;;;
Planegg;116489;LS76845;ja;03.03.2026;Josefine Mättig;26347;Hörmann KG (2) Bremen;Hörmann KG Verkaufsgesellschaft;Mittelwendung 25;28844;Weyhe;;;;
STK Service;116488;LS76846;ja;05.03.2026;Estaline Philander;22668;J.D.Neuhaus;J.D.Neuhaus GmbH & Co.KG;Windenstraße 2-4;58455;Witten-Heven;;;;
Emons;116491;LS76847;ja;03.03.2026;Florian Gräf;24138;TRUE Coffee di Fina;Garten- und Landschaftsbau der Lebenshilfe So;Langhansstraße 20;42697;Solingen;;;;
aboutwater Bünde;116490;LS76848;ja;04.03.2026;Estaline Philander;26853;AUGUST STORCK KG;AUGUST STORCK KG;Paulinenweg 12;33790;Halle (Westf.);;;;
Planegg;116492;LS76849;ja;03.03.2026;Max Sanktjohanser;27314;EDDS;Batliner Wanger Batliner;Pflugstrasse 20;9490;Vaduz;;;;
Planegg;116494;LS76850;ja;03.03.2026;Josefine Mättig;26067;gfp Gesellschaft;gfp Gesellschaft für;Bitterfelder Str. 13;12681;Berlin;;;;
Planegg;116493;LS76851;ja;04.03.2026;Estaline Philander;20161;edr software GmbH;edr software GmbH;Zweibrückenstraße 5-7;80331;München;;;;
Planegg;;LS76852;ja;03.03.2026;Sönke Rocho;25642;Kretschmer Jan;Jan Kretschmer;Würmstr. 44;82131;Stockdorf;;;;
Gleisner;114381;LS75606 CO²;ja;02.03.2026;Petra Gräf;27086;Die Autobahn Nordbayern;Die Autobahn GmbH des Bundes - NL Nordbayern;An der Autobahn 6;91171;Greding;;;;
Planegg;116495;LS76854;ja;23.03.2026;Josefine Mättig;27315;Klax International GmbH;Klax Schule;Neumannstr. 13a;13189;Berlin;;;;
POSPRINT;116495;LS76855;ja;26.03.2026;Josefine Mättig;27315;Klax International GmbH;Klax Schule;Neumannstr. 13a;13189;Berlin;;;;
Planegg;116496;LS76856;ja;04.03.2026;Estaline Philander;26427;DELTA Regeltechnik GmbH;DELTA Regeltechnik GmbH;Balanstr. 73 / Haus 21A, 4.OG;81541;München;;;;
Planegg;116498;LS76857;ja;09.03.2026;Estaline Philander;24864;Fritz Mühlenbäckerei GmbH;Fritz Mühlenbäckerei GmbH;Münchener Straße 28;85653;Aying;;;;
Kyffhäuser;116500;LS76858;ja;03.03.2026;Florian Gräf;20708;Kyffhäuser Waterworld;Kyffhäuser Waterworld;Brauereistraße 4;06556;Artern;;;;
Planegg;116206;LS76859;ja;03.03.2026;Florian Gräf;10034;ewatec;ewatec e.K.;Am Angelehof 12;88316;Isny;;;;
Planegg;116499;LS76860;ja;03.03.2026;Josefine Mättig;23353;Klarwa GmbH;klarwa GmbH;Auf dem Großstück 2;51580;Reichshof-Hunsheim;;;;
Planegg Rep.Lager;96278;LS64722 Korr.;ja;02.03.2026;Petra Gräf;26523;Deutsche Post Freising;Deutsche Post AG;Gewerbepark 25;85250;Altomünster;;;;
Dolphin, Bonstetten;;LS76862;ja;03.03.2026;Florian Gräf;20587;Getränke-Service Neumann;Getränke-Service Neumann;Siemensstraße 12;79108;Freiburg;;;;
Planegg;116503;LS76863;ja;04.03.2026;Estaline Philander;62575;dm 2575 Neuried;dm Filiale 2575;Hainbuchenring 15;82061;Neuried;;;;
Planegg;116504;LS76864;ja;03.03.2026;Max Sanktjohanser;27316;Stadtwerke Homburg;Stadtwerke Homburg GmbH;Lessingstraße 3;66424;Homburg;;;;
aboutwater Frankfurt;116505;LS76865;ja;03.03.2026;Estaline Philander;23159;City-Fahrschule Dieter Bernard;City-Fahrschule Dieter Bernardy GmbH;Bischheimer Str. 3;67292;Kirchheimbolanden;;;;
aboutwater Frankfurt;116506;LS76866;nein;03.03.2026;Estaline Philander;25697;ATC Transport;ATC Transport GmbH;Marnheimer Straße 92 B;67292;Kirchheimbolanden;;;;
Planegg;;LS76867;ja;09.03.2026;Estaline Philander;26248;FOUR Munich Neue Messe;FOUR Munich Neue Messe;Humboldtstraße 12;85609;Dornach;;;;
Planegg;116508;LS76868;ja;03.03.2026;Carmen Berger;25863;Ludwig-Maximilians-Universität;Ludwig-Maximilians-Universität München;Grosshaderner Strasse 2;82152;Planegg-Martinsried;;;;
Planegg;116509;LS76869;ja;04.03.2026;Rene Kühn;27317;Anja Simons;Anja Simons;Borbecker Straße 255;45355;Essen;;;;
Gänshirt-Aufmbruch;116510;LS76870;ja;06.03.2026;Andreas Pöppe;23338;Le Gastro;Deutsche Post AG;Meesemannstraße 101-106;44807;Bochum;;;;
Planegg;116512;LS76871;ja;04.03.2026;Estaline Philander;23414;AH Hornung vorm.Tenneberg;Autohaus Hornung GmbH & Co. KG;Kistlerhofstr. 263;81379;München;;;;
Planegg;116511;LS76872;ja;03.03.2026;Florian Gräf;26272;Beck Vending GmbH;Beck Vending GmbH;Thalheimer Straße 81b;06766;Bitterfeld-Wolfen, OT Wolfen;;;;
Planegg;116513;LS76873;ja;05.03.2026;Estaline Philander;22466;Agentur für Arbeit Weilheim;Agentur für Arbeit Weilheim;Oskar-von-Miller-Str. 4 f;82256;Fürstenfeldbruck;;;;
VST Schörling;116514;LS76874;ja;05.03.2026;Sönke Rocho;20148;KPIT Technologies GmbH;KPIT Technologies GmbH;Frankfurter Ring 105b;80807;München;;;;
Planegg;116516;LS76875;ja;04.03.2026;Carmen Berger;25882;myStorage GmbH;myStorage GmbH;Bornheimer Straße 151 a;53119;Bonn;;;;
Planegg;;LS76876;ja;04.03.2026;Florian Gräf;27318;Schädler;Johannes Schädler;Illerbacher Str. 16;88430;Rot;;;;
Planegg;116000;LS76877;ja;03.03.2026;Josefine Mättig;21517;ASO;ASO VENDING TN;Zlatovská 2205;91105;Trencin;;;;
Planegg;116515;LS76878;ja;04.03.2026;Estaline Philander;26142;NK Metallverarbeitung GmbH;NK Metallverarbeitung GmbH;Gewerbering 15;41751;Viersen;;;;
Planegg;116518;LS76879;ja;03.03.2026;Josefine Mättig;27160;Scholz gifts & print  GmbH;Scholz gifts & print  GmbH;Otto-Lilienthal-Str. 23c;27777;Ganderkesee | Germany;;;;
Planegg;116519;LS76880;ja;05.03.2026;Josefine Mättig;24440;CLAMO;LORAMA;Pasaje Virginia Wolf , nº 39, local 2 /;29010;Málaga;;;;
Planegg;116520;176296;ja;10.03.2026;Estaline Philander;20191;Gleisner;Thüga SmartService GmbH;Nymphenburger Str. 39;80335;München;;;;
AQUATRADE Bram;;LS76882;ja;09.03.2026;Florian Gräf;21204;MB Well Service;MB Well Services GmbH;Klein Moorstricher Str Ecke Moorstricher Weg;26446;Etzel/Friedeburg;;;;
AMW Auersperg;116522;LS76883;ja;12.03.2026;Estaline Philander;26711;dsb Dt.Sanierungsberatung;dsb Deutsche Sanierungsberatung GmbH;Anna-Louisa-Karsch-Straße 2;10178;Berlin;;;;
Planegg;116523;LS76884;ja;04.03.2026;Estaline Philander;22502;Vereinigung der Pflegenden Bay;Vereinigung der Pflegenden in Bayern (KöR);Prinzregentenstraße 24  / 4.OG;80538;München;;;;
Planegg;116524;LS76885;ja;03.03.2026;Max Sanktjohanser;27319;Spar- und Bauverein eG;Spar- und Bauverein eG;Kampstr. 51;44137;Dortmund;;;;
Planegg;116525;LS76886;ja;05.03.2026;Estaline Philander;26629;SKD SE;SKD SE;Frauenstraße 38;82221;Maisach;;;;
Planegg;116527;LS76887;ja;03.03.2026;Rene Kühn;20772;Crystal Water;Crystal Water;Rosenheimer Str. 34;85635;Höhenkirchen;;;;
Planegg;116193;LS76888;ja;11.03.2026;Rene Kühn;20148;KPIT Technologies GmbH;KPIT Technologies GmbH;Frankfurter Ring 105b;80807;München;;;;
VST Schörling;116528;LS76889;ja;20.03.2026;Petra Gräf;21795;GEWO Feinmechanik GmbH;GEWO Feinmechanik GmbH & Co. KG;Bahnhofstr. 45;85457;Wörth/Hörlkofen;;;;
Planegg;116529;LS76890;ja;04.03.2026;Carmen Berger;26897;Hessischer Landtag;Hessischer Landtag;Schlossplatz 1-3;65183;Wiesbaden;;;;
Emons;116528;LS76889-1;ja;04.03.2026;Petra Gräf;21795;GEWO Feinmechanik GmbH;GEWO Feinmechanik GmbH & Co. KG;Bahnhofstr. 45;85457;Wörth/Hörlkofen;;;;
Planegg;116530;LS76892;ja;10.03.2026;Petra Gräf;25549;PORR GmbH & Co. KGaA;Porr Container  Auf Parkplatz;Lemgostraße 21;80935;München;;;;
Planegg;112861;LS75028 LG.;ja;04.03.2026;Rene Kühn;22805;RC Beton Bau SRL;RC Beton Bau SRL;Schuegrafstraße 9;81245;München;;;;
VST Schörling;116532;LS76894;ja;10.03.2026;Petra Gräf;23338;Le Gastro;Deutsche Post AG;Clemensänger-Ring 19;85356;Freising;;;;
STK Service;116531;LS76895;ja;12.03.2026;Estaline Philander;20590;Orthopädiepraxis;Orthopädiepraxis;Volkhovener Weg 169;50767;Köln;;;;
Planegg;116534;LS76896;ja;05.03.2026;Florian Gräf;20191;Gleisner;Gleisner GmbH & Co.KG;Pegnitzstr. 13;91207;Lauf an der Pegnitz;;;;
Planegg;116535;LS76898;nein;13.04.2026;Florian Gräf;10102;Steinmeier GmbH;Steinmeier GmbH;Landhagen 1;33803;Steinhagen;;;;
Planegg;116537;LS76900;ja;09.03.2026;Christian Irrgang;20362;Emons Spedition;Emons Spedition GmbH & Co. KG;Lindberghstr. 6;85399;Hallbergmoos;;;;
Emons;116526;LS76901;ja;04.03.2026;Florian Gräf;20577;Schankanlagenfachbetrieb Karow;Schankanlagenfachbetrieb;Dr.-Heinrich-Jasper-Str. 31;38667;Bad Harzburg;;;;
Planegg;116526;LS76902;ja;04.03.2026;Florian Gräf;20577;Schankanlagenfachbetrieb Karow;Schankanlagenfachbetrieb;Dr.-Heinrich-Jasper-Str. 31;38667;Bad Harzburg;;;;
Planegg;116539;LS76903;ja;05.03.2026;Carmen Berger;21250;Pfennigparade;Pfennigparade Ernst-Barlach-Schulen GmbH;Barlachstraße 26 - 38;80804;München;;;;
Planegg;;LS76904;ja;04.03.2026;Christian Irrgang;20191;Gleisner;Gleisner GmbH & Co.KG;Pegnitzstr. 13;91207;Lauf an der Pegnitz;;;;
aboutwater Frankfurt;;LS76905;ja;11.03.2026;Carmen Berger;25782;enwag;enwag energie- und wassergesellschaft mbh;Hermannsteiner Str. 1;35576;Wetzlar;;;;
Planegg;116541;LS76906;ja;04.03.2026;Josefine Mättig;25168;Salzburger Saalachtal Tourismu;Salzburger Saalachtal Tourismus;Lofer 310;5090;Lofer;;;;
aboutwater Frankfurt;116544;LS76907;ja;10.03.2026;Carmen Berger;26255;City Pop;City Pop AG;Gutleutstr.285/287;60327;Frankfurt;;;;
Planegg;;LS76908;ja;05.03.2026;Petra Gräf;24488;ARGE PLING Sendling;ARGE PLING Hillebrand-Ehrenreich;Karwendelstraße 11;81369;München;;;;
Planegg;;LS76909;ja;05.03.2026;Petra Gräf;24488;ARGE PLING Sendling;ARGE PLING Hillebrand-Ehrenreich;Plinganserstraße 56;81369;München;;;;
Planegg;116546;LS76910;ja;04.03.2026;Max Sanktjohanser;22212;Amazon Deutschland S29 Trans.;Amazon Deutschland S29 Transport GmbH;Europaring 41;94315;Straubing;;;;
aboutwater Bünde;116549;LS76911;ja;06.03.2026;Florian Gräf;21737;Heuser;Heuser GmbH;Waldstr. 23 / B10;63128;Dietzenbach;;;;
Emons;116549;LS76912;ja;04.03.2026;Florian Gräf;21737;Heuser;Heuser GmbH;Waldstr. 23 / B10;63128;Dietzenbach;;;;
Planegg;116550;LS76913;ja;05.03.2026;Rene Kühn;24026;Heamalab vorm.OnkoMedeor;Haemalab - Onkologisches Zentrum Freising MVZ;Weizengasse 2;85354;Freising;;;;
Planegg;116552;LS76914;ja;04.03.2026;Josefine Mättig;27320;Hawle Beteiligungsgesellschaft;Hawle Beteiligungsgesellschaft m.b.H.;Wagrainer Straße 13;4840;Vöcklabruck;;;;
Gänshirt-Aufmbruch;116551;LS76915;ja;26.03.2026;Estaline Philander;23338;Le Gastro;Deutsche Post AG;Kleine Ruhrau 16;45279;Essen;;;;
Planegg;116554;LS76916;ja;05.03.2026;Estaline Philander;26108;Inova Semiconductors GmbH;Inova Semiconductors GmbH;Zielstattstr. 32;81379;München;;;;
STK Service;116556;LS76917;ja;04.03.2026;Florian Gräf;23135;Kaffee Express Rhein Ruhr;Kaffee Express Rhein Ruhr;Weg am Kötterberg 15;44807;Bochum;;;;
Planegg;;LS76918;ja;04.03.2026;Christian Irrgang;20957;Vogel;Automatenservice Vogel GmbH;Am Flugplatz 40;56743;Mendig;;;;
AQUATRADE Glinde;116555;LS76919;ja;09.03.2026;Carmen Berger;27321;Endress+Hauser;Endress+Hauser GmbH+Co.KG;Am Stadtrand 54;22047;Hamburg;;;;
Gänshirt-Aufmbruch;116557;LS76920;ja;12.03.2026;Estaline Philander;23263;BOLL & KIRCH Filterbau GmbH;BOLL & KIRCH Filterbau GmbH;Siemensstr. 10-14;50170;Kerpen;;;;
Planegg;116559;LS76921;ja;10.03.2026;Estaline Philander;26701;incadea GmbH;incadea GmbH;St.-Martin-Straße 61;81669;München;;;;
Planegg;116558;LS76922;ja;04.03.2026;Max Sanktjohanser;27301;Isabella Bieringer;Isabella Bieringer;Eichbergweg 12;3661;Artstetten;;;;
aboutwater Bünde;116560;LS76923;ja;12.03.2026;Estaline Philander;22001;TSV Arholzen;TSV Arholzen;Voßbreite 6;37627;Arholzen;;;;
STK Service;116561;LS76924;ja;13.03.2026;Estaline Philander;26367;Eis-Café Konditorei Perfekt;Eis-Café Konditorei Perfekt;Friedrich-Ebert-Straße 62;45127;Essen;;;;
Dolphin, Bonstetten;;LS76925;ja;04.03.2026;Florian Gräf;20191;Gleisner;Gleisner GmbH & Co.KG;Pegnitzstr. 13;91207;Lauf an der Pegnitz;;;;
Planegg;116553;LS76926;nein;25.03.2026;Florian Gräf;21737;Heuser;Heuser GmbH;Waldstr. 23 / B10;63128;Dietzenbach;;;;
Planegg;116563;LS76927;ja;09.03.2026;Estaline Philander;24718;Auto Kölbl GmbH;Auto Kölbl GmbH;Michael-Kölbl-Str. 1 - 3;85716;Unterschleißheim;;;;
Planegg;116564;LS76928;ja;09.03.2026;Estaline Philander;24376;Schenker Deutschland AG;DSV Solutions GmbH;Freisinger Str. 15-19;85386;Eching;;;;
Planegg;116565;LS76929;ja;10.03.2026;Estaline Philander;22522;Arcus Elektrotechnik;Arcus Elektrotechnik Alois Schiffmann GmbH;Truderinger Str. 199;81673;München;;;;
Planegg;116566;LS76930;ja;05.03.2026;Estaline Philander;20807;Medien.Bayern GmbH;Medien.Bayern GmbH;Balanstr. 73 / Haus 10;81541;München;;;;
AQUATRADE Glinde;116568;LS76931;ja;10.03.2026;Petra Gräf;24898;Anschütz;Anschütz GmbH;Zeyestr. 16-24;24106;Kiel;;;;
Planegg;116528;LS76932;ja;17.03.2026;Petra Gräf;21795;GEWO Feinmechanik GmbH;GEWO Feinmechanik GmbH & Co. KG;Bahnhofstr. 45;85457;Wörth/Hörlkofen;;;;
STK Service;116569;LS76933;ja;07.04.2026;Petra Gräf;27322;Kölner Verkehrs-Betriebe AG;Kölner Verkehrs-Betriebe AG;Scheidtweilerstr. 38;50933;Köln (Braunsfeld);;;;
Planegg;116570;LS76934;ja;05.03.2026;Florian Gräf;20381;The Water Purifier NV;The Water Purifier NV;Genebroekstraat 82;3581;Beverlo;;;;
Planegg;;LS76935;ja;05.03.2026;Carmen Berger;25882;myStorage GmbH;myStorage GmbH;John-Deere-Str. 79;68163;Mannheim;;;;
Gänshirt-Aufmbruch;;LS76936;ja;12.03.2026;Petra Gräf;25967;Wasserverband Eifel-Rur;Wasserverband Eifel-Rur;Krefelder Str. 299;52070;Aachen;;;;
Planegg;116573;LS76937;ja;10.03.2026;Estaline Philander;23273;Gynäkologie am Goetheplatz;Gynäkologie am Goetheplatz;Ringseisstraße 9/Keller;80337;München;;;;
AMW Auersperg;115225;LS76471.;ja;04.03.2026;Rene Kühn;24441;JPT;JPT Peptide Technologies GmbH;Hermann-Dorner-Allee 23;12489;Berlin;;;;
Planegg;116575;LS76940;ja;05.03.2026;Josefine Mättig;26977;Trinkflaschenexpress;Oxentis GmbH;Am Münster 9-11;37154;Northeim;;;;
Planegg;116576;LS76941;ja;10.03.2026;Estaline Philander;21826;Herrmann KFZ Full-Service;Herrmann KFZ Full-Service;Situlistraße 38;80939;München;;;;
VST Plep;116574;LS76942;ja;13.03.2026;Petra Gräf;22395;Kreisverwaltung Mainz-Bingen;Gymnasium Nieder-Olm;Karl-Sieben-Str. 39;55268;Nieder-Olm;;;;
VST Plep;116574;LS76943;ja;13.03.2026;Petra Gräf;22395;Kreisverwaltung Mainz-Bingen;Gymnasium Nieder-Olm;Karl-Sieben-Str. 39;55268;Nieder-Olm;;;;
Planegg;;LS76944;ja;04.03.2026;Rene Kühn;20772;Crystal Water;Crystal Water;Rosenheimer Str. 34;85635;Höhenkirchen;;;;
Emons;116574;LS76943-1;ja;05.03.2026;Petra Gräf;22395;Kreisverwaltung Mainz-Bingen;Gymnasium Nieder-Olm;Karl-Sieben-Str. 39;55268;Nieder-Olm;;;;
VST Schörling;112131;LS74262 MBU;ja;25.03.2026;Rene Kühn;23338;Le Gastro;Deutsche Post AG;Eichendorffstraße 28-30;85609;Aschheim;;;;
AQUATRADE Glinde;116577;LS76947;ja;09.03.2026;Estaline Philander;23022;J-Store;J-Store Hamburg;Wandsbeker Chaussee 33;22089;Hamburg;;;;
AQUATRADE Glinde;116579;LS76949;ja;09.03.2026;Estaline Philander;23022;J-Store;J-Store Hamburg;Wandsbeker Chaussee 101;22089;Hamburg;;;;
Planegg;116581;LS76950;ja;06.03.2026;Max Sanktjohanser;26403;EDG;EDG Entsorgung Dortmund GmbH;Dechenstraße 13;44147;Dortmund;;;;
Planegg;116583;LS76951;ja;05.03.2026;Max Sanktjohanser;26403;EDG;EDG Holding GmbH;Dechenstraße 13;44147;Dortmund;;;;
Planegg;116582;LS76952;ja;05.03.2026;Josefine Mättig;10007;AVA - Dallmayr;Alois Dallmayr Automaten-Service GmbH;Waltgerstraße 51/53;36124;Eichenzell;;;;
aboutwater Frankfurt;116584;LS76953;ja;10.03.2026;Carmen Berger;24722;Primark Frankfurt Wisag Hessen;Primark Store 809;Zeil 94;60313;Frankfurt;;;;
Planegg;116585;LS76954;ja;03.03.2026;Christian Irrgang;20191;Gleisner;Novo Play Casino;Jahnstr. 8;84405;Dorfen;;;;
Planegg;116588;LS76955;ja;10.03.2026;Rene Kühn;24676;Baumgarten Automatenservi;Baumgarten Automatenservice;Gewerbestraße 5;99334;Amt Wachsenburg;;;;
aboutwater Frankfurt;116589;LS76956;ja;05.03.2026;Estaline Philander;25115;GüT Dekanat;GüT Dekanat;Hinter Den Gärten 17;55234;Offenheim;;;;
Planegg;116590;LS76957;ja;13.03.2026;Estaline Philander;20255;rebike 1 GmbH;Rebike Mobility GmbH;Aidenbachstraße 54;81379;München;;;;
aboutwater Bünde;115143;LS76958;ja;05.03.2026;Petra Gräf;26853;AUGUST STORCK KG;AUGUST STORCK KG;Paulinenweg 12;33790;Halle (Westf.);;;;
Gänshirt-Aufmbruch;116591;LS76959;nein;27.03.2026;Carmen Berger;26761;Westdeutscher Rundfunk Köln;Westdeutscher Rundfunk Köln;Freimersdorfer Weg 6;50829;Köln-Bocklemünd;;;;
Planegg;116592;LS76960;ja;05.03.2026;Max Sanktjohanser;27286;Bakaio;REHABILIATION AURACH;Gigglingweg 17 A;6371;Aurach;;;;
Planegg;116593;LS76961;ja;06.03.2026;Florian Gräf;20575;R&F Mayer GmbH;R&F Mayer GmbH;Lorcher Str. 51;73547;Lorch-Waldhausen;;;;
aboutwater Frankfurt;116594;LS76962;ja;24.03.2026;Carmen Berger;27101;Heo;Heo GmbH;West Campus 1;76863;Herxheim;;;;
Planegg;116586;LS76963;ja;17.03.2026;Estaline Philander;25638;Arcteryx München = Amer Sports;ARCTERYX München;Theatinerstraße 36;80333;München;;;;
AMW Auersperg;116598;LS76964;ja;17.03.2026;Andreas Pöppe;23336;Gebeco GmbH & Co. KG;Gebeco GmbH & Co. KG;Holzkoppelweg 19;24118;Kiel;;;;
Planegg;116595;LS76965;ja;05.03.2026;Max Sanktjohanser;21938;Amazon Deutschland W8 Trans.;Amazon Deutschland W8 Transport GmbH;Procter-und-Gamble-Straße 18;53881;Euskirchen;;;;
Planegg;116596;LS76966;ja;05.03.2026;Max Sanktjohanser;21734;Amazon Slovakia;Amazon Fulfillment Slovakia s.r.o.;Amazonska 4753/1;92601;Sered;;;;
Gänshirt-Aufmbruch;116597;LS76967;ja;16.03.2026;Estaline Philander;27107;St. Martinus Moers;Kita St. Martin;An der Sandkull 102;47445;Moers;;;;
Planegg;116599;LS76968;ja;05.03.2026;Max Sanktjohanser;23508;Männerturnverein Dänischenhage;Marco Mumm;Mittelweg 7;24229;Dänischenhagen;;;;
Planegg;116602;LS76970;ja;09.03.2026;Estaline Philander;26523;Deutsche Post Freising;Deutsche Post AG;Am Dörrenhof 9a;85131;Eichstätt - Pollenfeld;;;;
Planegg;116603;LS76971;ja;06.03.2026;Estaline Philander;26523;Deutsche Post Freising;Deutsche Post AG;Hauptstr. 47;85579;Neubiberg;;;;
Planegg;116604;LS76973;ja;05.03.2026;Max Sanktjohanser;27268;Sulzer Management;Grenzpost Konstanz;Fritz-Arnold Strasse 21;78467;Konstanz;;;;
Planegg;116607;LS76975;ja;05.03.2026;Max Sanktjohanser;27323;Hochschule Bochum;Hochschule Bochum;Am Hochschulcampus 1;44801;Bochum;;;;
AQUATRADE Glinde;116605;LS76976;ja;17.03.2026;Estaline Philander;26689;Falck Rettungsdienst Werder;Rettungswache Flensburg West 2;Lilienthalstr. 21;24941;Flensburg;;;;
Planegg;116608;LS76977;ja;05.03.2026;Josefine Mättig;23035;BE WTR SA;Catherine Ferras;57 chemin de chambeaufond;74350;Villy le Bouveret;;;;
Planegg;116610;LS76979;ja;05.03.2026;Max Sanktjohanser;27324;Interface;InterFace AG;Perchtinger Straße 8-10;81379;München;;;;
Planegg;116611;LS76980;ja;06.03.2026;Sönke Rocho;20111;Josef Degenhart IT Consul;Josef Degenhart IT Consulting;Wenzelstr. 3;94481;Grafenau;;;;
aboutwater Frankfurt;116452;LS76981;ja;02.03.2026;Carmen Berger;26699;Getraenke Online Shop;Getraenkeonline;Am Bärnroth 3;97839;Esselbach;;;;
aboutwater Frankfurt;116612;LS76982;ja;09.03.2026;Carmen Berger;26389;Heli Forschungs u. Entwicklung;Heli Forschungs- und Entwicklungszentrum;Grüner Weg 14;61169;Friedberg;;;;
AQUATRADE Glinde;116613;LS76983;ja;16.03.2026;Estaline Philander;24614;RMS Rhein-Main-Verkehrsverbund;Rhein-Main-Verkehrsverbund;Burchardstraße 17;20095;Hamburg;;;;
STK Service;116615;LS76984;ja;17.03.2026;Carmen Berger;25561;EPG Ehrhardt+Partner;Ehrhardt + Partner GmbH & Co. KG;Antonio- Segni Str. 8;44263;Dortmund;;;;
Planegg;116616;LS76986;ja;06.03.2026;Max Sanktjohanser;23540;Amazon E11;Amazon Deutschland E11 Transport GmbH;Am Kamp 2;17034;Neubrandenburg;;;;
Planegg;116617;LS618813;ja;10.03.2026;Estaline Philander;20234;Bühler-Catering;Stadtwerke München HKW Süd;Schäftlarnstraße 15 / Tor 3;81731;München;;;;
AMW Auersperg;116618;LS76987;ja;25.03.2026;Petra Gräf;27325;Humboldt Innovation GmbH;HUMBOLDT-INNOVATION GmbH;Ziegelstraße 30;10117;Berlin;;;;
Planegg;116618;LS76988;ja;06.03.2026;Petra Gräf;27325;Humboldt Innovation GmbH;HUMBOLDT-INNOVATION GmbH;Ziegelstraße 30;10117;Berlin;;;;
Planegg;116619;LS76989;ja;06.03.2026;Christian Irrgang;21258;Coffice;Coffice Betriebsverpflegung KG;Achen 10;83137;Schonstett;;;;
Emons;116619;LS76990;ja;06.03.2026;Christian Irrgang;21258;Coffice;Coffice Betriebsverpflegung KG;Achen 10;83137;Schonstett;;;;
STK Service;116620;LS76991;ja;10.03.2026;Estaline Philander;26135;Stadt Marl (2) Jugendamt;Stadtverwaltung Marl;Liegnitzer Str. 5;45768;Marl;;;;
Planegg;116621;LS76992;ja;26.03.2026;Petra Gräf;23348;GfA A.d.ö.R. Abfallwirtschaft;GfA A.d.ö.R.;Josef-Kistler-Weg 22;82140;Olching;;;;
Planegg;116622;LS76993;ja;10.03.2026;Estaline Philander;22023;Joh. Wilh. von Eicken;Joh. Wilh. von Eicken GmbH;Drechslerstr. 1-3;23556;Lübeck;;;;
Planegg;116621;LS76994;ja;06.03.2026;Petra Gräf;23348;GfA A.d.ö.R. Abfallwirtschaft;GfA A.d.ö.R.;Josef-Kistler-Weg 22;82140;Olching;;;;
Planegg;116624;LS76995;ja;06.03.2026;Josefine Mättig;27326;Werbeagentur Grafikpartner;Werbeagentur Grafikpartner Sterlinger;Tarmannstraße 158;8591;Maria Lankowitz;;;;
VST Schörling;;LS76996;ja;11.03.2026;Petra Gräf;26629;SKD SE;SKD SE;Otto-Hahn-Straße 7;82216;Maisach;;;;
Planegg;;LS76997;ja;06.03.2026;Florian Gräf;20191;Gleisner;Gleisner GmbH & Co.KG;Pegnitzstr. 13;91207;Lauf an der Pegnitz;;;;
Planegg;116623;LS76998;ja;06.03.2026;Christian Irrgang;25931;SOCCORO XLVI Austria;XLVI Austria GmbH;Davisstrasse 9 / 3.OG;5400;Hallein;;;;
aboutwater Frankfurt;116627;LS77000;ja;06.03.2026;Estaline Philander;25005;Event Geist GmbH;Event Geist GmbH;Frankfurter Straße 70-72;65760;Eschborn;;;;
Planegg;116630;LS77002;ja;05.03.2026;Rene Kühn;20772;Crystal Water;Crystal Water;Rosenheimer Str. 34;85635;Höhenkirchen;;;;
Planegg;116563;LS77003;ja;16.03.2026;Florian Gräf;24718;Auto Kölbl GmbH;Auto Kölbl GmbH;Michael-Kölbl-Str. 1 - 3;85716;Unterschleißheim;;;;
STK Service;116631;LS77004;ja;10.03.2026;Estaline Philander;22500;SV Fortuna 26 e.V. Seppenrade;SV Fortuna 26 e.V. Seppenrade;Reckelsumer Str. 38;59348;Lüdinghausen;;;;
POSPRINT;116362;LS77005;nein;10.04.2026;Josefine Mättig;25487;Hofer KG Österreich;;Zweigniederlassung Weißenbach;Am Drautalkreis 1;9722;Weißenbach;;;;
STK Service;116632;LS77006;ja;16.03.2026;Estaline Philander;21955;Junghans Wollversand;Junghans Wollversand GmbH & Co.KG;Auf der Hüls 205;52068;Aachen;;;;
Gänshirt-Aufmbruch;116633;LS77007;ja;06.03.2026;Carmen Berger;27002;Johanniter-Haus Köln-Zollstock;Johanniter-Haus Köln-Zollstock;Sibille-Hartmann-Straße 1;50969;Köln;;;;
Gleisner;116634;LS77008;ja;12.03.2026;Andreas Pöppe;27086;Die Autobahn Nordbayern;Die Autobahn GmbH des Bundes - NL Nordbayern;An der Autobahn 6;91171;Greding;;;;
Planegg;116635;LS77009;ja;06.03.2026;Josefine Mättig;27328;Lattmann Werbemittel GmbH;Lattmann Werbemittel GmbH;Willhoop 3;22453;Hamburg;;;;
Planegg;;LS77010;ja;10.03.2026;Petra Gräf;26754;Münchner Wohnen Service GmbH;Münchner Wohnen GmbH;Heimeranstr. 31;80933;München;;;;
Planegg;49778;Ablöse CS-000812;ja;06.03.2026;Petra Gräf;24111;SCHELFWERK;SCHELFWERK Gesellschaft für mediale Kommunika;Ziegenmarkt 10;19055;Schwerin;;;;
Planegg;116475;LS77012;ja;09.03.2026;Max Sanktjohanser;27311;TSI;t-s-i.de Misch- und Dosiertechnik GmbH;Georg-Fleischer-Straße 6;66914;Waldmohr;;;;
Planegg;116639;LS77014;ja;06.03.2026;Christian Irrgang;23908;Ewadi Schandl LHI Camp.Pullach;EWADI GmbH;Emil-Riedl-Weg 6;82049;Pullach;;;;
Emons;116637;LS77015;ja;09.03.2026;Florian Gräf;21524;Rupert Auer;kbo-Inn-Salzach-Klinikum gGmbH;Gabersee 7;83512;Wasserburg am Inn;;;;
Planegg;116637;LS77016;ja;06.03.2026;Florian Gräf;21524;Rupert Auer;kbo-Inn-Salzach-Klinikum gGmbH;Gabersee 7;83512;Wasserburg am Inn;;;;
Planegg;116640;LS77017;ja;13.03.2026;Sönke Rocho;20359;TSCNET Services GmbH;TSCNET Services GmbH;Weihenstephaner Str. 9;81673;München;;;;
POSPRINT;116501;LS77018;nein;06.04.2026;Max Sanktjohanser;27258;Johanniter München;Johanniter-Unfall-Hilfe e.V.;Pfarrer-Neumair-Str. 2;83512;Wasserburg am Inn;;;;
Planegg;116641;LS77019;ja;10.03.2026;Estaline Philander;62504;dm 2504 Schondorf;dm Filiale 2504;Aumühle 2;86938;Schondorf am Ammersee;;;;
Planegg;116642;LS77020;ja;10.03.2026;Sönke Rocho;26754;Münchner Wohnen Service GmbH;Münchner Wohnen Service GmbH;Bad Schachener Straße 56;81671;München;;;;
Planegg;116644;LS77021;ja;06.03.2026;Florian Gräf;20575;R&F Mayer GmbH;R&F Mayer GmbH;Lorcher Str. 51;73547;Lorch-Waldhausen;;;;
Planegg;116643;LS77022;ja;10.03.2026;Estaline Philander;22246;Agentur für Arbeit München;Agentur für Arbeit München;Kapuzinerstr. 26;80337;München;;;;
Planegg;116645;LS77023;ja;10.03.2026;Estaline Philander;26754;Münchner Wohnen Service GmbH;Münchner Wohnen GmbH;Heimeranstr. 31;80933;München;;;;
STK Service;116646;LS77024;ja;12.03.2026;Estaline Philander;23040;Alfagomma;Alfagomma Germany GmbH;Friedrich der Große 10;44628;Herne;;;;
Planegg;116647;LS77025;ja;06.03.2026;Josefine Mättig;24280;Hyundai Motor Manufacturing;Hyundai Motor Manufacturing Czech s.r.o.;Prumyslova zona Nosovice / Hyundai 700/1;739 51;Nizni Lhoty;;;;
Planegg;116650;LS77026;ja;09.03.2026;Rene Kühn;27333;Melanie Gau;Melanie Gau;Rungeweg 14;84489;Burghausen;;;;
Planegg;116648;LS77027;ja;10.03.2026;Rene Kühn;27331;Swisspower Renewables Gmb;Swisspower Renewables GmbH;Markgrafenstr. 22, DE297136954;10117;Berlin;;;;
Planegg;116649;LS77028;ja;10.03.2026;Rene Kühn;27332;Josef Schmitt Werkzeug Gm;Josef Schmitt Werkzeug GmbH;Weinbrennerstraße 4;68753;Waghäusel;;;;
Planegg;116652;LS77029;ja;11.03.2026;Rene Kühn;21141;Rene Kühn;René Kühn;Nanette-Bald-Str. 35;81245;München;;;;
AMW Auersperg;116653;LS77030;nein;09.03.2026;Rene Kühn;22067;Hach Lange GmbH;Hach Lange GmbH;Königsweg 10;14163;Berlin;;;;
Planegg;;LS77031;ja;13.03.2026;Petra Gräf;21493;Autodesk;Autodesk GmbH;Balanstr. 71 a;81541;München;;;;
Schöttle - Haiterbach;116656;LS77032;ja;12.03.2026;Estaline Philander;22285;Night Star;Night Star Express Honold GmbH;Siemensstraße 32;71254;Dietzingen;;;;
Planegg;116655;LS77033;ja;09.03.2026;Max Sanktjohanser;27330;IB Scholz;IB SCHOLZ GmbH & Co. KG;Galgenbergstraße 15;93053;Regensburg;;;;
Planegg;116657;LS77034;ja;11.03.2026;Florian Gräf;20299;GWA;GWA GmbH;Hohendodeleber Str. 8;39110;Magdeburg;;;;
Gleisner;116658;LS77035;ja;10.03.2026;Carmen Berger;26140;AWO Schweinfurt;AWO Schweinfurt e.V.;Hermann- Barthel Str. 17;97424;Schweinfurt;;;;
Planegg;116659;LS77036;ja;09.03.2026;Josefine Mättig;10009;Propie-Aqua vorm.Support Wolf;LLOYD Großverbraucherservice;Speckenbeker Weg 126A;24113;Kiel;;;;
Planegg;116659;LS77037;ja;09.03.2026;Josefine Mättig;10009;Propie-Aqua vorm.Support Wolf;Propie-Aqua GmbH;Ziegelei-Töpker-Straße 6;33154;Salzkotten;;;;
Planegg;116660;LS77038;ja;18.03.2026;Estaline Philander;24848;Grill;Naturheilpraxis Florian Grill;Tisinstraße 56a;82041;Deisenhofen / Oberhaching;;;;
AMW Auersperg;116661;LS77040;ja;13.03.2026;Estaline Philander;25254;Oberlinklinik;Oberlinklinik gGmbH;Rudolf-Breitscheid-Str. 24;14482;Potsdam;;;;
AMW Auersperg;116665;LS77041;ja;13.03.2026;Andreas Pöppe;25254;Oberlinklinik;Oberlinklinik gGmbH;Rudolf-Breitscheid-Str. 24;14482;Potsdam;;;;
AMW Auersperg;116666;LS77042;ja;13.03.2026;Andreas Pöppe;22067;Hach Lange GmbH;Hach Lange GmbH;Königsweg 10;14163;Berlin;;;;
VST Schörling;116668;LS77043;ja;09.03.2026;Petra Gräf;26629;SKD SE;SKD SE;Otto-Hahn-Straße 7;82216;Maisach;;;;
aboutwater Frankfurt;116669;LS77045;ja;13.03.2026;Carmen Berger;26578;Voltaris;VOLTARIS GmbH;Voltastraße 3;67133;Maxdorf;;;;
Planegg;46686;Ablöse WE8;ja;09.03.2026;Petra Gräf;20749;Anouk Collection;Anouk Collection;Münchner Straße 8;83067;Holzkirchen;;;;
AMW Auersperg;112225;LS74356.;ja;05.03.2026;Rene Kühn;22067;Hach Lange GmbH;Hach Lange GmbH;Königsweg 10;14163;Berlin;;;;
AQUATRADE Bram;116662;LS77048;ja;09.03.2026;Estaline Philander;26589;Norbulb;Norbulb Sprinkler Elemente GmbH;Robert-Koch-Straße 25a;22851;Norderstedt;;;;
Planegg;;LS77049;ja;04.03.2026;Rene Kühn;20772;Crystal Water;Crystal Water;Rosenheimer Str. 34;85635;Höhenkirchen;;;;
Planegg;116667;LS77050;ja;09.03.2026;Max Sanktjohanser;24138;TRUE Coffee di Fina;TRUE GmbH;Weyerhofstraße 68;47803;Krefeld;;;;
aboutwater Frankfurt;;LS77051;ja;09.03.2026;Carmen Berger;26944;EPOWIT Bautechnik GmbH;EPOWIT Bautechnik GmbH;Bürgermeister-Ebert-Str. 17;36124;Eichenzell;;;;
Planegg;116672;LS77052;ja;23.03.2026;Estaline Philander;22343;Incap vormals Lacon;Incap Electronics Germany GmbH;Hertzstr. 2;85757;Karlsfeld;;;;
STK Service;116673;LS77053;ja;18.03.2026;Estaline Philander;23135;Kaffee Express Rhein Ruhr;Kaffee Express Rhein Ruhr;Weg am Kötterberg 15;44807;Bochum;;;;
STK Service;116677;LS77054;ja;13.03.2026;Estaline Philander;23686;Falck Duisburg Hattingen Köln;(RW4) Falck Notfallrettung und;Dr. Wilhelm-Roelen-Str. 200;47179;Duisburg;;;;
Planegg;;LS77055;nein;01.04.2026;Florian Gräf;20191;Gleisner;Gleisner GmbH & Co.KG;Pegnitzstr. 13;91207;Lauf an der Pegnitz;;;;
STK Service;116674;LS77056;ja;13.03.2026;Estaline Philander;23686;Falck Duisburg Hattingen Köln;(RW3) Falck Notfallrettung und;Duisburger Straße 145;47166;Duisburg;;;;
Planegg;116678;LS77059;ja;12.03.2026;Estaline Philander;25521;Riek Steuerberatung;Riek Steuerberatung GmbH & Co.KG;Lipowskystraße 10;81373;München;;;;
Planegg;116676;LS77060-1;ja;10.04.2026;Petra Gräf;22796;Käfer Service GmbH;Käfer Service GmbH;Am Messesee 4 / Einfahrt Tor 1;81829;München;;;;
Planegg;116676;LS77060-2;ja;13.04.2026;Petra Gräf;22796;Käfer Service GmbH;Käfer Service GmbH;Am Messesee 4 / Einfahrt Tor 1;81829;München;;;;
Planegg;116680;LS77062;ja;15.03.2026;Florian Gräf;20708;Kyffhäuser Waterworld;Kyffhäuser Waterworld;Brauereistraße 4;06556;Artern;;;;
Planegg;116681;LS77064;ja;09.03.2026;Max Sanktjohanser;27335;Paul;PAUL Maschinenfabrik GmbH & Co. KG;Max-Paul Straße 1;88525;Dürmentingen;;;;
Planegg;116679;LS77066;ja;09.03.2026;Florian Gräf;22156;Aquatrade;AQUATRADE GmbH;Blockdammweg 39-58;10318;Berlin;;;;
Planegg;116682;LS77067;ja;09.03.2026;Max Sanktjohanser;25569;AVANTGARDE S.R.L.;AVANTGARDE S.R.L.;Via Mazzini 7;24021;Albino;;;;
Planegg;;LS77069;ja;09.03.2026;Petra Gräf;20998;Gräf Petra;Petra Gräf;Wolkerweg 13;81375;München;;;;
Planegg;116683;LS77070;ja;11.03.2026;Estaline Philander;26935;Metzgerei Palmberger GmbH & Co;Palmberger GmbH & Co KG;In der Schmucken 12;83022;Rosenheim;;;;
Planegg;116685;LS77071;ja;09.03.2026;Max Sanktjohanser;22888;POSPRINT Bedruckungen;POSPRINT Bedruckungen;Carl-Benz-Straße 12;78564;Wehingen;;;;
Planegg;116686;LS77072;ja;20.03.2026;Petra Gräf;24376;Schenker Deutschland AG;DSV Solutions GmbH;Freisinger Str. 15-19;85386;Eching;;;;
Planegg;116690;LS77073;ja;09.03.2026;Florian Gräf;20829;Fritz Steinhaus GmbH & Co;Fritz Steinhaus GmbH & Co. KG;Im Heidkamp 17;33334;Gütersloh;;;;
aboutwater Bünde;116689;LS77074;ja;09.03.2026;Petra Gräf;26853;AUGUST STORCK KG;AUGUST STORCK KG;Paulinenweg 12;33790;Halle (Westf.);;;;
AQUATRADE Glinde;116691;LS77075;ja;17.03.2026;Estaline Philander;23577;Dataport 1;Dataport - Anstalt des öffentl. Rechts;Konrad-Zuse-Ring 1;24220;Flintbek;;;;
aboutwater Frankfurt;116693;LS77076;ja;09.03.2026;Carmen Berger;22689;Plep;VST - Plep;Rheinstraße 40;55435;Gau Algesheim;;;;
Planegg;116654;LS77077;ja;24.03.2026;Petra Gräf;21493;Autodesk;Autodesk GmbH;Balanstr. 71 a;81541;München;;;;
AQUATRADE Bram;116694;LS77078;ja;17.03.2026;Florian Gräf;21204;MB Well Service;MB Well Services GmbH;Ostfriesenstraße 100;26388;Wilhelmshaven;;;;
Planegg;116692;LS77079;ja;12.03.2026;Estaline Philander;25773;Furtmayr Elektroanlagen;FURTMAYR Elektroanlagen GmbH;Lochhamer Schlag 5;82166;Gräfelfing;;;;
Planegg;116696;LS77080;ja;09.03.2026;Florian Gräf;22246;Agentur für Arbeit München;Agentur für Arbeit München;Kapuzinerstr. 26;80337;München;;;;
Planegg;116695;LS77081;ja;17.03.2026;Estaline Philander;25967;Wasserverband Eifel-Rur;Wasserverband Eifel-Rur;Mühlenweg 10;52382;Niederzier;;;;
Planegg;116697;LS77082;ja;11.03.2026;Estaline Philander;21819;Andreas Graf;Andreas Graf;Schlossbezirk 9;03222;Lübbenau;;;;
natürlich H2O;116698;LS77083;ja;10.03.2026;Estaline Philander;25882;myStorage GmbH;myStorage GmbH;Straße-22 Nr. 14;13509;Berlin;;;;
Planegg;116699;LS77084;ja;10.03.2026;Estaline Philander;23443;Kinderwunschzentrum A.R.T. Bog;Kinderwunschzentrum A.R.T. Bogenhausen;Prinzregentenstraße 69;81675;München;;;;
GWA;116700;LS77085;ja;12.03.2026;Estaline Philander;26238;CSS Europe;Umspannwerk Stendal West;Am Umspannwerk;39576;Stendal;;;;
Emons;116701;LS77086;ja;09.03.2026;Christian Irrgang;10160;AVALESS;AVALESS GmbH;Neufeld 10;85232;Bergkirchen OT Günding;;;;
Planegg;116600;LS77087;ja;18.03.2026;Christian Irrgang;20729;CJM Der Wassermann UG -ha;CJM Der Wassermann GmbH;Gronenfelder Weg 33;15234;Frankfurt;;;;
Emons;116600;LS77088;ja;17.03.2026;Christian Irrgang;20729;CJM Der Wassermann UG -ha;CJM Der Wassermann GmbH;Grubenstr. 5;15234;Frankfurt;;;;
GWA;;GWA-LS 04521;ja;06.03.2026;Rene Kühn;26342;Falck Ziesar;Falck Rettungsdienst Nord GmbH;Am Seehagen 1;14793;Ziesar;;;;
aboutwater Frankfurt;116703;LS77090;ja;10.03.2026;Carmen Berger;26737;Alfred-Delp-Schule;Kreis-Bergstrasse;Carl-Leppert-Straße 5;68623;Lampertheim;;;;
Planegg;116704;LS77091;ja;11.03.2026;Rene Kühn;27336;solarpower project-invest;solarpower project-invest GmbH;Gutenstetter Str. 8a;90449;Nürnberg;;;;
Planegg;116705;LS77093;ja;16.03.2026;Rene Kühn;27337;Bertelsmann SE & Co. KGaA;Bertelsmann SE & Co. KGaA;Carl-Bertelsmann-Straße 270;33335;Gütersloh;;;;
Planegg;116706;LS77094;ja;11.03.2026;Rene Kühn;25292;Patrick Pröhl;Patrick Pröhl;Grupellostraße 17;40210;Düsseldorf;;;;
Planegg;116708;LS77095;ja;10.03.2026;Max Sanktjohanser;21710;Amazon Austria;Amazon Transport Austria GmbH;Perfektastraße 71;1230;Wien;;;;
aboutwater Frankfurt;116709;LS77096;ja;10.03.2026;Carmen Berger;22841;K&L Gates Berlin;K&L Gates LLP;Bockenheimer Landstraße 2-4;60306;Frankfurt am Main;;;;
Ewatec;116707;LS77097;nein;10.03.2026;Estaline Philander;25882;myStorage GmbH;myStorage GmbH;Von-Liebig-Str. 4;89231;Neu-Ulm;;;;
Planegg;116710;LS77098;ja;24.03.2026;Estaline Philander;25902;MMA Erding;MMA Erding;Moosweg 10;85435;Erding;;;;
natürlich H2O;116711;LS77099;ja;18.03.2026;Estaline Philander;25245;Cornelia Bellach;Cornelia Bellach;Romain-Rolland- Str. 94;13089;Berlin;;;;
Planegg;116712;LS77100;ja;13.03.2026;Florian Gräf;20708;Kyffhäuser Waterworld;Kyffhäuser Waterworld;Brauereistraße 4;06556;Artern;;;;
VST Schörling;;LS77101;ja;16.03.2026;Carmen Berger;20148;KPIT Technologies GmbH;KPIT Technologies GmbH;Frankfurter Ring 105b;80807;München;;;;
Planegg;116715;LS77102;ja;10.03.2026;Max Sanktjohanser;21954;Bayerische Milchindustrie eG;Bayerische Milchindustrie eG;Rehainerstraße 5;06917;Jessen;;;;
aboutwater Bünde;112914;LS77103;ja;19.03.2026;Petra Gräf;25552;Stadt Lengerich;Hannah-Arendt-Gymnasium;Hannah-Arendt-Straße 2;49525;Lengerich;;;;
Emons;112914;LS77103-1;ja;10.03.2026;Petra Gräf;25552;Stadt Lengerich;Hannah-Arendt-Gymnasium;Hannah-Arendt-Straße 2;49525;Lengerich;;;;
Planegg;116716;LS77105;ja;10.03.2026;Christian Irrgang;25925;WTA Ingenieurbüro GmbH;WTA Ingenieurbüro GmbH;Egelsee 7;78355;Hohenfels;;;;
STK Service;116713;LS77106;ja;23.03.2026;Estaline Philander;26915;Vorwerk Autotec GmbH & Co. KG;Vorwerk Autotec GmbH & Co. KG;Obere Lichtenplatzer Straße 336;42287;Wuppertal;;;;
Planegg;116717;LS77108;ja;10.03.2026;Christian Irrgang;21134;Automaten Reinhardt - Nürnberg;Automaten Reinhardt;Schönseer Straße 2;90482;Nürnberg;;;;
Planegg;116718;LS77109;ja;11.03.2026;Florian Gräf;20191;Gleisner;Gleisner GmbH & Co.KG;Pegnitzstr. 13;91207;Lauf an der Pegnitz;;;;
VST Schörling;116719;LS77110;ja;10.03.2026;Carmen Berger;22000;Heine Optotechnik;HEINE Optotechnik GmbH & Co. KG;Dornierstraße 6;82205;Gilching;;;;
VST Schörling;;LS77111;ja;10.03.2026;Carmen Berger;22000;Heine Optotechnik;HEINE Optotechnik GmbH & Co. KG;Dornierstraße 6;82205;Gilching;;;;
aboutwater Frankfurt;116722;LS77112;ja;18.03.2026;Carmen Berger;27002;Johanniter-Haus Köln-Zollstock;Johanniter-Haus Köln-Zollstock;Sibille-Hartmann-Straße 1 Wohngruppe 1;50969;Köln;;;;
Neumann;116723;LS77113;ja;10.03.2026;Christian Irrgang;20587;Getränke-Service Neumann;Getränke-Service Neumann;Weinstr. 2b;79219;Staufen;;;;
Planegg;116721;LS77114;ja;11.03.2026;Max Sanktjohanser;27289;Red Bull;Red Bull MOBILE;Am Grünen Prater 3;1020;Wien;;;;
Planegg;116724;LS77115;ja;11.03.2026;Florian Gräf;20708;Kyffhäuser Waterworld;Kyffhäuser Waterworld;Brauereistraße 4;06556;Artern;;;;
Planegg;116641;LS77116;ja;18.03.2026;Estaline Philander;62504;dm 2504 Schondorf;dm Filiale 2504;Aumühle 2;86938;Schondorf am Ammersee;;;;
Planegg;116725;LS77117;ja;10.03.2026;Josefine Mättig;23160;Esmeyer GmbH & Co. KG;Esmeyer GmbH & Co. KG;Bessemer Strasse 3-5;40699;Erkrath;;;;
aboutwater Frankfurt;;LS77119;ja;10.03.2026;Carmen Berger;25502;Winthrop Technologies;Winthrop Technologies GmbH;Assar-Gabrielsson-Strasse 18;63128;Frankfurt-Dietzenbach;;;;
Planegg;116727;LS77120;ja;11.03.2026;Florian Gräf;20708;Kyffhäuser Waterworld;Kyffhäuser Waterworld;Brauereistraße 4;06556;Artern;;;;
Planegg;116729;LS77122;ja;11.03.2026;Josefine Mättig;25168;Salzburger Saalachtal Tourismu;Salzburger Saalachtal Tourismus;Lofer 310;5090;Lofer;;;;
Planegg;116728;LS77123;ja;11.03.2026;Max Sanktjohanser;26733;IETEC;IETEC GmbH & Co KG;Am Frankengrund 3;36093;Künzell;;;;
Planegg;116731;LS77124;ja;17.03.2026;Estaline Philander;24561;EcoG GmbH;EcoG GmbH;Bognerhofweg 6;81825;München;;;;
Planegg;116732;LS77125;ja;17.03.2026;Estaline Philander;24561;EcoG GmbH;EcoG GmbH;Truderinger Straße 283;81825;München;;;;
STK Service;116733;LS77126;ja;19.03.2026;Estaline Philander;23274;Schwerpunktpraxis Einsfelder;Schwerpunktpraxis für Manuelle Lymphdrainage;Georgstraße 32;49809;Lingen;;;;
Planegg;116734;LS77127;ja;12.03.2026;Max Sanktjohanser;27174;Hospital Fritzlar;Hospital zum Heiligen Geist Fritzlar;Am Hospital 6;34560;Fritzlar;;;;
Planegg;;LS77128;ja;16.03.2026;Petra Gräf;22796;Käfer Service GmbH;Käfer Service GmbH;Am Messesee 4 / Einfahrt Tor 1;81829;München;;;;
Berlin Wein König;116737;LS77129;ja;10.03.2026;Estaline Philander;26451;Naree Jeerapaporn Bastian;Jeerapaporn Bastian;Elslebener Straße 13;10789;Berlin;;;;
POSPRINT;116363;LS77130;nein;07.04.2026;Josefine Mättig;25816;ALDI Suisse AG Perlen;Zweigniederlassung Perlen;Aldi-Suisse-Straße 2;6035;Perlen;;;;
Planegg;116738;LS77131;ja;12.03.2026;Estaline Philander;24226;Kirinus (1) Sendlinger Tor;KIRINUS Praxis GmbH;Sendlinger Tor Platz 7;80336;München;;;;
natürlich H2O;116741;LS77132;ja;18.03.2026;Petra Gräf;27339;BellaBrasil Waxingstudio;BellaBrasil Waxingstudio;Dunckerstraße 3;10437;Berlin;;;;
Planegg;116740;LS77133;ja;10.03.2026;Josefine Mättig;20248;WasserfilterZentrum Ladenkiste;Ladenkiste UG (haftungsbeschränkt);Von-Ossietzky-Straße 32;07552;Gera;;;;
Planegg;116742;LS77134;ja;13.03.2026;Max Sanktjohanser;27340;Ruderverein Rauxel;Stefanie Denkert;Falkenstr. 28;44577;Castrop-Rauxel;;;;
Emons;116543;LS77135;ja;16.03.2026;Florian Gräf;22027;Ho-tec;HO-TEC GmbH & Co. KG;Im Holderwäldele 8;76571;Gaggenau;;;;
Planegg;116743;LS77136;ja;03.03.2026;Christian Irrgang;20191;Gleisner;Gleisner GmbH & Co.KG;Pegnitzstr. 13;91207;Lauf an der Pegnitz;;;;
Gänshirt-Aufmbruch;116744;LS77137;ja;12.03.2026;Andreas Pöppe;23338;Le Gastro;Deutsche Post AG;Kaubendenstr. 11;52078;Aachen;;;;
Emons;116745;LS77139;ja;10.03.2026;Max Sanktjohanser;25361;Amazon Grossenkneten;FBL Spedition GmbH;Vechtaer Str. 35;26197;Ahlhorn;;;;
Planegg;116746;LS77140;ja;11.03.2026;Estaline Philander;20123;Ingenieurbüro Zellerer Gm;Ingenieurbüro Zellerer GmbH;Kanalstraße 15;80538;München;;;;
Planegg;116747;LS77141;ja;16.03.2026;Rene Kühn;23871;Bayern Tourismus Marketin;Bayern Tourismus Marketing GmbH;Arabellastr. 17;81925;München;;;;
Planegg;116748;LS77143;ja;16.03.2026;Rene Kühn;27341;Miettex Service Meeß GmbH;Miettex Service Meeß GmbH;Siegburger Straße, 35;53757;Sankt Augustin;;;;
aboutwater Frankfurt;116749;LS77144;ja;23.03.2026;Carmen Berger;26603;DEURAG Deutsche Rechtsschutz-V;DEURAG Deutsche Rechtsschutz-Versicherung AG;Abraham-Lincoln-Str. 3;65189;Wiesbaden;;;;
Planegg;116750;LS77145;ja;17.03.2026;Carmen Berger;26886;Blue Tree Group GmbH;Blue Tree Group GmbH;Emil Riedel Str. 2;80538;München;;;;
Planegg;116751;LS77146;ja;11.03.2026;Josefine Mättig;26977;Trinkflaschenexpress;Oxentis GmbH;Am Münster 9-11;37154;Northeim;;;;
Planegg;;LS77147;ja;27.03.2026;Petra Gräf;27261;Hausarztpraxis Penzberg;Hausarztpraxis Penzberg Christoph Kempf;Karlstr. 28;82377;Penzberg;;;;
Planegg;116752;LS77148;ja;11.03.2026;Max Sanktjohanser;21710;Amazon Austria;Amazon Transport Austria GmbH;Perfektastraße 71;1230;Wien;;;;
VST Plep;116755;LS77149;ja;13.03.2026;Andreas Pöppe;23956;Globus Logistik;GLOBUS Logistik GmbH & Co. KG;Globusallee;55411;Bingen;;;;
Planegg;116756;LS77150;ja;11.03.2026;Rene Kühn;27342;Emanuel Schröder;Emanuel Schröder;Flachsröststraße 74a;90475;Nürnberg;;;;
Planegg;116754;LS77151;ja;25.03.2026;Estaline Philander;24071;MVZ Pfaffenhofen;MVZ Pfaffenhofen;Hohenwarterstrasse 31;85276;Pfaffenhofen;;;;
Planegg;116757;LS77152;ja;18.03.2026;Petra Gräf;27343;Münchner Wohnen (2) GmbH;Münchner Wohnen GmbH;Theresienhöhe 12;80339;München;;;;
Planegg;116759;LS77153;ja;11.03.2026;Josefine Mättig;20234;Bühler-Catering;Leicht + Müller Stanztechnik GmbH+Co.KG;Daimlerstr. 14;75196;Remchingen;;;;
Gänshirt-Aufmbruch;116758;LS77154;ja;16.03.2026;Carmen Berger;24911;Rewe-Digital;Rewe-Digital GmbH;Schanzenstraße 6 - 20;51063;Köln;;;;
Planegg;116760;LS77155;ja;17.03.2026;Estaline Philander;27021;Poster-Galerie-München GmbH &;Poster-Galerie-München GmbH & Co. KG;Sendlinger Str. 26;80331;München;;;;
Magnum Kuhnhenne;116327;LS77156;ja;16.03.2026;Carmen Berger;24125;Klebl;Klebl GmbH Gönnern;Industriestraße 19;35719;Angelburg-Gönnern;;;;
Planegg;116761;LS77157;ja;11.03.2026;Estaline Philander;23450;Traut Bürokommunikation;TRAUT Bürokommunikation GmbH & Co. KG;Boschstr. 10;82178;Puchheim;;;;
aboutwater Frankfurt;116726;LS77158;ja;11.03.2026;Carmen Berger;25502;Winthrop Technologies;Winthrop Technologies GmbH;Assar-Gabrielsson-Strasse 18;63128;Frankfurt-Dietzenbach;;;;
aboutwater Frankfurt;116762;LS77159;ja;11.03.2026;Carmen Berger;24614;RMS Rhein-Main-Verkehrsverbund;Rhein-Main-Verkehrsverbund;Am Hauptbahnhof 6;60329;Frankfurt;;;;
aboutwater Frankfurt;116763;LS77160;ja;11.03.2026;Carmen Berger;24614;RMS Rhein-Main-Verkehrsverbund;Rhein-Main-Verkehrsverbund;Poststraße 2-4;60329;Frankfurt;;;;
Planegg;116764;LS77161;ja;12.03.2026;Estaline Philander;24626;Dautermann Ingenieure GmbH;Dautermann Ingenieure GmbH;Behringstr. 11 A;82152;Planegg;;;;
Planegg;116765;LS77162;ja;11.03.2026;Josefine Mättig;20729;CJM Der Wassermann UG -ha;CJM Der Wassermann GmbH;Grubenstr. 5;15234;Frankfurt;;;;
Planegg;116767;LS77163;ja;11.03.2026;Petra Gräf;20117;aboutwater GmbH;aboutwater GmbH;Robert-Koch-Str. 2;82152;Planegg;;;;
Planegg;116768;LS77164;ja;11.03.2026;Petra Gräf;20117;aboutwater GmbH;aboutwater GmbH;Robert-Koch-Str. 2;82152;Planegg;;;;
AMW Auersperg;116766;LS77165;ja;12.03.2026;Estaline Philander;22105;Rieck Fulfillment;Rieck Fulfillment Solutions GmbH & Co. KG;Alexander-Meißner-Straße 84 - 88;12526;Berlin;;;;
Planegg;116769;LS77166;ja;11.03.2026;Josefine Mättig;26977;Trinkflaschenexpress;Bottle-Print Vertriebs GmbH;Auf den Steinen 2,;37191;Katlenburg Lindau;;;;
Emons;116769;LS77167;ja;11.03.2026;Josefine Mättig;26977;Trinkflaschenexpress;Bottle-Print Vertriebs GmbH;Auf den Steinen 2,;37191;Katlenburg Lindau;;;;
Planegg;116771;LS77168;ja;19.03.2026;Estaline Philander;61424;dm 1424 Mering;dm Filiale 1424;Gaußring 7;86415;Mering;;;;
aboutwater Bünde;116773;LS77169;ja;12.03.2026;Andreas Pöppe;26902;Kreis Paderborn;Kreis Paderborn;Aldegreverstr. 10 - 14;33102;Paderborn;;;;
STK Service;116772;LS77170;ja;19.03.2026;Estaline Philander;23275;Pro Idee (Junghans);Pro Idee Management GmbH & Co.KG;Neue Straße 19;52382;Niederzier;;;;
Planegg;116774;LS77171;ja;13.03.2026;Estaline Philander;20849;TTI, Inc.;TTI, Inc.;Junkerstraße 1;82178;Puchheim;;;;
Planegg;116775;LS77172;ja;11.03.2026;Josefine Mättig;27002;Johanniter-Haus Köln-Zollstock;Johanniter-Haus Köln-Zollstock;Sibille-Hartmann-Straße 1;50969;Köln;;;;
natürlich H2O;116778;LS77174;ja;11.03.2026;Florian Gräf;21747;natürlich H2O / Kwasniok;natürlich H2O / Hansequelle Berlin;Veltener Straße 37f;16515;Oranienburg;;;;
Planegg;116776;LS77175;ja;16.03.2026;Estaline Philander;25303;Bavarian International School;Bavarian International School gAG;Hauptstraße 1;85778;Haimhausen;;;;
Planegg;116780;LS77176;ja;13.03.2026;Estaline Philander;22186;Pension Sewald;Pension Sewald;Valentinstr. 4;82335;Berg - Allmannshausen;;;;
Schöttle - Haiterbach;116779;LS77177;ja;11.03.2026;Estaline Philander;24223;ELEKTRA Tailfingen;ELEKTRA Tailfingen Schaltgeräte GmbH & Co. KG;Brunnenstraße 48;72461;Albstadt;;;;
Emons;;LS77179;ja;11.03.2026;Christian Irrgang;20729;CJM Der Wassermann UG -ha;CJM Der Wassermann GmbH;Grubenstr. 5;15234;Frankfurt;;;;
AQUATRADE Glinde;116783;LS77180;ja;17.03.2026;Petra Gräf;24898;Anschütz;Anschütz GmbH;Zeyestr. 16-24;24106;Kiel;;;;
aboutwater Bünde;115177;LS76423 Inst.;ja;10.03.2026;Petra Gräf;26853;AUGUST STORCK KG;AUGUST STORCK KG;Paulinenweg 12;33790;Halle (Westf.);;;;
AQUATRADE Bram;116464;LS76831.;ja;09.03.2026;Rene Kühn;26909;WG-Langenfelde GbR;WG- Wohngemeinschaft Langenfelde GbR;Försterweg 52;22525;Hamburg;;;;
aboutwater Frankfurt;116785;LS77183;ja;12.03.2026;Carmen Berger;26545;Nextbike;Nextbike GmbH;Viehhofstr. 6-20;68165;Mannheim;;;;
STK Service;116786;LS77184;ja;16.03.2026;Estaline Philander;27170;Freihoff Sicherheitsservice;Freihoff Sicherheitsservice GmbH;Ernst-Tellering-Str. 24a;40764;Langenfeld;;;;
Planegg;116787;LS77186;ja;19.03.2026;Estaline Philander;26095;IKEA (2) City Project Pasing;IKEA City Project South GmbH;Pasinger Bahnhofsplatz 5 / Pasing Arcaden UG;81241;München;;;;
natürlich H2O;116788;LS77188;ja;23.03.2026;Carmen Berger;25004;Zentrum für Pränataldiagnostik;Zentrum für Pränataldiagnostik und;Kurfürstendamm 199 / 2.OG;10719;Berlin;;;;
Emons;116791;LS77189;ja;12.03.2026;Florian Gräf;23986;Mengwein JHM;Dr. von Strachwitz- Dr. Bremer- Dr. Korff;M7 Haus 16-17;68161;Mannheim;;;;
Berlin Wein König;116790;LS77190;ja;11.03.2026;Carmen Berger;25880;Atelier Kempe Thill Thörner;Atelier Kempe Thill Thörner Kaczmarek;Kronenstr. 1;10117;Berlin;;;;
AMW Auersperg;116792;LS77191;ja;13.04.2026;Carmen Berger;25483;ECARF Institute GmbH;ECARF Institute GmbH;Robert-Koch-Platz 7;10115;Berlin;;;;
Planegg;116789;LS77192;ja;16.03.2026;Estaline Philander;25255;Yigit Group;Yigit Group ®;Moosmühlenweg 15c;85375;Neufahrn bei Freising;;;;
Planegg;116793;LS77193;ja;23.03.2026;Estaline Philander;26225;Exentec Germany GmbH;Exentec Germany GmbH;Ammerthalstraße 22;85551;Kirchheim bei München;;;;
Emons;114337;LS77194;ja;12.03.2026;Florian Gräf;24324;Frenzel Gastroserv/vorm.Glaser;Frenzel Gastroservice & Schanktechnik;Hirschstr.42-44;76133;Karlsruhe;;;;
Planegg;116587;LS77196;ja;13.03.2026;Florian Gräf;20234;Bühler-Catering;Bühler-Catering GmbH;Industriestr. 2 b;76275;Ettlingen;;;;
Planegg;116795;LS77197;ja;12.03.2026;Josefine Mättig;26977;Trinkflaschenexpress;Bottle-Print Vertriebs GmbH;Auf den Steinen 2,;37191;Katlenburg Lindau;;;;
Planegg;116796;LS77198;ja;12.03.2026;Florian Gräf;20191;Gleisner;Gleisner GmbH & Co.KG;Pegnitzstr. 13;91207;Lauf an der Pegnitz;;;;
Planegg;116794;LS77201;ja;16.03.2026;Christian Irrgang;20298;Atlantis;Atlantis Trinkwassertechnik GmbH;Kornstr. 4;79258;Hartheim;;;;
Emons;116794;LS77202;ja;16.03.2026;Christian Irrgang;20298;Atlantis;Atlantis Trinkwassertechnik GmbH;Kornstr. 4;79258;Hartheim;;;;
Planegg;116797;LS77203;ja;23.03.2026;Estaline Philander;24489;MTI Teleport München;MTI Teleport München GmbH;Betastraße 1;85774;Unterföhring;;;;
Kyffhäuser;116798;LS77204;ja;17.03.2026;Florian Gräf;20668;Gastro Service Center e.K;InterMed Praxiszentrum MVZ GmbH;Stieglitzstraße 87;04229;Leipzig;;;;
Planegg;116800;LS77205;ja;13.03.2026;Sönke Rocho;21539;Maas & Kollegen (WBG);Maas & Kollegen;Forstenrieder Allee 72;81476;München;;;;
VST Schörling;;LS77206;ja;16.03.2026;Sönke Rocho;20148;KPIT Technologies GmbH;KPIT Technologies GmbH;Frankfurter Ring 105b;80807;München;;;;
Planegg;116802;LS77208;ja;23.03.2026;Estaline Philander;22064;Autohaus Diermeier GmbH;Autohaus Diermeier GmbH;Pasteurstraße 5;80999;München-Allach;;;;
Planegg;116805;LS77209;ja;13.03.2026;Rene Kühn;27346;Purazell GmbH;Purazell GmbH;Jahnstr. 8/1;70771;Leinfelden-Echterdingen;;;;
AQUATRADE Glinde;116806;LS77210;ja;17.03.2026;Estaline Philander;24578;Aura Aesthetik;Aura Aesthetik;Cloppenburger Straße 288;26133;Oldenburg;;;;
Emons;116804;LS77211;ja;12.03.2026;Carmen Berger;27345;H. Maurer  Schramberg;H. Maurer GmbH & Co.KG;Dr.-Kurt-Steim-Strasse 7;78713;Schramberg Sulgen;;;;
Planegg;116807;LS77212;ja;12.03.2026;Josefine Mättig;26455;Blauer Planet;Blauer Planet GmbH;Kirchweg 22;34346;Hedemünden;;;;
Planegg;116808;LS77214;ja;17.03.2026;Estaline Philander;24011;Briegeldental;BRIEGELDENTAL;Rudolf-Diesel-Ring 12;82054;Sauerlach;;;;
Planegg;116809;LS77215;ja;18.03.2026;Petra Gräf;26877;DataCo GmbH;DataCo GmbH;Sandstr. 33;80335;München;;;;
Planegg;116811;LS77216;ja;25.03.2026;Petra Gräf;24187;BSM Eventgroup;BSM Eventgroup;Drudhardtstr 21a;80995;München;;;;
Planegg;116812;LS77217;ja;23.03.2026;Petra Gräf;20148;KPIT Technologies GmbH;KPIT Technologies GmbH;Frankfurter Ring 105b;80807;München;;;;
Planegg;116814;LS77218;ja;16.03.2026;Estaline Philander;23966;Elflein Logistik Bamberg;Elflein Logistik Bamberg GmbH;Carl-von-Linde-Straße 12;85716;Unterschleißheim;;;;
Kyffhäuser;116813;LS77219;ja;17.03.2026;Estaline Philander;24956;Sanitätshaus Hertel GmbH;Sanitätshaus Hertel GmbH;Wildparkstraße 3;09247;Chemnitz / OT Röhrsdor;;;;
Planegg;116804;LS77211-1;ja;13.03.2026;Florian Gräf;27345;H. Maurer  Schramberg;H. Maurer GmbH & Co.KG;Dr.-Kurt-Steim-Strasse 7;78713;Schramberg Sulgen;;;;
Planegg;116815;LS77222;ja;13.03.2026;Estaline Philander;21258;Coffice;Coffice Betriebsverpflegung KG;Achen 10;83137;Schonstett;;;;
Emons;116816;LS77223;ja;12.03.2026;Florian Gräf;21737;Heuser;Heuser GmbH;Waldstr. 23 / B10;63128;Dietzenbach;;;;
Emons;116817;LS77224;ja;16.03.2026;Christian Irrgang;26102;Niedersachsen Wasser;OOWV-Museum Kaskade - Infohaus Wasser;Bäderstraße 2;26349;Jade;;;;
Emons;116462;LS77225;ja;13.03.2026;Florian Gräf;20963;K+H Automatendienst GmbH;K+H Automatendienst GmbH;Mark I 22;59269;Beckum;;;;
Planegg;116818;LS77226;ja;12.03.2026;Josefine Mättig;21900;Amazon Deutschland N4 Trans.;Amazon Deutschland N4 Transport GmbH;Maria-Agnesi-Straße 7;38268;Lengede;;;;
AMW Auersperg;116819;LS77227;ja;19.03.2026;Estaline Philander;24978;Zentral- und Landesbibliothek;BStB (Berliner Stadtbibliothek);Breite Str. 30-36;10178;Berlin;;;;
AQUATRADE Bram;116820;LS77228;ja;24.03.2026;Estaline Philander;24640;Reemtsma Cigarettenfabriken Gm;Sense Hub;Friesenweg 36 / 1.OG;22763;Hamburg;;;;
Planegg;116821;LS77229;ja;16.03.2026;Estaline Philander;26195;IKEA (3) München-Eching;IKEA Deutschland GmbH & Co KG;Heisenbergstraße 14;85386;Eching;;;;
Gleisner;117222;LS77230;ja;19.03.2026;Estaline Philander;27179;Kühne+Nagel;Kuehne + Nagel (AG & Co.) KG;Messezentrum 1;90471;Nürnberg;;;;
VST Schörling;116822;LS77231;ja;01.04.2026;Logistik;20148;KPIT Technologies GmbH;KPIT Technologies GmbH;Frankfurter Ring 105b;80807;München;;;;
VST Schörling;116823;LS77232;nein;01.04.2026;Logistik;20148;KPIT Technologies GmbH;KPIT Technologies GmbH;Frankfurter Ring 105b;80807;München;;;;
VST Schörling;116825;LS77233;ja;07.04.2026;Logistik;20148;KPIT Technologies GmbH;KPIT Technologies GmbH;Frankfurter Ring 105b;80807;München;;;;
VST Schörling;116826;LS77234;ja;07.04.2026;Logistik;20148;KPIT Technologies GmbH;KPIT Technologies GmbH;Frankfurter Ring 105b;80807;München;;;;
VST Schörling;116827;LS77235;ja;25.03.2026;Logistik;20182;ASAM praevent GmbH;ASAM praevent GmbH;Fürstenrieder Straße 263;81377;München;;;;
aboutwater Bünde;116828;LS77236;ja;01.04.2026;Logistik;20498;Drekopf Umweltservice Ges;Drekopf Umweltservice Gescher GmbH;Schuckertstraße 25-27;48712;Gescher;;;;
Kyffhäuser;116829;LS77237;nein;01.04.2026;Logistik;20504;WDM Wolfshagener Draht-;WDM Deutenberg GmbH;Gorschmitzer Weg 2 c;04703;Leisnig;;;;
VST Schörling;116830;LS77238;ja;01.04.2026;Logistik;20695;Gusto Kaffee GmbH;MSD Tiergesundheit;Feldstraße 1A;85716;Unterschleißheim;;;;
VST Schörling;116831;LS77239;ja;01.04.2026;Logistik;20695;Gusto Kaffee GmbH;MSD Tiergesundheit;Feldstraße 1A;85716;Unterschleißheim;;;;
VST Schörling;116832;LS77240;ja;01.04.2026;Logistik;20695;Gusto Kaffee GmbH;MSD Tiergesundheit;Feldstraße 1A;85716;Unterschleißheim;;;;
VST Schörling;116833;LS77241;ja;01.04.2026;Logistik;20695;Gusto Kaffee GmbH;MSD Tiergesundheit;Feldstraße 1A;85716;Unterschleißheim;;;;
VST Plep;116834;LS77242;ja;07.04.2026;Logistik;21133;Remondis;REMONDIS GmbH, Region Südwest;Am Funkturm 17;66482;Zweibrücken;;;;
STK Service;116835;LS77243;ja;23.03.2026;Logistik;21237;Berufstrainingszentrum;Berufstrainingszentrum Rhein-Ruhr gGmbH;Bebelstr. 56  / Tel. 0208 409400-59;46049;Oberhausen;;;;
STK Service;116836;LS77244;ja;23.03.2026;Logistik;21237;Berufstrainingszentrum;Berufstrainingszentrum Rhein-Ruhr gGmbH;Bebelstr. 56;46049;Oberhausen;;;;
STK Service;116837;LS77245;ja;23.03.2026;Logistik;21237;Berufstrainingszentrum;Berufstrainingszentrum Rhein-Ruhr gGmbH;Bebelstr. 56;46049;Oberhausen;;;;
STK Service;116838;LS77246;ja;23.03.2026;Logistik;21237;Berufstrainingszentrum;Berufstrainingszentrum Rhein-Ruhr gGmbH;Bebelstr. 56  / Tel. 0208 409400-59;46049;Oberhausen;;;;
STK Service;116839;LS77247;ja;23.03.2026;Logistik;21237;Berufstrainingszentrum;Berufstrainingszentrum Rhein-Ruhr gGmbH;Bebelstr. 56;46049;Oberhausen;;;;
STK Service;116840;LS77248;ja;23.03.2026;Logistik;21237;Berufstrainingszentrum;Berufstrainingszentrum Rhein-Ruhr gGmbH;Bebelstr. 56;46049;Oberhausen;;;;
STK Service;116841;LS77249;ja;23.03.2026;Logistik;21237;Berufstrainingszentrum;Berufstrainingszentrum Rhein-Ruhr gGmbH;Bebelstr. 56  / Tel. 0208 409400-59;46049;Oberhausen;;;;
STK Service;116842;LS77250;ja;02.04.2026;Logistik;21237;Berufstrainingszentrum;Berufstrainingszentrum Rhein-Ruhr gGmbH;Pempelforter Str. 50  /  Mo-Fr 8-12 Uhr;40211;Düsseldorf;;;;
STK Service;116843;LS77251;ja;02.04.2026;Logistik;21237;Berufstrainingszentrum;Berufstrainingszentrum Rhein-Ruhr gGmbH;Pempelforter Str. 50  /  Mo-Fr 8-12 Uhr;40211;Düsseldorf;;;;
VST Schörling;116844;LS77252;nein;01.04.2026;Logistik;21219;Wachstum & Kapital;Zenit GmbH;Mittlerer Graben 6;86152;Augsburg;;;;
Schöttle - Haiterbach;116845;LS77253;nein;01.04.2026;Logistik;21064;Breuninger Schule;Eduard-Breuninger-Schule;Obere Schulstraße 1;72290;Loßburg;;;;
Berlin Wein König;116846;LS77254;nein;01.04.2026;Logistik;21352;Setting;Setting HQ GmbH;Linienstraße 214;10119;Berlin;;;;
aboutwater Bünde;116847;LS77255;nein;01.04.2026;Logistik;21414;WISAG;WISAG Gebäudereinigung Nord GmbH & Co. KG;Allerkai 4 - Geb.A7;28309;Bremen;;;;
VST Schörling;116848;LS77256;nein;01.04.2026;Logistik;21765;Karolinen-Gymnasium;Karolinen-Gymnasium;Ebersbergerstr. 3;83022;Rosenheim;;;;
VST Schörling;116849;LS77257;nein;01.04.2026;Logistik;21765;Karolinen-Gymnasium;Karolinen-Gymnasium;Ebersbergerstr. 3;83022;Rosenheim;;;;
VST Schörling;116850;LS77258;ja;26.03.2026;Logistik;21760;Baywa München;BayWa AG;Stahlgruberring 8,  2.OG;81829;München;;;;
VST Schörling;116851;LS77259;ja;09.04.2026;Logistik;21817;Notenversand Kurt Maas;Notenversand Kurt Maas GmbH & Co KG;Eugen-Friedl-Str. 3a;82340;Feldafing;;;;
VST Schörling;116852;LS77260;ja;09.04.2026;Logistik;21817;Notenversand Kurt Maas;Notenversand Kurt Maas GmbH & Co KG;Eugen-Friedl-Str. 3a;82340;Feldafing;;;;
Planegg;116853;LS77261;nein;01.04.2026;Logistik;22063;Friseursalon Josef & Sophie;Friseursalon Josef & Sophie;Tegernseer Landstraße 8;81541;München;;;;
AMW Auersperg;116854;LS77262;nein;01.04.2026;Logistik;20742;Graal Müritz;Balticum OpCo Graal GmbH;Waldstr.1;18181;Ostseebad Graal-Müritz;;;;
VST Schörling;116855;LS77263;nein;01.04.2026;Logistik;22184;EPOS Bio Partner;EPOS Bio Partner Süd GmbH;Benzstr. 4;85551;Kirchheim;;;;
Planegg;116856;LS77264;nein;01.04.2026;Logistik;22216;Barsan Global Logistik GmbH;Barsan Global Logistik GmbH;Hertha-Sponer-Straße 1;82216;Maisach;;;;
Planegg;116857;LS77265;nein;01.04.2026;Logistik;22216;Barsan Global Logistik GmbH;Barsan Global Logistik GmbH;Hertha-Sponer-Straße 1;82216;Maisach;;;;
Planegg;116858;LS77266;nein;01.04.2026;Logistik;22216;Barsan Global Logistik GmbH;Barsan Global Logistik GmbH;Gewerbering 10;82140;Olching;;;;
Planegg;116859;LS77267;nein;01.04.2026;Logistik;22216;Barsan Global Logistik GmbH;Barsan Global Logistik GmbH;Hertha-Sponer-Straße 1;82216;Maisach;;;;
VST Schörling;116860;LS77268;nein;01.04.2026;Logistik;22205;Bicker Elektronik GmbH;Bicker Elektronik GmbH;Ludwig-Auer-Str. 23;86609;Donauwörth;;;;
VST Schörling;116862;LS77270;ja;07.04.2026;Logistik;20148;KPIT Technologies GmbH;KPIT Technologies GmbH;Frankfurter Ring 105b / 4.OG;80807;München;;;;
VST Schörling;116863;LS77271;ja;24.03.2026;Logistik;22184;EPOS Bio Partner;EPOS Bio Partner Süd GmbH;Gewerbestraße 12;85652;Landsham-Pliening;;;;
VST Schörling;116864;LS77272;ja;24.03.2026;Logistik;22184;EPOS Bio Partner;EPOS Bio Partner Süd GmbH;Gewerbestraße 12;85652;Landsham-Pliening;;;;
Berlin Wein König;116865;LS77273;nein;01.04.2026;Logistik;22410;Ostkreuz City gGmbH;Ostkreuz City gGmbH;Revaler Str. 28  / EG;10245;Berlin;;;;
VST Schörling;116866;LS77274;ja;01.04.2026;Logistik;22615;Leukocare;Leukocare AG;Am Klopferspitz 19 a;82152;Martinsried;;;;
VST Schörling;116867;LS77275;ja;25.03.2026;Logistik;22334;Concept-Real;Concept-Real Hausverwaltungs GmbH;Oberanger 30;80331;München;;;;
STK Service;116868;LS77276;nein;01.04.2026;Logistik;22557;Willecke GmbH;Willecke Hebe- und Fördergeräte GmbH;An der Becke 7;45527;Hattingen;;;;
Hess;116869;LS77277;ja;01.04.2026;Logistik;22668;J.D.Neuhaus;J.D.Neuhaus GmbH & Co.KG;Windenstraße 2-4;58455;Witten-Heven;;;;
Hess;116870;LS77278;ja;01.04.2026;Logistik;22668;J.D.Neuhaus;J.D.Neuhaus GmbH & Co.KG;Windenstraße 2-4;58455;Witten-Heven;;;;
Hess;116871;LS77279;ja;01.04.2026;Logistik;22668;J.D.Neuhaus;J.D.Neuhaus GmbH & Co.KG;Windenstraße 2-4;58455;Witten-Heven;;;;
Hess;116872;LS77280;ja;01.04.2026;Logistik;22668;J.D.Neuhaus;J.D.Neuhaus GmbH & Co.KG;Windenstraße 2-4;58455;Witten-Heven;;;;
Strecke;116873;LS77281;nein;01.04.2026;Logistik;22658;Rad-Doktor GmbH;Rad-Doktor GmbH;Heinrich-Heine-Str. 18;99423;Weimar;;;;
Kyffhäuser;116874;LS77282;ja;17.03.2026;Logistik;22775;kW-rent GmbH;kW-rent GmbH;Waldstraße 28;04509;Krositz;;;;
VST Schörling;116875;LS77283;ja;25.03.2026;Logistik;22732;Micro Fuzzy /KPIT-Tochterfirma;Micro Fuzzy Industrie-Elektronic GmbH;Frankfurter Ring 81;80807;München;;;;
VST Schörling;116876;LS77284;ja;25.03.2026;Logistik;22732;Micro Fuzzy /KPIT-Tochterfirma;Micro Fuzzy Industrie-Elektronic GmbH;Frankfurter Ring 81A;80807;München;;;;
Kyffhäuser;116877;LS77285;nein;01.04.2026;Logistik;22887;LK Metallwaren GmbH;LK Metallwaren GmbH;An der Schwelerei 6;06369;Südliches Anhalt;;;;
Berlin Wein König;116878;LS77286;nein;01.04.2026;Logistik;22841;K&L Gates Berlin;K & L Gates LLP;Friedrichstraße 110 A;10117;Berlin;;;;
Berlin Wein König;116879;LS77287;nein;01.04.2026;Logistik;22841;K&L Gates Berlin;K & L Gates LLP;Friedrichstraße 110 A;10117;Berlin;;;;
Berlin Wein König;116880;LS77288;nein;01.04.2026;Logistik;22841;K&L Gates Berlin;K & L Gates LLP;Friedrichstraße 110 A;10117;Berlin;;;;
VST Schörling;116881;LS77289;ja;01.04.2026;Logistik;20148;KPIT Technologies GmbH;KPIT Technologies GmbH;Frankfurter Ring 105b;80807;München;;;;
VST Schörling;116882;LS77290;nein;01.04.2026;Logistik;20148;KPIT Technologies GmbH;KPIT Technologies GmbH;Frankfurter Ring 105b;80807;München;;;;
VST Schörling;116883;LS77291;nein;01.04.2026;Logistik;20148;KPIT Technologies GmbH;KPIT Technologies GmbH;Frankfurter Ring 105b;80807;München;;;;
VST Schörling;116884;LS77292;ja;01.04.2026;Logistik;20148;KPIT Technologies GmbH;KPIT Technologies GmbH;Frankfurter Ring 105b;80807;München;;;;
VST Schörling;116885;LS77293;ja;07.04.2026;Logistik;20148;KPIT Technologies GmbH;KPIT Technologies GmbH;Frankfurter Ring 105b;80807;München;;;;
VST Schörling;116886;LS77294;ja;27.03.2026;Logistik;22726;Agentur für Arbeit Augsburg;Familienkasse Bayern Süd;Otto-Lindenmeyer-Straße 28;86153;Augsburg;;;;
VST Schörling;116887;LS77295;nein;01.04.2026;Logistik;23183;Karl Heinz Dietrich GmbH & Co.;Karl Heinz Dietrich GmbH & Co. KG;Carl-Benz-Straße 8;87656;Germaringen;;;;
VST Schörling;116888;LS77296;nein;01.04.2026;Logistik;23183;Karl Heinz Dietrich GmbH & Co.;Karl Heinz Dietrich GmbH & Co. KG;Carl-Benz-Straße 8;87656;Germaringen;;;;
Planegg;116889;LS77297;nein;01.04.2026;Logistik;23245;eMoSys;eMoSys GmbH;Gautinger Str. 6;82319;Starnberg;;;;
VST Schörling;116890;LS77298;nein;01.04.2026;Logistik;23146;FLH GmbH;FLH GmbH;Carl-Zeiss-Ring 17;85737;Ismaning;;;;
aboutwater Bünde;116891;LS77299;nein;01.04.2026;Logistik;23083;Stadt Lohne;Realschule Meyerhof;Meyerhofstr. 6;49393;Lohne;;;;
Berlin Wein König;116892;LS77300;nein;01.04.2026;Logistik;21144;Knotel;Knotel Berlin I GmbH;Nürnberger Str. 8,  1.OG;10787;Berlin;;;;
Hess;116893;LS77301;nein;01.04.2026;Logistik;23338;Le Gastro;Deutsche Post AG;Buschmühlenstr. 18;58093;Hagen;;;;
Gänshirt-Aufmbruch;116897;LS77302;nein;01.04.2026;Logistik;23338;Le Gastro;Deutsche Post AG;August-Horch-Str. 5;51149;Köln;;;;
Gänshirt-Aufmbruch;116898;LS77303;nein;01.04.2026;Logistik;23338;Le Gastro;Deutsche Post AG;Kleine Ruhrau 16;45279;Essen;;;;
Gänshirt-Aufmbruch;116899;LS77304;nein;01.04.2026;Logistik;23338;Le Gastro;Deutsche Post AG;Daniel-Eckhardt-Str. 7;45356;Essen;;;;
VST Schörling;116900;LS77305;ja;01.04.2026;Logistik;23360;Studienseminar Albertinum;Studienseminar Albertinum;Westendstraße 300;81377;München;;;;
VST Schörling;116901;LS77306;ja;25.03.2026;Logistik;23360;Studienseminar Albertinum;Studienseminar Albertinum;Westendstraße 300;81377;München;;;;
VST Schörling;116902;LS77307;ja;25.03.2026;Logistik;23586;Bayerischer Landes-Sportverban;Bayerische Sportjugend im BLSV e.V.;Georg-Brauchle-Ring 93;80992;München;;;;
VST Schörling;116903;LS77308;ja;25.03.2026;Logistik;20168;Zausinger GmbH & Co. KG;Zausinger GmbH & Co. KG;Brienner Str. 52;80333;München;;;;
VST Schörling;116904;LS77309;ja;26.03.2026;Logistik;23602;Munich Strategy;Munich Strategy GmbH & Co. KG;Türkenstraße 5;80333;München;;;;
aboutwater Frankfurt;116905;LS77310;nein;01.04.2026;Logistik;23636;Praxis Rheumatologie Dr.Müller;Praxis für Rheumatologie;Renzstraße 7;68161;Mannheim;;;;
STK Service;116906;LS77311;nein;01.04.2026;Logistik;23281;Kässbohrer Fahrzeugwerke GmbH;Kässbohrer Fahrzeugwerke GmbH;Siemensstraße 74;47574;Goch;;;;
STK Service;116907;LS77312;nein;01.04.2026;Logistik;23281;Kässbohrer Fahrzeugwerke GmbH;Kässbohrer Fahrzeugwerke GmbH;Siemensstraße 74;47574;Goch;;;;
STK Service;116908;LS77313;nein;01.04.2026;Logistik;23281;Kässbohrer Fahrzeugwerke GmbH;Kässbohrer Fahrzeugwerke GmbH;Siemensstraße 74;47574;Goch;;;;
VST Schörling;116909;LS77314;ja;01.04.2026;Logistik;20359;TSCNET Services GmbH;TSCNET Services GmbH;Weihenstephaner Str. 9;81673;München;;;;
VST Schörling;116910;LS77315;ja;01.04.2026;Logistik;20359;TSCNET Services GmbH;TSCNET Services GmbH;Weihenstephaner Str. 9;81673;München;;;;
VST Schörling;116911;LS77316;ja;01.04.2026;Logistik;20359;TSCNET Services GmbH;TSCNET Services GmbH;Weihenstephaner Str. 9;81673;München;;;;
VST Schörling;116912;LS77317;ja;01.04.2026;Logistik;20359;TSCNET Services GmbH;TSCNET Services GmbH;Weihenstephaner Str. 9;81673;München;;;;
aboutwater Bünde;116913;LS77318;nein;01.04.2026;Logistik;23083;Stadt Lohne;Stegemannschule Lohne;Toppstr. 3-5;49393;Lohne;;;;
GWA;116914;LS77319;nein;01.04.2026;Logistik;22576;DB Fahrzeuginstandhaltung;DB Fahrzeuginstandhaltung GmbH;Ernst-Thälmann-Str. 10a;19322;Wittenberge;;;;
AMW Auersperg;116915;LS77320;nein;01.04.2026;Logistik;23336;Gebeco GmbH & Co. KG;Gebeco GmbH & Co. KG;Holzkoppelweg 19;24118;Kiel;;;;
AMW Auersperg;116916;LS77321;nein;01.04.2026;Logistik;23336;Gebeco GmbH & Co. KG;Gebeco GmbH & Co. KG;Holzkoppelweg 19;24118;Kiel;;;;
AMW Auersperg;116917;LS77322;nein;01.04.2026;Logistik;23336;Gebeco GmbH & Co. KG;Gebeco GmbH & Co. KG;Holzkoppelweg 19;24118;Kiel;;;;
Schöttle - Haiterbach;116918;LS77323;nein;01.04.2026;Logistik;20997;Johann-Bruecker Schulen;Johann-Bruecker Grundschule;Bühlstr. 16;71101;Schönaich;;;;
Schöttle - Haiterbach;116919;LS77324;nein;01.04.2026;Logistik;20997;Johann-Bruecker Schulen;Johann-Bruecker Realschule;Bühlstr. 16;71101;Schönaich;;;;
STK Service;116920;LS77325;nein;01.04.2026;Logistik;23344;Falck Notfallrettung und Krank;Rettungswache Gelsenkirchen;Freiligrathstr. 30 - 38;45881;Gelsenkirchen;;;;
STK Service;116921;LS77326;nein;01.04.2026;Logistik;23344;Falck Notfallrettung und Krank;Feuerwache Gelsenkirchen 22;Im Emscherbruch 30;45892;Gelsenkirchen;;;;
Planegg;116922;LS77327;nein;01.04.2026;Logistik;23966;Elflein Logistik Bamberg;Elflein Logistik Bamberg GmbH;Hufeland Straße 20;80937;München;;;;
aboutwater Frankfurt;116923;LS77328;nein;01.04.2026;Logistik;24053;Apleona Südwest;Apleona Südwest GmbH;Im Langen Grund 1;74239;Hadthausen/Lampoldshausen;;;;
aboutwater Frankfurt;116924;LS77329;nein;01.04.2026;Logistik;24053;Apleona Südwest;Apleona Südwest GmbH;Im Langen Grund 1;74239;Hadthausen/Lampoldshausen;;;;
aboutwater Frankfurt;116925;LS77330;nein;01.04.2026;Logistik;24053;Apleona Südwest;Apleona Südwest GmbH;Im Langen Grund 1;74239;Hadthausen/Lampoldshausen;;;;
aboutwater Frankfurt;116926;LS77331;nein;01.04.2026;Logistik;24053;Apleona Südwest;Apleona Südwest GmbH;Im Langen Grund 1;74239;Hadthausen/Lampoldshausen;;;;
aboutwater Frankfurt;116927;LS77332;nein;01.04.2026;Logistik;24053;Apleona Südwest;Apleona Südwest GmbH;Im Langen Grund 1;74239;Hadthausen/Lampoldshausen;;;;
aboutwater Frankfurt;116928;LS77333;nein;01.04.2026;Logistik;24053;Apleona Südwest;Apleona Südwest GmbH;Bittelborner Str. 42;74219;Möckmühl;;;;
aboutwater Frankfurt;116929;LS77334;nein;01.04.2026;Logistik;24053;Apleona Südwest;Apleona Südwest GmbH;Im Langen Grund 1;74239;Hadthausen/Lampoldshausen;;;;
aboutwater Frankfurt;116930;LS77335;nein;01.04.2026;Logistik;24053;Apleona Südwest;Apleona Südwest GmbH;Im Langen Grund 1;74239;Hadthausen/Lampoldshausen;;;;
aboutwater Frankfurt;116931;LS77336;nein;01.04.2026;Logistik;24053;Apleona Südwest;Apleona Südwest GmbH;Im Langen Grund 1;74239;Hadthausen/Lampoldshausen;;;;
aboutwater Frankfurt;116932;LS77337;nein;01.04.2026;Logistik;24053;Apleona Südwest;Apleona Südwest GmbH;Im Langen Grund 1;74239;Hadthausen/Lampoldshausen;;;;
aboutwater Frankfurt;116933;LS77338;nein;01.04.2026;Logistik;24053;Apleona Südwest;Apleona Südwest GmbH;Im Langen Grund 1;74239;Hadthausen/Lampoldshausen;;;;
aboutwater Frankfurt;116934;LS77339;nein;01.04.2026;Logistik;24053;Apleona Südwest;Apleona Südwest GmbH;Im Langen Grund 1;74239;Hadthausen/Lampoldshausen;;;;
aboutwater Frankfurt;116935;LS77340;nein;01.04.2026;Logistik;24053;Apleona Südwest;Apleona Südwest GmbH;Im Langen Grund 1;74239;Hadthausen/Lampoldshausen;;;;
aboutwater Frankfurt;116936;LS77341;nein;01.04.2026;Logistik;24053;Apleona Südwest;Apleona Südwest GmbH;Im Langen Grund 1;74239;Hadthausen/Lampoldshausen;;;;
aboutwater Frankfurt;116937;LS77342;nein;01.04.2026;Logistik;24053;Apleona Südwest;Apleona Südwest GmbH;Im Langen Grund 1;74239;Hadthausen/Lampoldshausen;;;;
Magnum Kuhnhenne;116938;LS77343;ja;02.04.2026;Logistik;23999;Globus Handelshof Siegen;GLOBUS Handelshof St. Wendel GmbH & Co. KG;Eiserfelder Str. 170;57072;Siegen;;;;
Magnum Kuhnhenne;116939;LS77344;ja;02.04.2026;Logistik;23999;Globus Handelshof Siegen;GLOBUS Handelshof St. Wendel GmbH & Co. KG;Eiserfelder Str. 170;57072;Siegen;;;;
Magnum Kuhnhenne;116940;LS77345;ja;02.04.2026;Logistik;23999;Globus Handelshof Siegen;GLOBUS Handelshof St. Wendel GmbH & Co. KG;Eiserfelder Str. 170;57072;Siegen;;;;
AMW Auersperg;116941;LS77346;nein;01.04.2026;Logistik;24146;Hugo Pfohe Lübeck;Hugo Pfohe GmbH;Am Spargelhof 10;23554;Lübeck;;;;
Planegg;116942;LS77347;ja;26.03.2026;Logistik;60279;dm 0279 Gräfelfing;dm Filiale 0279;Bahnhofstraße 103;82166;Gräfelfing;;;;
Planegg;116943;LS77348;ja;09.04.2026;Logistik;60372;dm 0372 Gersthofen;dm Filiale 0372;Bahnhofstraße 13;86368;Gersthofen;;;;
Planegg;116944;LS77349;nein;01.04.2026;Logistik;60757;dm 0757 Neusäss;dm Filiale 0757;Daimlerstraße 13-15;86356;Neusäß;;;;
Planegg;116945;LS77350;nein;01.04.2026;Logistik;61030;dm 1030 Augsburg;dm Filiale D1IM vormals 1030;Neuburger Straße 227;86196;Augsburg - Hammerschmiede;;;;
Planegg;116946;LS77351;nein;01.04.2026;Logistik;61194;dm 1194 Stadtbergen;dm Filiale 1194;Daimlerstraße 1;86391;Stadtbergen;;;;
Planegg;116947;LS77352;nein;01.04.2026;Logistik;61804;dm 1804 Augsburg;dm Filiale D334 / vorm.1804;Edisonstraße 2;86199;Augsburg - Göggingen;;;;
Planegg;116948;LS77353;nein;01.04.2026;Logistik;61828;dm 1828 Aichach;dm Filiale 1828;Augsburger Straße 25;86551;Aichach;;;;
Planegg;116949;LS77354;ja;09.04.2026;Logistik;62039;dm 2039 Westendorf;dm Filiale 2039;Am Oberfeld 3a;86707;Westendorf;;;;
Planegg;116950;LS77355;nein;01.04.2026;Logistik;62232;dm 2232 Schwabmünchen;dm Filiale 2232;Gottlieb-Daimler-Straße 1a;86830;Schwabmünchen;;;;
Planegg;116951;LS77356;nein;01.04.2026;Logistik;62253;dm 2253 Kaufering;dm Filiale 2253;Kolpingstraße 10;86916;Kaufering;;;;
Planegg;116952;LS77357;nein;01.04.2026;Logistik;62398;dm 2398 Augsburg;dm Filiale 2398;Lechhauser Straße 13;86153;Augsburg - Innenstadt;;;;
Planegg;116953;LS77358;nein;01.04.2026;Logistik;62504;dm 2504 Schondorf;dm Filiale 2504;Aumühle 2;86938;Schondorf am Ammersee;;;;
Planegg;116954;LS77359;ja;09.04.2026;Logistik;62557;dm 2557 Langweid;dm Filiale 2557;Am Lehenauweg 2c;86462;Langweid;;;;
Planegg;116955;LS77360;nein;01.04.2026;Logistik;62575;dm 2575 Neuried;dm Filiale 2575;Hainbuchenring 15;82061;Neuried;;;;
Planegg;116956;LS77361;nein;01.04.2026;Logistik;62711;dm 2711 Augsburg;dm Filiale 2711;Brahmsstraße 2;86179;Augsburg - Haunstetten;;;;
Planegg;116957;LS77362;nein;01.04.2026;Logistik;62760;dm 2760 Gauting;dm Filiale 2760;Bahnhofstraße 27;82131;Gauting;;;;
Planegg;116958;LS77363;nein;01.04.2026;Logistik;62813;dm 2813 Starnberg;dm Filiale 2813;Weilheimer Straße 14;82319;Starnberg;;;;
aboutwater Bünde;116959;LS77364;nein;01.04.2026;Logistik;23688;Berufskolleg Tecklenburger;Berufskolleg Tecklenburger Land;Wilhelmstr. 8;49477;Ibbenbüren;;;;
VST Schörling;116960;LS77365;nein;01.04.2026;Logistik;24141;Nasdo;NASDO AG;Heisenbergbogen 2;85609;Dornach;;;;
STK Service;116961;LS77366;nein;01.04.2026;Logistik;23940;Bochmann Krankenpflegedienst;Krankenpflegedienst Bochmann GmbH;Friedrich-Ebert-Straße 19-23;46535;Dinslaken;;;;
AQUATRADE Bram;116962;LS77367;ja;02.04.2026;Logistik;24088;Zahnmanufaktur Emsland ZME;Zahnmanufaktur Emsland - ZME GmbH;Lengericher Str. 7;49809;Lingen;;;;
VST Schörling;116963;LS77368;ja;27.03.2026;Logistik;24112;de Crignis Blechverarbeitung G;de Crignis GmbH;Aulzhausener Str. 9;86165;Augsburg;;;;
aboutwater Bünde;116965;LS77369;nein;01.04.2026;Logistik;24094;Stroetmann Senden+Münster;L. Stroetmann Lebensmittel GmbH & Co. KG;Harkortstraße 30;48163;Münster;;;;
aboutwater Bünde;116967;LS77370;nein;01.04.2026;Logistik;24094;Stroetmann Senden+Münster;L. Stroetmann Lebensmittel SE&Co.KG;Harkortstraße 30;48163;Münster;;;;
aboutwater Bünde;116968;LS77371;nein;01.04.2026;Logistik;24094;Stroetmann Senden+Münster;L. Stroetmann Lebensmittel SE&Co.KG;Harkortstraße 24;48163;Münster;;;;
aboutwater Bünde;116969;LS77372;nein;01.04.2026;Logistik;24247;Stroetmann Saat Münster;L. Stroetmann Saat GmbH & Co. KG;Kölner Straße 10;48163;Münster;;;;
Planegg;116970;LS77373;ja;31.03.2026;Logistik;24226;Kirinus Sendlinger Tor;KIRINUS Praxis GmbH;Sendlinger Tor Platz 7;80336;München;;;;
Planegg;116971;LS77374;ja;31.03.2026;Logistik;24226;Kirinus Sendlinger Tor;KIRINUS Praxis GmbH;Sendlinger Tor Platz 7;80336;München;;;;
Planegg;116972;LS77375;ja;31.03.2026;Logistik;24226;Kirinus Sendlinger Tor;KIRINUS Praxis GmbH;Sendlinger Tor Platz 7;80336;München;;;;
Berlin Wein König;116973;LS77376;nein;01.04.2026;Logistik;22410;Ostkreuz City gGmbH;Ostkreuz City gGmbH;Sonntagstr. 1,  1.OG links;10245;Berlin;;;;
Planegg;116974;LS77377;nein;01.04.2026;Logistik;61424;dm 1424 Mering;dm Filiale 1424;Gaußring 7;86415;Mering;;;;
Ines Rütz Appen;116975;LS77378;nein;01.04.2026;Logistik;24242;IVPNetworks;IVPNetworks GmbH;Conventstr. 8-10;22089;Hamburg;;;;
aboutwater Bünde;116976;LS77379;ja;08.04.2026;Logistik;24094;Stroetmann Senden+Münster;L. Stroetmann Lebensmittel SE & Co. KG;Hermann-Stroetmann-Str.1;48308;Senden;;;;
aboutwater Bünde;116977;LS77380;ja;08.04.2026;Logistik;24094;Stroetmann Senden+Münster;L. Stroetmann Lebensmittel SE & Co. KG;Hermann-Stroetmann-Str.1;48308;Senden;;;;
aboutwater Bünde;116978;LS77381;ja;08.04.2026;Logistik;24094;Stroetmann Senden+Münster;L. Stroetmann Lebensmittel SE & Co. KG;Hermann-Stroetmann-Str.1;48308;Senden;;;;
Planegg;116979;LS77382;nein;01.04.2026;Logistik;24374;Clubcosmetic;Die Clubcosmetic;Landsberger Straße 447;81241;München;;;;
Planegg;116980;LS77383;nein;01.04.2026;Logistik;24407;Konux;KONUX GmbH;Flößergasse 2;81369;München;;;;
Kyffhäuser;116981;LS77384;ja;13.04.2026;Logistik;24353;ETL ADVITAX;ETL ADVITAX GmbH;Rauchfußstr. 8;06128;Halle (Saale);;;;
Gänshirt-Aufmbruch;116982;LS77385;nein;01.04.2026;Logistik;23263;BOLL & KIRCH Filterbau GmbH;BOLL & KIRCH Filterbau GmbH;Werk 1  Siemensstr. 10-14;50170;Kerpen;;;;
Gänshirt-Aufmbruch;116983;LS77386;nein;01.04.2026;Logistik;23263;BOLL & KIRCH Filterbau GmbH;BOLL & KIRCH Filterbau GmbH;Werk 1  Siemensstr. 10-14;50170;Kerpen;;;;
Gänshirt-Aufmbruch;116984;LS77387;nein;01.04.2026;Logistik;23263;BOLL & KIRCH Filterbau GmbH;BOLL & KIRCH Filterbau GmbH;Werk 1  Siemensstr. 10-14;50170;Kerpen;;;;
Gänshirt-Aufmbruch;116985;LS77388;nein;01.04.2026;Logistik;23263;BOLL & KIRCH Filterbau GmbH;BOLL & KIRCH Filterbau GmbH;Werk 1  Siemensstr. 10-14;50170;Kerpen;;;;
Gänshirt-Aufmbruch;116986;LS77389;nein;01.04.2026;Logistik;23263;BOLL & KIRCH Filterbau GmbH;BOLL & KIRCH Filterbau GmbH;Werk 1  Siemensstr. 10-14;50170;Kerpen;;;;
Gänshirt-Aufmbruch;116987;LS77390;nein;01.04.2026;Logistik;23263;BOLL & KIRCH Filterbau GmbH;BOLL & KIRCH Filterbau GmbH;Werk 1  Siemensstr. 10-14;50170;Kerpen;;;;
Gänshirt-Aufmbruch;116988;LS77391;nein;01.04.2026;Logistik;23263;BOLL & KIRCH Filterbau GmbH;BOLL & KIRCH Filterbau GmbH;Werk 1  Siemensstr. 10-14;50170;Kerpen;;;;
Gänshirt-Aufmbruch;116989;LS77392;nein;01.04.2026;Logistik;23263;BOLL & KIRCH Filterbau GmbH;BOLL & KIRCH Filterbau GmbH;Werk 1  Siemensstr. 10-14;50170;Kerpen;;;;
Gänshirt-Aufmbruch;116990;LS77393;nein;01.04.2026;Logistik;23263;BOLL & KIRCH Filterbau GmbH;BOLL & KIRCH Filterbau GmbH;Werk 1  Siemensstr. 10-14;50170;Kerpen;;;;
Gänshirt-Aufmbruch;116991;LS77394;nein;01.04.2026;Logistik;23263;BOLL & KIRCH Filterbau GmbH;BOLL & KIRCH Filterbau GmbH;Werk 1 Siemensstr. 10-14;50170;Kerpen;;;;
Gänshirt-Aufmbruch;116992;LS77395;nein;01.04.2026;Logistik;23263;BOLL & KIRCH Filterbau GmbH;BOLL & KIRCH Filterbau GmbH;Werk 1  Siemensstr. 10-14;50170;Kerpen;;;;
Gänshirt-Aufmbruch;116993;LS77396;nein;01.04.2026;Logistik;23263;BOLL & KIRCH Filterbau GmbH;BOLL & KIRCH Filterbau GmbH;Werk 1  Siemensstr. 10-14;50170;Kerpen;;;;
Gänshirt-Aufmbruch;116994;LS77397;nein;01.04.2026;Logistik;23263;BOLL & KIRCH Filterbau GmbH;BOLL & KIRCH Filterbau GmbH;Werk 1  Siemensstr. 10-14;50170;Kerpen;;;;
Gänshirt-Aufmbruch;116995;LS77398;nein;01.04.2026;Logistik;23263;BOLL & KIRCH Filterbau GmbH;BOLL & KIRCH Filterbau GmbH;Werk 1  Siemensstr. 10-14;50170;Kerpen;;;;
Gänshirt-Aufmbruch;116996;LS77399;nein;01.04.2026;Logistik;23263;BOLL & KIRCH Filterbau GmbH;BOLL & KIRCH Filterbau GmbH;Werk 1  Siemensstr. 10-14;50170;Kerpen;;;;
Gänshirt-Aufmbruch;116997;LS77400;nein;01.04.2026;Logistik;23263;BOLL & KIRCH Filterbau GmbH;BOLL & KIRCH Filterbau GmbH;Werk 2  Europaring 3-5;50170;Kerpen;;;;
Gänshirt-Aufmbruch;116998;LS77401;nein;01.04.2026;Logistik;23263;BOLL & KIRCH Filterbau GmbH;BOLL & KIRCH Filterbau GmbH;Siemensstr. 10-14;50170;Kerpen;;;;
Gänshirt-Aufmbruch;116999;LS77402;nein;01.04.2026;Logistik;23263;BOLL & KIRCH Filterbau GmbH;BOLL & KIRCH Filterbau GmbH;Werk 2  Europaring 3-5;50170;Kerpen;;;;
Gänshirt-Aufmbruch;117000;LS77403;nein;01.04.2026;Logistik;23263;BOLL & KIRCH Filterbau GmbH;BOLL & KIRCH Filterbau GmbH;Werk 2  Europaring 3-5;50170;Kerpen;;;;
Gänshirt-Aufmbruch;117001;LS77404;nein;01.04.2026;Logistik;23263;BOLL & KIRCH Filterbau GmbH;BOLL & KIRCH Filterbau GmbH;Werk 2  Europaring 3-5;50170;Kerpen;;;;
Gänshirt-Aufmbruch;117002;LS77405;nein;01.04.2026;Logistik;23263;BOLL & KIRCH Filterbau GmbH;BOLL & KIRCH Filterbau GmbH;Werk 2  Europaring 3-5;50170;Kerpen;;;;
Gänshirt-Aufmbruch;117003;LS77406;nein;01.04.2026;Logistik;23263;BOLL & KIRCH Filterbau GmbH;BOLL & KIRCH Filterbau GmbH;Siemensstr. 10-14;50170;Kerpen;;;;
Gänshirt-Aufmbruch;117004;LS77407;nein;01.04.2026;Logistik;23263;BOLL & KIRCH Filterbau GmbH;BOLL & KIRCH Filterbau GmbH;Werk 1  Siemensstr. 10-14;50170;Kerpen;;;;
Gänshirt-Aufmbruch;117005;LS77408;nein;01.04.2026;Logistik;23263;BOLL & KIRCH Filterbau GmbH;BOLL & KIRCH Filterbau GmbH;Werk 1  Siemensstr. 10-14;50170;Kerpen;;;;
Gänshirt-Aufmbruch;117006;LS77409;nein;01.04.2026;Logistik;23263;BOLL & KIRCH Filterbau GmbH;BOLL & KIRCH Filterbau GmbH;Siemensstr. 10-14;50170;Kerpen;;;;
Gänshirt-Aufmbruch;117007;LS77410;nein;01.04.2026;Logistik;23263;BOLL & KIRCH Filterbau GmbH;BOLL & KIRCH Filterbau GmbH;Siemensstr. 10-14;50170;Kerpen;;;;
Planegg;117008;LS77411;nein;01.04.2026;Logistik;24490;smartvillage;smartvillage M-Schwanthalerhöhe GmbH;Ganghoferstraße 66 b;80339;München;;;;
Planegg;117009;LS77412;nein;01.04.2026;Logistik;24490;smartvillage;smartvillage M-Schwanthalerhöhe GmbH;Ganghoferstraße 66 b;80339;München;;;;
Planegg;117010;LS77413;nein;01.04.2026;Logistik;24490;smartvillage;smartvillage M-Schwanthalerhöhe GmbH;Ganghoferstraße 66 b;80339;München;;;;
VST Plep;117011;LS77414;nein;01.04.2026;Logistik;23926;Schottel;SCHOTTEL GmbH;Hirtenau / Schottelstr. 1;56281;Dörth;;;;
VST Plep;117012;LS77415;nein;01.04.2026;Logistik;23926;Schottel;SCHOTTEL GmbH;Hirtenau / Schottelstr. 1;56281;Dörth;;;;
VST Plep;117013;LS77416;nein;01.04.2026;Logistik;23926;Schottel;SCHOTTEL GmbH;Hirtenau / Schottelstr. 1;56281;Dörth;;;;
VST Plep;117014;LS77417;nein;01.04.2026;Logistik;23926;Schottel;SCHOTTEL GmbH;Hirtenau / Schottelstr. 1;56281;Dörth;;;;
VST Plep;117015;LS77418;nein;01.04.2026;Logistik;23926;Schottel;SCHOTTEL GmbH;Hirtenau / Schottelstr. 1;56281;Dörth;;;;
VST Plep;117016;LS77419;nein;01.04.2026;Logistik;23926;Schottel;SCHOTTEL GmbH;Hirtenau / Schottelstr. 1;56281;Dörth;;;;
VST Plep;117017;LS77420;nein;01.04.2026;Logistik;23926;Schottel;SCHOTTEL GmbH;Hirtenau / Schottelstr. 1;56281;Dörth;;;;
VST Plep;117018;LS77421;nein;01.04.2026;Logistik;23926;Schottel;SCHOTTEL GmbH;Hirtenau / Schottelstr. 1;56281;Dörth;;;;
VST Plep;117019;LS77422;nein;01.04.2026;Logistik;23926;Schottel;SCHOTTEL GmbH;Hirtenau / Schottelstr. 1;56281;Dörth;;;;
VST Plep;117020;LS77423;nein;01.04.2026;Logistik;23926;Schottel;SCHOTTEL GmbH;Hirtenau / Schottelstr. 1;56281;Dörth;;;;
STK Service;117021;LS77424;ja;26.03.2026;Logistik;24627;Stadt Isselburg;Stadt Isselburg;Hüttenstraße 33-35;46419;Isselburg;;;;
STK Service;117022;LS77425;ja;26.03.2026;Logistik;24627;Stadt Isselburg;Stadt Isselburg;Minervastraße 12;46419;Isselburg;;;;
Planegg;117023;LS77426;ja;25.03.2026;Logistik;24755;B&P SPED;B&P SPED;Römerstr. 3;85414;Kirchdorf an der Amper;;;;
VST Plep;117024;LS77427;nein;01.04.2026;Logistik;24717;Pink GmbH Vakuumtechnik;PINK GmbH Vakuumtechnik;Gyula-Horn-Straße 20;97877;Wertheim;;;;
Planegg;117025;LS77428;nein;01.04.2026;Logistik;24656;Radiologische, Strahlentherape;DIE RADIOLOGIE;Münchener Str. 1;82110;Germering;;;;
VST Schörling;117026;LS77429;nein;01.04.2026;Logistik;24612;Fasching Enterprises UG;Fasching Enterprise GmbH;Habenschadenstraße 4 a;82049;Pullach;;;;
Planegg;117027;LS77430;nein;01.04.2026;Logistik;24718;Auto Kölbl GmbH;Auto Kölbl GmbH;Michael-Kölbl-Str. 2;85716;Unterschleißheim;;;;
Planegg;117028;LS77431;nein;01.04.2026;Logistik;24718;Auto Kölbl GmbH;Auto Kölbl GmbH;Michael-Kölbl-Str. 3;85716;Unterschleißheim;;;;
Planegg;117029;LS77432;nein;01.04.2026;Logistik;24718;Auto Kölbl GmbH;Auto Kölbl GmbH;Landshuter Straße 25;85716;Unterschleißheim;;;;
STK Service;117030;LS77433;nein;01.04.2026;Logistik;24738;Finanzamt Duisburg-West;Finanzamt Duisburg-West;Friedrich-Ebert-Straße 133;47226;Duisburg;;;;
Gänshirt-Aufmbruch;117031;LS77434;nein;01.04.2026;Logistik;24655;KW Kölner Weihnachtsgesellscha;KW Kölner Weihnachtsgesellschaft mbH;Bergische Landstraße 106;51503;Rösrath;;;;
aboutwater Frankfurt;117032;LS77435;ja;01.04.2026;Logistik;24735;InA gGmbH;InA gGmbH Integration in Arbeit;Hauptstr. 56;64711;Erbach;;;;
aboutwater Frankfurt;117033;LS77436;ja;01.04.2026;Logistik;24735;InA gGmbH;InA gGmbH Integration in Arbeit;Hauptstr. 56;64711;Erbach;;;;
aboutwater Frankfurt;117034;LS77437;ja;01.04.2026;Logistik;24735;InA gGmbH;InA gGmbH Integration in Arbeit;Hauptstr. 56;64711;Erbach;;;;
aboutwater Frankfurt;117035;LS77438;ja;01.04.2026;Logistik;24735;InA gGmbH;InA gGmbH Integration in Arbeit;Hauptstr. 56;64711;Erbach;;;;
AMW Auersperg;117036;LS77439;ja;02.04.2026;Logistik;22472;Schön Klinik SE;Schön Klinik Holding SE;Schlüterstraße 39;10629;Berlin;;;;
Planegg;117037;LS77440;nein;01.04.2026;Logistik;24776;Max-Planck-Förderstiftung;Max-Planck-Förderstiftung;Aldringenstr. 4;80639;München;;;;
VST Schörling;117038;LS77441;ja;26.03.2026;Logistik;24561;EcoG GmbH;EcoG GmbH;Truderinger Straße 283;81825;München;;;;
VST Schörling;117039;LS77442;ja;26.03.2026;Logistik;24561;EcoG GmbH;EcoG GmbH;Bognerhofweg 6;81825;München;;;;
VST Plep;117042;LS77445;nein;01.04.2026;Logistik;23926;Schottel;SCHOTTEL GmbH;Mainzer Str. 99;56322;Spay / Rhein;;;;
VST Plep;117043;LS77446;nein;01.04.2026;Logistik;23926;Schottel;SCHOTTEL GmbH;Mainzer Str. 99;56322;Spay / Rhein;;;;
VST Plep;117044;LS77447;nein;01.04.2026;Logistik;23926;Schottel;SCHOTTEL GmbH;Mainzer Str. 99;56322;Spay / Rhein;;;;
VST Plep;117045;LS77448;nein;01.04.2026;Logistik;23926;Schottel;SCHOTTEL GmbH;Mainzer Str. 99;56322;Spay / Rhein;;;;
VST Plep;117046;LS77449;nein;01.04.2026;Logistik;23926;Schottel;SCHOTTEL GmbH;Mainzer Str. 99;56322;Spay / Rhein;;;;
Ines Rütz Appen;117047;LS77450;nein;01.04.2026;Logistik;24610;Aequitas;Aequitas integration AG;Hongkongstraße 3;20457;Hamburg;;;;
aboutwater Frankfurt;117048;LS77451;nein;01.04.2026;Logistik;24331;Dr.Willmar Schwabe (1) GmbH;Dr. Willmar Schwabe GmbH & Co. KG;Willmar-Schwabe-Straße 4;76227;Karlsruhe;;;;
aboutwater Frankfurt;117049;LS77452;nein;01.04.2026;Logistik;24553;Schwabe Extracta;Schwabe Extracta GmbH & Co. KG;Willmar-Schwabe-Straße 4;76227;Karlsruhe;;;;
aboutwater Bünde;117050;LS77453;ja;16.03.2026;Logistik;24665;Logiline;Logiline GmbH;Neddernfeld 7;30853;Langenhagen;;;;
VST Plep;117051;LS77454;ja;07.04.2026;Logistik;24931;Hochschule Trier - Umwelt-Camp;Hochschule Trier - Umwelt-Campus;Campusallee;55768;Hoppstädten-Weiersbach;;;;
aboutwater Frankfurt;117052;LS77455;nein;01.04.2026;Logistik;25036;DHU Dt.Homöopathie / Schwabe;Deutsche Homöopathie-Union;Ottostr. 24;76227;Karlsruhe;;;;
aboutwater Frankfurt;117053;LS77456;nein;01.04.2026;Logistik;25036;DHU Dt.Homöopathie / Schwabe;Deutsche Homöopathie-Union;Ottostr. 24;76227;Karlsruhe;;;;
aboutwater Frankfurt;117054;LS77457;nein;01.04.2026;Logistik;25036;DHU Dt.Homöopathie / Schwabe;Deutsche Homöopathie-Union;Ottostr. 24;76227;Karlsruhe;;;;
aboutwater Frankfurt;117055;LS77458;nein;01.04.2026;Logistik;25036;DHU Dt.Homöopathie / Schwabe;Deutsche Homöopathie-Union;Ottostr. 24;76227;Karlsruhe;;;;
aboutwater Frankfurt;117056;LS77459;nein;01.04.2026;Logistik;25036;DHU Dt.Homöopathie / Schwabe;Deutsche Homöopathie-Union;Ottostr. 24;76227;Karlsruhe;;;;
aboutwater Frankfurt;117057;LS77460;nein;01.04.2026;Logistik;25036;DHU Dt.Homöopathie / Schwabe;Deutsche Homöopathie-Union;Ottostr. 24;76227;Karlsruhe;;;;
aboutwater Frankfurt;117058;LS77461;nein;01.04.2026;Logistik;25036;DHU Dt.Homöopathie / Schwabe;Deutsche Homöopathie-Union;Ottostr. 24;76227;Karlsruhe;;;;
STK Service;117059;LS77462;nein;01.04.2026;Logistik;23672;Green Club/Pottsalat Duisburg;Green Club GmbH;Ruhrorter Str. 24 a;47059;Duisburg;;;;
AMW Auersperg;117060;LS77463;ja;31.03.2026;Logistik;25260;ViP Verkehrsbetrieb Potsdam Gm;ViP Verkehrsbetrieb Potsdam GmbH;Marie Juchacz-Straße;14480;Potsdam;;;;
AMW Auersperg;117061;LS77464;ja;07.04.2026;Logistik;25260;ViP Verkehrsbetrieb Potsdam Gm;ViP Verkehrsbetrieb Potsdam GmbH;Charles-Tellier-Platz;14469;Potsdam;;;;
AMW Auersperg;117062;LS77465;nein;01.04.2026;Logistik;25260;ViP Verkehrsbetrieb Potsdam Gm;ViP Verkehrsbetrieb Potsdam GmbH;Friedrich-Engels-Str. 99;14473;Potsdam;;;;
AMW Auersperg;117063;LS77466;ja;07.04.2026;Logistik;25260;ViP Verkehrsbetrieb Potsdam Gm;ViP Verkehrsbetrieb Potsdam GmbH;Perugiaplatz;14469;Potsdam;;;;
AMW Auersperg;117064;LS77467;ja;01.04.2026;Logistik;25260;ViP Verkehrsbetrieb Potsdam Gm;ViP Verkehrsbetrieb Potsdam GmbH;Friedrich-Engels-Str. 99;14473;Potsdam;;;;
Planegg;117065;LS77468;ja;24.03.2026;Logistik;24368;Audi Eching;Audi München GmbH;Heisenbergstraße 4;85368;Eching;;;;
VST Plep;117066;LS77469;nein;01.04.2026;Logistik;25005;Event Geist GmbH;Event Geist GmbH;Frankfurter Straße 70;65760;Eschborn;;;;
Berlin Wein König;117067;LS77470;nein;01.04.2026;Logistik;25204;Omega Physiotherapie GbR;Omega Physiotherapie GbR;Podbielskiallee 40;14195;Berlin;;;;
VST Plep;117068;LS77471;nein;01.04.2026;Logistik;25131;Carolin Humboldt;Carolin Humboldt;Maria-Montessori-Allee 2;63457;Hanau;;;;
aboutwater Bünde;117069;LS77472;ja;23.03.2026;Logistik;25020;Stadt Tecklenburg;Graf-Adolf-Gymnasium;Hofbauers Kamp 2-4;49545;Tecklenburg;;;;
aboutwater Bünde;117070;LS77473;ja;23.03.2026;Logistik;25020;Stadt Tecklenburg;Teutoburger-Wald-Schule Tecklenburg;Walther-Borgstette-Str. 1;49545;Tecklenburg;;;;
aboutwater Bünde;117071;LS77474;ja;23.03.2026;Logistik;25020;Stadt Tecklenburg;Teutoburger-Wald-Schule Leeden;Am Stift 2;49545;Tecklenburg - Leeden;;;;
aboutwater Bünde;117072;LS77475;ja;23.03.2026;Logistik;25020;Stadt Tecklenburg;Teutoburger-Wald-Schule Ledde;Schulstraße 5;49545;Tecklenburg - Ledde;;;;
Gleisner;117073;LS77476;nein;01.04.2026;Logistik;24141;Nasdo;NASDO AG;Wiesenstraße 1;91126;Schwabach;;;;
Hess;117074;LS77477;nein;01.04.2026;Logistik;25257;Kunststoff-Institut Lüdenschei;Kunststoff-Institut Lüdenscheid Gmb;Karolinenstr. 8;58507;Lüdenscheid;;;;
Planegg;117075;LS77478;nein;01.04.2026;Logistik;24718;Auto Kölbl GmbH;Auto Kölbl GmbH;Hicklstraße 1;85764;Oberschleißheim;;;;
STK Service;117076;LS77479;nein;01.04.2026;Logistik;25268;Isabella Glutenfreie Patisseri;Isabella Glutenfreie Patisserie Gmb;Am Handwerkshof 13;47269;Duisburg;;;;
VST Schörling;117077;LS77480;nein;01.04.2026;Logistik;25078;iABG;IABG mbH;Einsteinstraße 20;85521;Ottobrunn;;;;
VST Schörling;117078;LS77481;nein;01.04.2026;Logistik;25078;iABG;IABG mbH;Einsteinstraße 20;85521;Ottobrunn;;;;
VST Schörling;117079;LS77482;nein;01.04.2026;Logistik;25078;iABG;IABG mbH;Einsteinstraße 20;85521;Ottobrunn;;;;
Schöttle - Haiterbach;117081;LS77484;ja;20.03.2026;Logistik;25185;Medizinischer Dienst Baden-Wür;Medizinischer Dienst Baden-Württemb;An der Friedrichshöhe 2;97941;Tauberbischofsheim;;;;
Planegg;117082;LS77485;ja;09.04.2026;Logistik;25317;Mynaric;Mynaric Lasercom GmbH;Bertha-Kipfmüller-Straße 2-8;81249;München;;;;
Planegg;117083;LS77486;ja;09.04.2026;Logistik;25317;Mynaric;Mynaric Lasercom GmbH;Bertha-Kipfmüller-Straße 2-8;81249;München;;;;
Planegg;117084;LS77487;ja;09.04.2026;Logistik;25317;Mynaric;Mynaric Lasercom GmbH;Bertha-Kipfmüller-Straße 2-8;81249;München;;;;
Planegg;117085;LS77488;ja;09.04.2026;Logistik;25317;Mynaric;Mynaric Lasercom GmbH;Bertha-Kipfmüller-Straße 2-8;81249;München;;;;
VST Schörling;117086;LS77489;ja;25.03.2026;Logistik;25318;Volue Germany GmbH;Volue Germany GmbH;Richard-Strauss-Straße 82;81679;München;;;;
aboutwater Bünde;117087;LS77490;nein;01.04.2026;Logistik;24094;Stroetmann Senden+Münster;L. Stroetmann Lebensmittel SE & Co.;Harkortstraße 30;48163;Münster;;;;
Planegg;117088;LS77491;nein;01.04.2026;Logistik;25298;Darktrace;Darktrace Holding Ltd.;Sonnenstraße 31;80331;München;;;;
Planegg;117089;LS77492;nein;01.04.2026;Logistik;25238;Balta Gebäudemanagement GmbH;Dr. med. Annette Schloßberger;Stievestraße 9  EG rechts;80638;München;;;;
Planegg;117090;LS77493;nein;01.04.2026;Logistik;25306;Gemeinde Krailling;Gemeinde Krailling;Rudolf-von-Hirsch-Str. 1;82152;Krailling;;;;
Planegg;117091;LS77494;ja;07.04.2026;Logistik;25303;Bavarian International School;Bavarian International School gAG;Hauptstraße 1;85778;Haimhausen;;;;
Planegg;117092;LS77495;ja;07.04.2026;Logistik;25303;Bavarian International School;Bavarian International School gAG;Hauptstraße 1;85778;Haimhausen;;;;
Planegg;117093;LS77496;ja;07.04.2026;Logistik;25303;Bavarian International School;Bavarian International School gAG;Hauptstraße 1;85778;Haimhausen;;;;
Planegg;117094;LS77497;ja;07.04.2026;Logistik;25303;Bavarian International School;Bavarian International School gAG;Hauptstraße 1;85778;Haimhausen;;;;
Planegg;117095;LS77498;ja;07.04.2026;Logistik;25303;Bavarian International School;Bavarian International School gAG;Hauptstraße 1;85778;Haimhausen;;;;
Planegg;117096;LS77499;ja;07.04.2026;Logistik;25303;Bavarian International School;Bavarian International School gAG;Hauptstraße 1;85778;Haimhausen;;;;
Planegg;117097;LS77500;ja;07.04.2026;Logistik;25303;Bavarian International School;Bavarian International School gAG;Hauptstraße 1;85778;Haimhausen;;;;
Planegg;117098;LS77501;ja;07.04.2026;Logistik;25303;Bavarian International School;Bavarian International School gAG;Hauptstraße 1;85778;Haimhausen;;;;
Planegg;117099;LS77502;ja;07.04.2026;Logistik;25303;Bavarian International School;Bavarian International School gAG;Hauptstraße 1;85778;Haimhausen;;;;
Planegg;117100;LS77503;ja;07.04.2026;Logistik;25303;Bavarian International School;Bavarian International School gAG;Hauptstraße 1;85778;Haimhausen;;;;
AMW Auersperg;117101;LS77504;nein;01.04.2026;Logistik;25254;Oberlinklinik;Oberlinklinik gGmbH;Rudolf-Breitscheid-Str. 24;14482;Potsdam;;;;
AMW Auersperg;117102;LS77505;ja;07.04.2026;Logistik;25254;Oberlinklinik;MVZ- Potsdam-Luisenplatz;Luisenplatz 1;14471;Potsdam;;;;
AMW Auersperg;117103;LS77506;ja;31.03.2026;Logistik;25254;Oberlinklinik;MVZ-Kleinmachnow;Förster-Funke-Allee 104;14532;Kleinmachnow;;;;
AMW Auersperg;117104;LS77507;nein;01.04.2026;Logistik;25254;Oberlinklinik;Oberlinklinik gGmbH;Rudolf-Breitscheid-Str. 24;14482;Potsdam;;;;
AMW Auersperg;117105;LS77508;nein;01.04.2026;Logistik;25254;Oberlinklinik;Oberlinklinik gGmbH;Rudolf-Breitscheid-Str. 24;14482;Potsdam;;;;
AMW Auersperg;117106;LS77509;nein;01.04.2026;Logistik;25254;Oberlinklinik;Oberlinklinik gGmbH;Rudolf-Breitscheid-Str. 24;14482;Potsdam;;;;
AMW Auersperg;117107;LS77510;nein;01.04.2026;Logistik;25254;Oberlinklinik;Oberlinklinik gGmbH;Rudolf-Breitscheid-Str. 24;14482;Potsdam;;;;
AMW Auersperg;117108;LS77511;nein;01.04.2026;Logistik;25254;Oberlinklinik;Oberlinklinik gGmbH;Rudolf-Breitscheid-Str. 24;14482;Potsdam;;;;
AMW Auersperg;117109;LS77512;nein;01.04.2026;Logistik;25254;Oberlinklinik;Oberlinklinik gGmbH;Garnstraße Haupteingang der Klinik;14482;Potsdam;;;;
AMW Auersperg;117110;LS77513;nein;01.04.2026;Logistik;25254;Oberlinklinik;Oberlinklinik gGmbH;Garnstraße Haupteingang der Klinik;14482;Potsdam;;;;
AMW Auersperg;117111;LS77514;nein;01.04.2026;Logistik;25254;Oberlinklinik;Oberlinklinik gGmbH;Garnstraße Haupteingang der Klinik;14482;Potsdam;;;;
Berlin Wein König;117112;LS77515;nein;01.04.2026;Logistik;21144;Knotel;Knotel Berlin I GmbH;Nürnberger Str. 8;10787;Berlin;;;;
Bastian;117113;LS77516;nein;26.03.2026;Logistik;25227;Visio Klinik;Visio Klinik GmbH;Weißenregener Str. 1-5;93444;Bad Kötzting;;;;
Bastian;117114;LS77517;nein;26.03.2026;Logistik;25227;Visio Klinik;Visio Klinik GmbH;Weißenregener Str. 1-5;93444;Bad Kötzting;;;;
Bastian;117115;LS77518;nein;26.03.2026;Logistik;25227;Visio Klinik;Visio Klinik GmbH;Weißenregener Str. 1-5;93444;Bad Kötzting;;;;
Bastian;117116;LS77519;nein;26.03.2026;Logistik;25227;Visio Klinik;Visio Klinik GmbH;Weißenregener Str. 1-5;93444;Bad Kötzting;;;;
Bastian;117117;LS77520;nein;26.03.2026;Logistik;25227;Visio Klinik;Visio Klinik GmbH;Weißenregener Str. 1-5;93444;Bad Kötzting;;;;
Bastian;117118;LS77521;nein;26.03.2026;Logistik;25227;Visio Klinik;Visio Klinik GmbH;Weißenregener Str. 1-5;93444;Bad Kötzting;;;;
Bastian;117119;LS77522;nein;26.03.2026;Logistik;25227;Visio Klinik;Visio Klinik GmbH;Weißenregener Str. 1-5;93444;Bad Kötzting;;;;
Bastian;117120;LS77523;nein;26.03.2026;Logistik;25227;Visio Klinik;Visio Klinik GmbH;Weißenregener Str. 1-5;93444;Bad Kötzting;;;;
Bastian;117121;LS77524;nein;26.03.2026;Logistik;25227;Visio Klinik;Visio Klinik GmbH;Weißenregener Str. 1-5;93444;Bad Kötzting;;;;
Bastian;117122;LS77525;nein;26.03.2026;Logistik;25227;Visio Klinik;Visio Klinik GmbH;Weißenregener Str. 1-5;93444;Bad Kötzting;;;;
Bastian;117123;LS77526;nein;26.03.2026;Logistik;25227;Visio Klinik;Visio Klinik GmbH;Weißenregener Str. 1-5;93444;Bad Kötzting;;;;
Bastian;117124;LS77527;nein;26.03.2026;Logistik;25227;Visio Klinik;Visio Klinik GmbH;Weißenregener Str. 1-5;93444;Bad Kötzting;;;;
Bastian;117125;LS77528;nein;26.03.2026;Logistik;25227;Visio Klinik;Visio Klinik GmbH;Weißenregener Str. 1-5;93444;Bad Kötzting;;;;
Bastian;117126;LS77529;nein;26.03.2026;Logistik;25227;Visio Klinik;Visio Klinik GmbH;Weißenregener Str. 1-5;93444;Bad Kötzting;;;;
CJM;117127;LS77530;nein;01.04.2026;Logistik;25297;Praxis für Ergotherapie Klemer;Praxis für Ergotherapie Klemer;Schloßgutsiedlung 2;16244;Schorfheide;;;;
aboutwater Frankfurt;117128;LS77531;nein;01.04.2026;Logistik;24331;Dr.Willmar Schwabe (1) GmbH;Dr. Willmar Schwabe GmbH & Co. KG;Willmar-Schwabe-Straße 4;76227;Karlsruhe;;;;
Ines Rütz Appen;117129;LS77532;nein;01.04.2026;Logistik;25460;Develogic GmbH;Develogic GmbH;Hammer Deich 70;20537;Hamburg;;;;
aboutwater Frankfurt;117130;LS77533;nein;01.04.2026;Logistik;25580;Dr.Willmar Schwabe (1) GmbH;Dr. Willmar Schwabe GmbH & Co. KG;Ottostraße 22c;76227;Karlsruhe;;;;
Gänshirt-Aufmbruch;117131;LS77534;nein;01.04.2026;Logistik;25232;Psychosomatische Tagesklinik;Psychosomatische Tagesklinik Psy TK;Hansaring 55;50670;Köln;;;;
Gänshirt-Aufmbruch;117132;LS77535;nein;01.04.2026;Logistik;25232;Psychosomatische Tagesklinik;Psychosomatische Tagesklinik Psy TK;Hansaring 55;50670;Köln;;;;
aboutwater Bünde;117133;LS77536;nein;01.04.2026;Logistik;24094;Stroetmann Senden+Münster;L. Stroetmann Lebensmittel SE & Co. KG;Harkortstraße 30;48163;Münster;;;;
AQUATRADE Glinde;117134;LS77537;nein;01.04.2026;Logistik;24614;RMS Rhein-Main-Verkehrsverbund;Rhein-Main-Verkehrsverbund;Burchardstraße 17;20095;Hamburg;;;;
VST Plep;117135;LS77538;nein;01.04.2026;Logistik;25622;Doosan Bobcat Bensheim GmbH;Doosan Bobcat Bensheim GmbH;Berliner Ring 89;64625;Bensheim;;;;
VST Plep;117136;LS77539;nein;01.04.2026;Logistik;25622;Doosan Bobcat Bensheim GmbH;Doosan Bobcat Bensheim GmbH;Merianstr. 11;63069;Offenbach;;;;
VST Plep;117137;LS77540;nein;01.04.2026;Logistik;25622;Doosan Bobcat Bensheim GmbH;Doosan Bobcat Bensheim GmbH;Berliner Ring 169;64625;Bensheim;;;;
VST Plep;117138;LS77541;nein;01.04.2026;Logistik;25622;Doosan Bobcat Bensheim GmbH;Doosan Bobcat Bensheim GmbH;Wiesbadener Str. 71;65510;Idstein;;;;
VST Plep;117139;LS77542;ja;07.04.2026;Logistik;25622;Doosan Bobcat Bensheim GmbH;Doosan Bobcat Bensheim GmbH;Am Rangierbahnhof 1;67661;Kaiserslautern;;;;
aboutwater Bünde;117140;LS77543;ja;10.04.2026;Logistik;25622;Doosan Bobcat Bensheim GmbH;Doosan Bobcat Bensheim GmbH;Turmstr. 127;36093;Künzell;;;;
AQUATRADE Glinde;117141;LS77544;nein;01.04.2026;Logistik;25831;NSG Dienstleistungs GmbH;NSG Dienstleistungs GmbH;Kieler Straße 675;22527;Hamburg;;;;
STK Service;117142;LS77545;nein;01.04.2026;Logistik;25832;shirt werden;shirt werden;Rittergasse 23;45239;Essen;;;;
Planegg;117143;LS77546;nein;01.04.2026;Logistik;25854;Dr.Frühwein + Partner 2;Dr.Frühwein & Partner;Kaflerstr. 8;81241;München;;;;
VST Schörling;117144;LS77547;ja;26.03.2026;Logistik;22355;TRICON - Rechtsanwälte Steuerb;TRICON - RECHTSANWÄLTE STEUERBERATER;Bräuhausstraße 4;80331;München;;;;
Planegg;117145;LS77548;nein;01.04.2026;Logistik;25900;A plus architekturbüro trautwe;A plus architektur GmbH;Schillerstraße 40 b;80336;München;;;;
Ines Rütz Appen;117146;LS77549;nein;01.04.2026;Logistik;24242;IVPNetworks;IVPNetworks GmbH;Conventstr. 8-10;22089;Hamburg;;;;
Ines Rütz Appen;117147;LS77550;nein;01.04.2026;Logistik;24242;IVPNetworks;IVPNetworks GmbH;Conventstr. 8-10;22089;Hamburg;;;;
aboutwater Frankfurt;117148;LS77551;ja;01.04.2026;Logistik;25882;myStorage GmbH;myStorage GmbH;Eppelheimer Str. 28;69115;Heidelberg;;;;
aboutwater Frankfurt;117149;LS77552;ja;01.04.2026;Logistik;25882;myStorage GmbH;myStorage GmbH;John-Deere-Str. 79;68163;Mannheim;;;;
VST Schörling;117150;LS77553;ja;09.04.2026;Logistik;25863;Ludwig-Maximilians-Universität;Ludwig-Maximilians-Universität Münc;Grosshaderner Strasse 2;82152;Planegg-Martinsried;;;;
Planegg;117151;LS77554;nein;01.04.2026;Logistik;25884;Stelioplast  GmbH;Stelioplast Roland Stengel;Lena-Christ-Straße 2;82031;Grünwald;;;;
VST Schörling;117152;LS77555;ja;01.04.2026;Logistik;25788;Adler Kunststofftechnik oHG;Adler Kunststofftechnik oHG;Am Neubauernfeld 9;85456;Wartenberg;;;;
VST Schörling;117153;LS77556;ja;01.04.2026;Logistik;25788;Adler Kunststofftechnik oHG;Adler Kunststofftechnik oHG;Am Neubauernfeld 9;85456;Wartenberg;;;;
VST Schörling;117154;LS77557;ja;01.04.2026;Logistik;25788;Adler Kunststofftechnik oHG;Adler Kunststofftechnik oHG;Settelestraße 6;85456;Wartenberg;;;;
VST Schörling;117155;LS77558;nein;01.04.2026;Logistik;25857;AT Härtetechnik GmbH;AT Härtetechnik GmbH;Michael-Haselbeck-Str. 24;85640;Putzbrunn;;;;
Planegg;117156;LS77559;ja;24.03.2026;Logistik;25902;MMA Erding;MMA Erding;Moosweg 10;85435;Erding;;;;
Gänshirt-Aufmbruch;117157;LS77560;nein;01.04.2026;Logistik;25771;smartvillage K-Mülheim;smartvillage K-Mülheim GmbH;Schanzenstraße 6 - 20;51063;Köln;;;;
Gänshirt-Aufmbruch;117158;LS77561;nein;01.04.2026;Logistik;25771;smartvillage K-Mülheim;smartvillage K-Mülheim GmbH;Schanzenstraße 6 - 20;51063;Köln;;;;
Gänshirt-Aufmbruch;117159;LS77562;nein;01.04.2026;Logistik;25771;smartvillage K-Mülheim;smartvillage K-Mülheim GmbH;Schanzenstraße 6 - 20;51063;Köln;;;;
Gänshirt-Aufmbruch;117160;LS77563;nein;01.04.2026;Logistik;25771;smartvillage K-Mülheim;smartvillage K-Mülheim GmbH;Schanzenstraße 6 - 20;51063;Köln;;;;
Gänshirt-Aufmbruch;117161;LS77564;nein;01.04.2026;Logistik;25771;smartvillage K-Mülheim;smartvillage K-Mülheim GmbH;Schanzenstraße 6 - 20;51063;Köln;;;;
Gänshirt-Aufmbruch;117162;LS77565;nein;01.04.2026;Logistik;25771;smartvillage K-Mülheim;smartvillage K-Mülheim GmbH;Schanzenstraße 6 - 20;51063;Köln;;;;
Gänshirt-Aufmbruch;117163;LS77566;nein;01.04.2026;Logistik;25771;smartvillage K-Mülheim;smartvillage K-Mülheim GmbH;Schanzenstraße 6 - 20;51063;Köln;;;;
Gänshirt-Aufmbruch;117164;LS77567;nein;01.04.2026;Logistik;25771;smartvillage K-Mülheim;smartvillage K-Mülheim GmbH;Schanzenstraße 6 - 20;51063;Köln;;;;
Gänshirt-Aufmbruch;117165;LS77568;nein;01.04.2026;Logistik;25771;smartvillage K-Mülheim;smartvillage K-Mülheim GmbH;Schanzenstraße 6 - 20;51063;Köln;;;;
Gänshirt-Aufmbruch;117166;LS77569;nein;01.04.2026;Logistik;25771;smartvillage K-Mülheim;smartvillage K-Mülheim GmbH;Schanzenstraße 6 - 20;51063;Köln;;;;
Planegg;117167;LS77570;nein;01.04.2026;Logistik;25875;Kunze Medien AG;Kunze Medien AG;Leopoldstr. 250;80807;München;;;;
Schöttle - Haiterbach;117168;LS77571;ja;01.04.2026;Logistik;25750;Stadt Winnenden;Feuerwehr Winnenden;Mühltorstr. 50;71364;Winnenden;;;;
CJM;117169;LS77572;nein;01.04.2026;Logistik;24997;Amt Schenkenländchen;Kita Kinderinsel Teupitz;Bergstr. 8;15755;Teupitz;;;;
CJM;117170;LS77573;ja;31.03.2026;Logistik;25754;Physio Aktiv Grit Gärtner;Physio Aktiv Grit Gärtner;Lieberoser Str.35-36;03046;Cottbus;;;;
VST Schörling;117171;LS77574;ja;25.03.2026;Logistik;22732;Micro Fuzzy /KPIT-Tochterfirma;Micro Fuzzy Industrie-Elektronic Gm;Schleißheimer Str 377;80935;München;;;;
VST Schörling;117172;LS77575;ja;25.03.2026;Logistik;22732;Micro Fuzzy /KPIT-Tochterfirma;Micro Fuzzy Industrie-Elektronic Gm;Schleißheimer Str 377;80935;München;;;;
Kyffhäuser;117173;LS77576;ja;03.04.2026;Logistik;26163;Falck Olbernhau;Falck Notfallrettung u.Katastrophenschutz;Unterer Flöhaweg 8a;09526;Olbernhau;;;;
Kyffhäuser;117174;LS77577;ja;03.04.2026;Logistik;26164;Falck Pockau-Lengenfeld;Falck Notfallrettung u.Katastrophenschutz;Buchener Straße 2;09509;Pockau-Lengenfeld;;;;
VST Schörling;117175;LS77578;ja;07.04.2026;Logistik;20148;KPIT Technologies GmbH;KPIT Technologies GmbH;Frankfurter Ring 105b;80807;München;;;;
VST Schörling;117176;LS77579;nein;01.04.2026;Logistik;20148;KPIT Technologies GmbH;KPIT Technologies GmbH;Frankfurter Ring 105b;80807;München;;;;
VST Schörling;117177;LS77580;ja;07.04.2026;Logistik;20148;KPIT Technologies GmbH;KPIT Technologies GmbH;Frankfurter Ring 105b;80807;München;;;;
VST Schörling;117178;LS77581;ja;07.04.2026;Logistik;20148;KPIT Technologies GmbH;KPIT Technologies GmbH;Frankfurter Ring 105b;80807;München;;;;
VST Schörling;117179;LS77582;nein;01.04.2026;Logistik;25078;iABG;IABG mbH;Einsteinstraße 20;85521;Ottobrunn;;;;
VST Schörling;117180;LS77583;ja;07.04.2026;Logistik;20148;KPIT Technologies GmbH;KPIT Technologies GmbH;Frankfurter Ring 105b;80807;München;;;;
aboutwater Frankfurt;117181;LS77584;nein;01.04.2026;Logistik;24331;Dr.Willmar Schwabe (1) GmbH;Dr. Willmar Schwabe GmbH & Co. KG;Willmar-Schwabe-Straße 4;76227;Karlsruhe;;;;
aboutwater Frankfurt;117182;LS77585;nein;01.04.2026;Logistik;24331;Dr.Willmar Schwabe (1) GmbH;Dr. Willmar Schwabe GmbH & Co. KG;Willmar-Schwabe-Straße 4;76227;Karlsruhe;;;;
aboutwater Frankfurt;117183;LS77586;nein;01.04.2026;Logistik;24331;Dr.Willmar Schwabe (1) GmbH;Dr. Willmar Schwabe GmbH & Co. KG;Willmar-Schwabe-Straße 4;76227;Karlsruhe;;;;
aboutwater Frankfurt;117184;LS77587;nein;01.04.2026;Logistik;24331;Dr.Willmar Schwabe (1) GmbH;Dr. Willmar Schwabe GmbH & Co. KG;Willmar-Schwabe-Straße 4;76227;Karlsruhe;;;;
aboutwater Frankfurt;117185;LS77588;nein;01.04.2026;Logistik;24331;Dr.Willmar Schwabe (1) GmbH;Dr. Willmar Schwabe GmbH & Co. KG;Willmar-Schwabe-Straße 4;76227;Karlsruhe;;;;
aboutwater Frankfurt;117186;LS77589;nein;01.04.2026;Logistik;24331;Dr.Willmar Schwabe (1) GmbH;Dr. Willmar Schwabe GmbH & Co. KG;Willmar-Schwabe-Straße 4;76227;Karlsruhe;;;;
Gänshirt-Aufmbruch;117187;LS77590;nein;01.04.2026;Logistik;26159;Zahnarztpraxis Dentscheid;Zahnarztpraxis Dentscheid;Gertenbachstr. 30;42899;Remscheid;;;;
Gänshirt-Aufmbruch;117188;LS77591;nein;01.04.2026;Logistik;26271;von den Steinen GmbH & Co. KG;von den Steinen GmbH & Co. KG;Baumschulenweg 8;42855;Remscheid-Hasten;;;;
aboutwater Frankfurt;117189;LS77592;ja;01.04.2026;Logistik;25645;Etos Fitnessstudio Ziegler;ETOS Fitnessstudio;Hauptstr. 1;76744;Wörth am Rhein;;;;
VST Schörling;117190;LS77593;nein;01.04.2026;Logistik;22769;Seewirt Bootsverleih Tegernsee;Seewirt und Bootsverleih Tegernsee;Seestraße 60;83684;Tegernsee;;;;
Planegg;117191;LS77594;nein;01.04.2026;Logistik;26333;Helgert Zahnmedizin Kieferorth;Dr. Helgert Zahnmedizin und Kiefero;Görresstraße 37;80798;München;;;;
AMW Auersperg;117193;LS77596;ja;10.04.2026;Logistik;26168;smartvillage B-Neukölln;smartvillage B Neukölln GmbH;Donaustraße 40;12043;Berlin;;;;
AMW Auersperg;117194;LS77597;ja;09.04.2026;Logistik;26168;smartvillage B-Neukölln;smartvillage B Neukölln GmbH;Donaustraße 40;12043;Berlin;;;;
AMW Auersperg;117195;LS77598;ja;08.04.2026;Logistik;26168;smartvillage B-Neukölln;smartvillage B Neukölln GmbH;Donaustraße 40;12043;Berlin;;;;
AMW Auersperg;117196;LS77599;ja;10.04.2026;Logistik;26168;smartvillage B-Neukölln;smartvillage B Neukölln GmbH;Donaustraße 40;12043;Berlin;;;;
AMW Auersperg;117197;LS77600;ja;10.04.2026;Logistik;26168;smartvillage B-Neukölln;smartvillage B Neukölln GmbH;Donaustraße 40;12043;Berlin;;;;
AMW Auersperg;117198;LS77601;ja;08.04.2026;Logistik;26168;smartvillage B-Neukölln;smartvillage B Neukölln GmbH;Karl-Marx- Str. 101;12043;Berlin;;;;
AMW Auersperg;117199;LS77602;ja;08.04.2026;Logistik;26168;smartvillage B-Neukölln;smartvillage B Neukölln GmbH;Karl-Marx- Str. 101;12043;Berlin;;;;
AMW Auersperg;117200;LS77603;ja;09.04.2026;Logistik;26168;smartvillage B-Neukölln;smartvillage B Neukölln GmbH;Karl-Marx- Str. 101;12043;Berlin;;;;
AMW Auersperg;117201;LS77604;ja;08.04.2026;Logistik;26168;smartvillage B-Neukölln;smartvillage B Neukölln GmbH;Karl-Marx- Str. 101;12043;Berlin;;;;
Hess;117202;LS77605;nein;01.04.2026;Logistik;25516;Sparkasse Paderborn-Detmold;Sparkasse Paderborn-Detmold-Höxter;Hauptstraße 28;34431;Marsberg;;;;
aboutwater Bünde;117203;LS77606;ja;27.03.2026;Logistik;25516;Sparkasse Paderborn-Detmold;Sparkasse Paderborn-Detmold-Höxter;Nieheimer Straße 2;33034;Brakel;;;;
Gänshirt-Aufmbruch;117204;LS77607;nein;01.04.2026;Logistik;26363;Alma-Park GmbH;Alma-Park GmbH;Almastraße 39;45886;Gelsenkirchen;;;;
STK Service;117205;LS77608;nein;01.04.2026;Logistik;26367;Eis-Café Konditorei Perfekt;Eis-Café Konditorei Perfekt;Friedrich-Ebert-Straße 62;45127;Essen;;;;
AMW Auersperg;117206;LS77609;ja;26.03.2026;Logistik;26303;Dynamic Fitness World;Dynamic Fitness World;Straße 9, Nr. 3;12309;Berlin;;;;
Berlin Wein König;117207;LS77610;nein;01.04.2026;Logistik;23191;ZEITGEIST GROUP GMBH;Zeitgeist Group GmbH;Ziegelstr. 17 / 2.OG;10117;Berlin;;;;
GWA;117208;LS77611;nein;01.04.2026;Logistik;26336;ARGE Ingenieurgesellschaft;InGe BM SuedOstLink A1 (1.OG);Große Diesdorfer Str. 228;39108;Magdeburg;;;;
AMW Auersperg;117209;LS77612;ja;01.04.2026;Logistik;26337;Freiraum für alle GmbH;Freiraum für alle GmbH;Lützowstraße 102 - 104;10785;Berlin;;;;
VST Schörling;117210;LS77613;ja;25.03.2026;Logistik;26314;Bayerisches Verwaltungsgericht;Bayerisches Verwaltungsgericht Muen;Bayerstraße 30;80335;München;;;;
VST Schörling;117211;LS77614;nein;01.04.2026;Logistik;20849;TTI, Inc.;TTI, Inc.;Junkerstraße 1;82178;Puchheim;;;;
Bastian;117212;LS77615;ja;27.03.2026;Logistik;26302;Globus Plattling;GLOBUS Handelshof St. Wendel GmbH &;Dr.-Walter-Bruch-Straße 1;94447;Plattling;;;;
Schöttle - Haiterbach;117213;LS77616;ja;20.03.2026;Logistik;26330;EDL Dienstleistungen GmbH;EDL Dienstleistungen GmbH;Auf der Hub 22;76307;Karlsbad;;;;
AMW Auersperg;117214;LS77617;ja;13.04.2026;Logistik;26388;Andriessens Praxis psych.Gesun;Praxis für psych. Gesundheit am Sav;Ärztehaus  Carmerstr. 7  /  4.OG;10623;Berlin;;;;
Ines Rütz Appen;117215;LS77618;nein;01.04.2026;Logistik;26312;Trustpilot GmbH;Trustpilot GmbH;Esplanade 40;20354;Hamburg;;;;
Ines Rütz Appen;117216;LS77619;nein;01.04.2026;Logistik;26304;Falck Akademie;Falck Akademie Deutschland;Holstenhofweg 47b;22043;Hamburg;;;;
Ines Rütz Appen;117217;LS77620;nein;01.04.2026;Logistik;26305;Falck Rettungsdienst (2) Hambu;Falck Deutschland GmbH;Holstenhofweg 47b;22043;Hamburg;;;;
Ines Rütz Appen;117218;LS77621;nein;01.04.2026;Logistik;26305;Falck Rettungsdienst (2) Hambu;Falck Deutschland GmbH;Holstenhofweg 47b;22043;Hamburg;;;;
aboutwater Bünde;117219;LS77622;nein;01.04.2026;Logistik;24247;Stroetmann Saat Münster;L. Stroetmann Saat GmbH & Co. KG;Kölner Straße 10;48163;Münster;;;;
aboutwater Bünde;117220;LS77623;nein;01.04.2026;Logistik;24247;Stroetmann Saat Münster;L. Stroetmann Saat GmbH & Co. KG;Lübecker Str. 33;48163;Münster;;;;
aboutwater Frankfurt;117221;LS77624;nein;01.04.2026;Logistik;24553;Schwabe (3) Extracta;Schwabe Extracta GmbH & Co. KG;Willmar-Schwabe-Straße 4;76227;Karlsruhe;;;;
aboutwater Frankfurt;117223;LS77625;nein;01.04.2026;Logistik;24331;Dr.Willmar Schwabe (1) GmbH;Dr. W.Schwabe Betrieb Karlsruhe;Willmar-Schwabe-Straße 4;76227;Karlsruhe;;;;
aboutwater Frankfurt;117224;LS77626;nein;01.04.2026;Logistik;24331;Dr.Willmar Schwabe (1) GmbH;Dr. W.Schwabe Betrieb Karlsruhe;Willmar-Schwabe-Straße 4;76227;Karlsruhe;;;;
aboutwater Frankfurt;117225;LS77627;nein;01.04.2026;Logistik;24331;Dr.Willmar Schwabe (1) GmbH;Dr. W.Schwabe Betrieb Karlsruhe;Willmar-Schwabe-Straße 4;76227;Karlsruhe;;;;
aboutwater Frankfurt;117226;LS77628;nein;01.04.2026;Logistik;24331;Dr.Willmar Schwabe (1) GmbH;Dr. W.Schwabe Betrieb Karlsruhe;Willmar-Schwabe-Straße 4;76227;Karlsruhe;;;;
aboutwater Frankfurt;117227;LS77629;nein;01.04.2026;Logistik;24331;Dr.Willmar Schwabe (1) GmbH;Dr. W.Schwabe Betrieb Karlsruhe;Willmar-Schwabe-Straße 4;76227;Karlsruhe;;;;
VST Plep;117228;LS77630;nein;01.04.2026;Logistik;26101;Phorms;Strothoff International School;Frankfurter Str. 160-166;63303;Dreieich;;;;
Planegg;117229;LS77631;nein;01.04.2026;Logistik;26886;Blue Tree Group GmbH;Blue Tree Group GmbH;Emil Riedel Str. 2;80538;München;;;;
aboutwater Frankfurt;117230;LS77632;nein;14.04.2026;Logistik;26721;Wendt-Noise;WENDT-Noise Control GmbH;Beindersheimer Str. 79;67227;Frankenthal;;;;
aboutwater Bünde;117231;LS77633;ja;01.04.2026;Logistik;26902;Kreis Paderborn;Kreis Paderborn;Aldegreverstr. 10 - 14;33102;Paderborn;;;;
aboutwater Bünde;117232;LS77634;ja;01.04.2026;Logistik;26902;Kreis Paderborn;Kreis Paderborn;Burgwall 19;33142;Büren;;;;
aboutwater Bünde;117233;LS77635;ja;01.04.2026;Logistik;26902;Kreis Paderborn;Kreis Paderborn;An der Talle 7;33102;Paderborn;;;;
aboutwater Bünde;117234;LS77636;ja;01.04.2026;Logistik;26902;Kreis Paderborn;Kreis Paderborn;Rathenaustr. 96;33102;Paderborn;;;;
Berlin Wein König;117236;LS77637;nein;01.04.2026;Logistik;21352;Setting;Setting HQ GmbH;Rosenthaler Str. 38;10178;Berlin;;;;
Berlin Wein König;117237;LS77638;nein;01.04.2026;Logistik;21352;Setting;Setting HQ GmbH;Rosenthaler Str. 36;10178;Berlin;;;;
VST Plep;117238;LS77639;nein;01.04.2026;Logistik;26903;Hotel Königshof;Hotel Königshof;Wiesbadener Strasse 30;61462;Königstein;;;;
Planegg;117239;LS77640;nein;01.04.2026;Logistik;26950;Eduvest GmbH;Munich University of Digital Technologies;Otto-Hahn-Ring 6   /  Geb. 75  /  5.OG;81739;München;;;;
Gänshirt-Aufmbruch;117240;LS77641;nein;01.04.2026;Logistik;26884;Rhein-Erft-Kreis;Rhein-Erft-Kreis Zulassungsstelle Hürth;Hürth-Park 100;50354;Hürth;;;;
Planegg;117241;LS77642;nein;01.04.2026;Logistik;26948;facilicon GmbH;facilicon GmbH;Rudolf-Diesel-Ring 32;82054;Sauerlach;;;;
STK Service;117242;LS77643;ja;07.04.2026;Logistik;26948;facilicon GmbH;facilicon GmbH;An der Wachsfabrik 17;50996;Köln;;;;
STK Service;117243;LS77644;ja;07.04.2026;Logistik;26948;facilicon GmbH;facilicon GmbH;An der Wachsfabrik 17;50996;Köln;;;;
STK Service;117244;LS77645;ja;07.04.2026;Logistik;26948;facilicon GmbH;facilicon GmbH;An der Wachsfabrik 17;50996;Köln;;;;
STK Service;117245;LS77646;ja;07.04.2026;Logistik;26948;facilicon GmbH;facilicon GmbH;Am Gewerbehof 28;50170;Kerpen;;;;
Gänshirt-Aufmbruch;117246;LS77647;nein;01.04.2026;Logistik;26777;Finanzamt Düsseldorf-Nord;Finanzamt Düsseldorf-Nord;Hans-Böckler-Str. 36;40476;Düsseldorf;;;;
Gänshirt-Aufmbruch;117247;LS77648;nein;01.04.2026;Logistik;26777;Finanzamt Düsseldorf-Nord;Finanzamt Düsseldorf-Nord;Hans-Böckler-Str. 36;40476;Düsseldorf;;;;
VST Schörling;117248;LS77649;ja;07.04.2026;Logistik;20148;KPIT Technologies GmbH;KPIT Technologies GmbH;Frankfurter Ring 105b;80807;München;;;;
VST Schörling;117249;LS77650;ja;07.04.2026;Logistik;20148;KPIT Technologies GmbH;KPIT Technologies GmbH;Frankfurter Ring 105b;80807;München;;;;
VST Schörling;117250;LS77651;nein;01.04.2026;Logistik;26922;Impact Innovations GmbH;Impact Innovations GmbH;Bürgermeister-Steinberger-Ring 1;84431;Rattenkirchen;;;;
Ines Rütz Appen;117251;LS77652;nein;01.04.2026;Logistik;26909;WG-Langenfelde GbR;WG- Wohngemeinschaft Langenfelde GbR;Försterweg 52;22525;Hamburg;;;;
aboutwater Bünde;117252;LS77653;nein;01.04.2026;Logistik;27327;Stroetmann Tiernahrung Münster;L.Stroetmann Tiernahrung GmbH & Co. KG;Lübecker Str. 33;48163;Münster;;;;
Planegg;117255;LS77655;ja;30.03.2026;Logistik;23315;Pera Coiffeur;Pera Coiffeur;Bahnhofstrße 18 b;85375;Neufahrn;;;;
Planegg;117256;LS77656;ja;31.03.2026;Logistik;23356;edgeconnex;Edgeconnex GmbH;Landsberger Str. 155 (Haus 4);80687;München;;;;
Planegg;117258;LS77657;nein;02.04.2026;Logistik;23966;Elflein Logistik Bamberg;Elflein Logistik Bamberg GmbH;Hufeland Straße 20;80937;München;;;;
Planegg;117259;LS77658;ja;09.04.2026;Logistik;23872;Ara 8;Goodfruit;Boschstr. 5 / 2.OG;82178;Puchheim;;;;
aboutwater Frankfurt;117260;LS77659;ja;02.04.2026;Logistik;24614;RMS Rhein-Main-Verkehrsverbund;Rhein-Main-Verkehrsverbund;Am Hauptbahnhof 6;60329;Frankfurt;;;;
aboutwater Frankfurt;117261;LS77660;nein;10.04.2026;Logistik;24614;RMS Rhein-Main-Verkehrsverbund;Rhein-Main-Verkehrsverbund;Am Hauptbahnhof 6;60329;Frankfurt;;;;
Planegg;117262;LS77661;nein;02.04.2026;Logistik;24996;Königl.Thailänd.Generalkonsula;Königlich Thailändisches Generalkonsulat;Törringstraße 20;81675;München;;;;
Planegg;117263;LS77662;nein;02.04.2026;Logistik;25090;Eavor GmbH;Eavor Erdwärme Geretsried GmbH & Co.KG;Herrnhauser Str. 75;82538;Geretsried;;;;
Planegg;117264;LS77663;nein;02.04.2026;Logistik;24376;Schenker Deutschland AG;DSV Solutions GmbH;Freisinger Str. 15-19;85386;Eching;;;;
Planegg;117265;LS77664;nein;10.04.2026;Logistik;24376;Schenker Deutschland AG;DSV Solutions GmbH;Freisinger Str. 15-19;85386;Eching;;;;
Neumann;117267;LS77665;ja;30.03.2026;Logistik;24433;Physiotherapie Hirtz;Physiotherapie Hirtz;Ährenweg 3;79258;Hartheim am Rhein;;;;
STK Service;117268;LS77666;nein;02.04.2026;Logistik;26142;NK Metallverarbeitung GmbH;NK Metallverarbeitung GmbH;Gewerbering 15;41751;Viersen;;;;
Planegg;117269;LS77667;ja;31.03.2026;Logistik;24226;Kirinus (1) Sendlinger Tor;KIRINUS Praxis GmbH;Sendlinger Tor Platz 7;80336;München;;;;
STK Service;117270;LS77668;ja;02.04.2026;Logistik;27168;Regus Vivid (2) Düsseldorf;Vivid Resourcing;Kaiserswerther Str. 135;40474;Düsseldorf;;;;
STK Service;117271;LS77669;ja;09.04.2026;Logistik;27103;SEJOUR Moden GmbH;SEJOUR Moden GmbH Import - Export;Hans-Böckler-Str. 30-32;47877;Willich;;;;
Planegg;117254;LS77670;ja;16.03.2026;Josefine Mättig;27338;EgonZehnder;Egon Zehnder GmbH;Tuchlauben 7A;1010;Wien;;;;
Kyffhäuser;117272;LS77671;ja;13.03.2026;Estaline Philander;26162;Falck Dorfchemnitz;Falck Notfallrettung u.Katastrophenschutz;An den Gütern 5;08297;Dorfchemnitz;;;;
Berlin Wein König;117273;LS77672;ja;12.03.2026;Florian Gräf;21352;Setting;Setting HQ GmbH;Schönhauser Allee 180;10119;Berlin;;;;
Kyffhäuser;117274;LS77673;ja;13.03.2026;Estaline Philander;26163;Falck Olbernhau;Falck Notfallrettung u.Katastrophenschutz;Unterer Flöhaweg 8a;09526;Olbernhau;;;;
Kyffhäuser;117275;LS77674;ja;13.03.2026;Estaline Philander;26164;Falck Pockau-Lengenfeld;Falck Notfallrettung u.Katastrophenschutz;Buchener Straße 2;09509;Pockau-Lengenfeld;;;;
Kyffhäuser;117276;LS77675;ja;13.03.2026;Estaline Philander;26165;Falck Thalheim;Falck Notfallrettung u.Katastrophenschutz;Am Stollen 1;09380;Thalheim;;;;
Planegg;117277;LS77676;ja;12.03.2026;Christian Irrgang;21524;Rupert Auer;Rupert Auer;Hauptstraße 8;83123;Amerang/Kirchensur;;;;
Kyffhäuser;117278;LS77677;ja;13.03.2026;Estaline Philander;26160;Falck Burkhardtsdorf;Falck Notfallrettung u.Katastrophenschutz;Turmstr. 11 b;09235;Burkhardtsdorf;;;;
AQUATRADE Glinde;117279;LS77678;ja;16.03.2026;Estaline Philander;25561;EPG Ehrhardt+Partner;Ehrhardt + Partner GmbH & Co. KG;Auf dem Königslande 37;22041;Hamburg;;;;
Planegg;117280;LS77679;ja;19.03.2026;Estaline Philander;24733;Jobcenter Fürstenfeldbruck;Jobcenter Fürstenfeldbruck;Oskar-von-Miller-Straße 4f;82256;Fürstenfeldbruck;;;;
Planegg;117281;LS77680;ja;13.03.2026;Estaline Philander;24026;Heamalab vorm.OnkoMedeor;Haemalab - Onkologisches Zentrum Freising MVZ;Weizengasse 2;85354;Freising;;;;
Planegg;;LS77681;ja;12.03.2026;Christian Irrgang;10160;AVALESS;AVALESS GmbH;Hansastr. 24;49205;Hasbergen;;;;
aboutwater Frankfurt;117283;LS77682;ja;12.03.2026;Estaline Philander;25882;myStorage GmbH;myStorage GmbH;Eppelheimer Str. 28;69115;Heidelberg;;;;
Planegg;116782;LS77683;ja;17.03.2026;Josefine Mättig;27344;Voyages Unsen;Voyages Unsen;9, rue Principale;8817;Eschette;;;;
Planegg;117285;LS77684;ja;12.03.2026;Josefine Mättig;27169;Good Vibe Bottles;Simon Fortmüller;Alfred-Heinisch-Straße 3/5 Tür 102a;8430;Leibnitz;;;;
Planegg;117286;LS77685;ja;17.03.2026;Rene Kühn;23742;St. Rochus-Hospital Telgt;St. Rochus-Hospital Telgte GmbH;Am Rochus-Hospital 1;48291;Telgte;;;;
aboutwater Frankfurt;117287;LS77686;ja;13.03.2026;Carmen Berger;26203;Involas;Involas Institut für berufliche Bildung;Herrnstraße 53;63065;Offenbach;;;;
Planegg;117288;LS77687;ja;16.03.2026;Florian Gräf;20729;CJM Der Wassermann UG -ha;CJM Der Wassermann GmbH;Gronenfelder Weg 33;15234;Frankfurt;;;;
aboutwater Frankfurt;;LS77688;ja;13.03.2026;Carmen Berger;26338;HELI EUROPE Headquarter GmbH;HELI EUROPE Headquarter GmbH;Grüner Weg 14;61169;Friedberg (Hessen);;;;
Planegg;117297;LS77689;ja;16.03.2026;Florian Gräf;27226;Viva Service AG;Fam. Weis;Bergseestr. 73;76547;Sinzheim;;;;
AMW Auersperg;117289;LS77690;ja;20.03.2026;Petra Gräf;24728;Berufsbildungswerk Oberlinhaus;Berufsbildungswerk im Oberlinhaus gGmbH;Steinstraße 80 - 84;14480;Potsdam;;;;
STK Service;117291;LS77691;ja;23.03.2026;Carmen Berger;21237;Berufstrainingszentrum BTZ;Berufstrainingszentrum Rhein-Ruhr gGmbH;Bebelstr. 56  / Tel. 0208 409400-59;46049;Oberhausen;;;;
Planegg;117292;LS77692;ja;17.03.2026;Carmen Berger;24236;Bayer Immobilien Managemement;Bayerische Immobilien Management GmbH;Kastenbauerstraße 2 - 6;81677;München;;;;
Brengartner Trinkwass;117293;LS76349-2;ja;11.03.2026;Logistik;24917;Hochschule für Polizei BW-IBA;Hochschule für Polizei Baden-Württemberg;Vogesenstraße 22;77933;Lahr;;;;
Planegg;117294;LS77694;ja;25.03.2026;Carmen Berger;25857;AT Härtetechnik GmbH;AT Härtetechnik GmbH;Michael-Haselbeck-Str. 24;85640;Putzbrunn;;;;
Kyffhäuser;117295;LS77695;nein;13.03.2026;Carmen Berger;22775;kW-rent GmbH;kW-rent GmbH;Waldstraße 28;04509;Krositz;;;;
Planegg;117296;LS77696;ja;18.03.2026;Carmen Berger;26924;Natalie Wagner;Natalie Wagner;Bessere Zukunft 6a;82166;Gräfelfing;;;;
Planegg;117299;LS77697;ja;16.03.2026;Josefine Mättig;27347;Timo Trosshardt;Timo Trosshardt;Römerstraße 42a;59075;Hamm;;;;
Planegg;117298;LS77698;ja;13.03.2026;Carmen Berger;25736;Schaal Steuerberatung;Steuerberatung Schaal;Leonrodstr. 54;80636;München;;;;
AMW Auersperg;;LS77700;ja;20.03.2026;Carmen Berger;24728;Berufsbildungswerk Oberlinhaus;Berufsbildungswerk im Oberlinhaus gGmbH;Steinstraße 80 - 84;14480;Potsdam;;;;
Emons;117300;LS77701;ja;16.03.2026;Florian Gräf;21583;Living Water GmbH;mb Support GmbH;Friedenstr. 18;93053;Regensburg;;;;
Planegg;117302;LS77702;ja;18.03.2026;Christian Irrgang;23908;Ewadi Schandl LHI Camp.Pullach;LHI Campus Pullach;Emil-Riedl-Weg 6;82049;Pullach;;;;
Planegg;117303;LS77703;ja;17.03.2026;Carmen Berger;24776;Max-Planck-Förderstiftung;Max-Planck-Förderstiftung;Aldringenstr. 4;80639;München;;;;
Gänshirt-Aufmbruch;114856;LS76105 MBU;ja;20.03.2026;Rene Kühn;23338;Le Gastro;Deutsche Post AG;Kaubendenstr. 11;52078;Aachen;;;;
CJM;117304;LS77705;ja;30.03.2026;Carmen Berger;27090;BäckerMann;BäckerMann Backwaren und Feinkost GmbH;Südwestkorso 9;12161;Berlin;;;;
Emons;117306;LS77706;ja;13.03.2026;Christian Irrgang;20500;Automaten Reinhardt -Kesselsdo;Automaten Reinhardt GmbH & Co.KG;Zum Tälchen 5;01723;Kesselsdorf;;;;
CJM;117305;LS77707;ja;31.03.2026;Carmen Berger;27090;BäckerMann;BäckerMann Backwaren und Feinkost GmbH;Pariser Str. 20;10707;Berlin;;;;
aboutwater Bünde;117307;LS77708;ja;17.03.2026;Petra Gräf;26853;AUGUST STORCK KG;AUGUST STORCK KG;Paulinenweg 12;33790;Halle (Westf.);;;;
VST Schörling;114633;LS75872 MBU;ja;24.03.2026;Rene Kühn;23338;Le Gastro;Deutsche Post AG;Südallee;85356;München - Flughafen;;;;
Planegg;117308;LS77710;ja;16.03.2026;Christian Irrgang;22445;Schedlbauer;Josef Schedlbauer;Schlehenweg 12;94360;Mitterfels;;;;
VST Schörling;114632;LS75871 MBU;ja;13.03.2026;Rene Kühn;23338;Le Gastro;Deutsche Post AG;Südallee;85356;München - Flughafen;;;;
Teamblue Bad Münder;;LS77712;ja;18.03.2026;Florian Gräf;20500;Automaten Reinhardt -Kesselsdo;Automaten Reinhardt GmbH & Co.KG;Zum Tälchen 5;01723;Kesselsdorf;;;;
VST Schörling;114634;LS75874 MBU;ja;24.03.2026;Rene Kühn;23338;Le Gastro;Deutsche Post AG;Südallee;85356;München - Flughafen;;;;
VST Schörling;114631;LS75870 MBU;ja;24.03.2026;Rene Kühn;23338;Le Gastro;Deutsche Post AG;Südallee;85356;München - Flughafen;;;;
VST Schörling;114630;LS75869 MBU;ja;24.03.2026;Rene Kühn;23338;Le Gastro;Deutsche Post AG;Südallee;85356;München - Flughafen;;;;
VST Schörling;112125;LS74256 MBU;ja;24.03.2026;Rene Kühn;23338;Le Gastro;Deutsche Post AG;Siemensstr. 12 A;85716;Unterschleißheim;;;;
VST Schörling;117310;LS77717;ja;23.03.2026;Rene Kühn;22000;Heine Optotechnik;HEINE Optotechnik GmbH & Co. KG;Dornierstraße 6;82205;Gilching;;;;
Planegg;117311;LS77718;ja;17.03.2026;Carmen Berger;26110;Ramada Messe Aspire Munich;Ramada Munich Messe - Aspire Munich GmbH;Stahlgruberring 45;81829;München;;;;
VST Schörling;114312;LS77719;nein;13.03.2026;Petra Gräf;22791;Vidia GmbH;Vidia GmbH;Bürkleinstraße 10;80538;München;;;;
VST Schörling;114312;LS77720;ja;25.03.2026;Petra Gräf;22791;Vidia GmbH;Vidia GmbH;Bürkleinstraße 10;80538;München;;;;
Planegg;117312;LS77721;ja;17.03.2026;Carmen Berger;24202;Berufsfachschule für Pflege;Berufsfachschule für Pflege;Heinz-Goerke-Str. 5;81377;München;;;;
Planegg;114475;BVE 26000072/Quaba Biosou;ja;13.03.2026;Herr Hommel;25000;aboutwater Hungary;aboutwater Zrt;Bárándi u 26-28;8000;SZÉKESFEHÉRVÁR;;;;
POSPRINT;117284;LS77722;nein;13.04.2026;Josefine Mättig;24417;DLA piper UK LLP;DLA piper UK LLP;Neue Mainzer Straße 6-10;60311;Frankfurt a. Main;;;;
POSPRINT;117284;LS77723;nein;13.04.2026;Josefine Mättig;24417;DLA piper UK LLP;DLA Piper UK LLP;Maximilianstraße 2;80539;München;;;;
POSPRINT;117284;LS77724;nein;13.04.2026;Josefine Mättig;24417;DLA piper UK LLP;DLA Piper UK LLP;Alter Wall 4;20457;Hamburg;;;;
POSPRINT;117284;LS77725;nein;13.04.2026;Josefine Mättig;24417;DLA piper UK LLP;DLA Piper UK LLP;Dreischeibenhaus 1;20211;Düsseldorf;;;;
AQUATRADE Bram;117313;LS77726;ja;18.03.2026;Carmen Berger;27321;Endress+Hauser;Endress+Hauser(Deutschland)GmbH+Co.KG;Am Stadtrand 54;22047;Hamburg;;;;
Planegg;117314;LS77727;ja;18.03.2026;Carmen Berger;25884;Stelioplast  GmbH;Stelioplast Roland Stengel;Lena-Christ-Straße 2;82031;Grünwald;;;;
Planegg;116654;LS77728;ja;30.03.2026;Petra Gräf;21493;Autodesk;Autodesk GmbH;Balanstr. 71 a;81541;München;;;;
Planegg;116094;LS77730;ja;16.03.2026;Florian Gräf;25925;WTA Ingenieurbüro GmbH;WTA Ingenieurbüro GmbH;Egelsee 7;78355;Hohenfels;;;;
Planegg;117315;LS77731;ja;13.03.2026;Josefine Mättig;27162;Jakobs Präsent Service GmbH;Schrooten GmbH;Höffgeshofweg 17-19;47807;Krefeld;;;;
VST Schörling;117316;LS77732;ja;23.03.2026;Andreas Pöppe;24333;Bayern FM;Bayerische Landesbrandversicherung;Warngauer Str. 30;81539;München;;;;
AQUATRADE Bram;117318;LS77733;ja;17.03.2026;Florian Gräf;21204;MB Well Service;MB Well Services GmbH;an der B214;27246;Borstel;;;;
Planegg;117317;LS77734;ja;13.03.2026;Josefine Mättig;21771;Josefine Mättig;Josefine Mättig;Hügelstr. 23;82178;Puchheim;;;;
Planegg;117319;LS77735;ja;13.03.2026;Josefine Mättig;20481;Christian Irrgang;Christian Irrgang;Marbachstr. 19;81369;München;;;;
Planegg;;LS77736;ja;17.03.2026;Carmen Berger;24641;Brustdiagnostik München;Brustdiagnostik München;Sonnenstraße 29  /  4.OG;80331;München;;;;
Dolphin, Bonstetten;;LS77737;ja;09.03.2026;Florian Gräf;20234;Bühler-Catering;Bühler-Catering GmbH;Industriestr. 2 b;76275;Ettlingen;;;;
Planegg;117323;LS77738;ja;19.03.2026;Josefine Mättig;10028;Jakob Wassertechnik GmbH;LEGOLAND Deutschland Freizeitpark GmbH;Legoland Allee 1;89312;Günzburg;;;;
Planegg;;LS77739;ja;13.03.2026;Rene Kühn;20772;Crystal Water;Crystal Water;Rosenheimer Str. 34;85635;Höhenkirchen;;;;
Planegg;117325;LS77740;ja;17.03.2026;Carmen Berger;22063;Friseursalon Josef & Sophie;Friseursalon Josef & Sophie;Tegernseer Landstraße 8;81541;München;;;;
VST Plep;;LS77741;ja;16.03.2026;Rene Kühn;23956;Globus Logistik;GLOBUS Logistik GmbH & Co. KG;Globusallee;55411;Bingen;;;;
AMW Auersperg;;LS77742;ja;19.03.2026;Carmen Berger;23958;Bartko & Reher;Bartko & Reher GmbH & Co. KG;Alt-Moabit 98;10559;Berlin;;;;
AMW Auersperg;117326;LS77743;ja;19.03.2026;Estaline Philander;26711;dsb Dt.Sanierungsberatung;dsb Deutsche Sanierungsberatung GmbH;Anna-Louisa-Karsch-Straße 2;10178;Berlin;;;;
Planegg;117329;LS77744;ja;16.03.2026;Josefine Mättig;22124;LGL Haushaltwaren GmbH;LGL Haushaltswaren GmbH;Helferner Weg 14b;49214;Bad Rothenfelde;;;;
Emons;117329;LS77745;ja;16.03.2026;Josefine Mättig;22124;LGL Haushaltwaren GmbH;LGL Haushaltswaren GmbH;Helferner Weg 14b;49214;Bad Rothenfelde;;;;
Planegg;117330;LS77747;ja;16.03.2026;Josefine Mättig;20191;Gleisner;Gleisner GmbH & Co.KG;Pegnitzstr. 13;91207;Lauf an der Pegnitz;;;;
Planegg;117333;LS77748;ja;17.03.2026;Estaline Philander;22173;Diva Beauty Lounge;Diva Beauty Lounge;Waltherstraße 34;80337;München;;;;
Emons;114338.;LS77749;ja;16.03.2026;Florian Gräf;26102;Niedersachsen Wasser;OOWV-Museum Kaskade - Infohaus Wasser;Bäderstraße 2;26349;Jade;;;;
Planegg;117334;LS77750;ja;18.03.2026;Estaline Philander;27154;MedAix Physio Therasport;MedAix Physiotherapie & Rückenzentrum;Bahnhofstraße 12;82194;Gröbenzell;;;;
Planegg;117335;LS77751;ja;17.03.2026;Estaline Philander;26333;Helgert Zahnmedizin Kieferorth;Dr. Helgert Zahnmedizin und Kieferorthopäde;Görresstraße 37;80798;München;;;;
STK Service;117332;LS77752;ja;23.03.2026;Carmen Berger;26238;CSS Europe;H&mv Baustelle (Kraftwerk);Siegenbeckstraße 10;59071;Hamm;;;;
VST Schörling;116532;LS76894 MBU;ja;23.03.2026;Petra Gräf;23338;Le Gastro;Deutsche Post AG;Clemensänger-Ring 19;85356;Freising;;;;
Planegg;117336;LS77754;ja;19.03.2026;Estaline Philander;61804;dm D334 vorm.1804 Göggingen;dm Filiale D334 / vorm.1804;Edisonstraße 2;86199;Augsburg - Göggingen;;;;
Planegg;117337;LS77755;ja;16.03.2026;Josefine Mättig;26347;Hörmann KG (2) Bremen;Hörmann KG Verkaufsgesellschaft;Mittelwendung 25;28844;Weyhe;;;;
AQUATRADE Glinde;116799;LS77756;ja;25.03.2026;Carmen Berger;21494;Realfit;Katja Sampel;Rederstaller Str. 20;25782;Tellingstedt;;;;
Planegg;116799;LS77758;ja;16.03.2026;Carmen Berger;21494;Realfit;Realfit Heide;Husumer Str. 82;25746;Heide;;;;
Emons;116799;LS77759;ja;16.03.2026;Carmen Berger;21494;Realfit;Realfit Heide;Husumer Str. 82;25746;Heide;;;;
Kyffhäuser;;LS77760;ja;17.03.2026;Petra Gräf;26238;CSS Europe;CSS Europe GmbH;Rohrsdorfer Allee 50;09247;Chemnitz-Wittensdorf;;;;
Planegg;117338;LS77761;ja;19.03.2026;Estaline Philander;26629;SKD SE;SKD SE;Otto-Hahn-Straße 7;82216;Maisach;;;;
Planegg;117340;LS77762;ja;16.03.2026;Josefine Mättig;25168;Salzburger Saalachtal Tourismu;Salzburger Saalachtal Tourismus;Lofer 310;5090;Lofer;;;;
Planegg;117342;LS77763;ja;20.03.2026;Estaline Philander;25566;Praxis Dr. med. Katja Ruppert;Praxis Dr. med. Katja Ruppert;Industriestraße 2a;82110;Germering;;;;
STK Service;117343;LS77765;ja;18.03.2026;Estaline Philander;24738;Finanzamt Duisburg-West;Finanzamt Duisburg-West;Friedrich-Ebert-Straße 133;47226;Duisburg;;;;
Planegg;117341;LS77768;ja;17.03.2026;Petra Gräf;27349;PRINCIBALLI;PRINCIBALLI - FAMIGLIA DEL VINO;Reimerstwiete 2;20457;Hamburg;;;;
Planegg;;LS77769;ja;19.03.2026;Estaline Philander;61030;dm D1IM vorm.1030 Augsburg;dm Filiale D1IM vormals 1030;Neuburger Straße 227;86196;Augsburg - Hammerschmiede;;;;
AQUATRADE Glinde;;LS77770;ja;18.03.2026;Petra Gräf;27350;Praxis Mausuda Naqschbandi;Masuda Naqschbandi;Schiffbeker Weg 230b;22119;Hamburg;;;;
Planegg;117345;LS77771;ja;17.03.2026;Petra Gräf;27350;Praxis Mausuda Naqschbandi;Masuda Naqschbandi;Schiffbeker Weg 230b;22119;Hamburg;;;;
Planegg;117346;LS77772;ja;17.03.2026;Estaline Philander;26948;facilicon GmbH;facilicon GmbH;An der Wachsfabrik 17;50996;Köln;;;;
Magnum Kuhnhenne;117347;LS77773;ja;17.03.2026;Estaline Philander;25250;Falck Ruppichteroth Much;Falck Notfallrettung und Kranken-;Hinter dem Bockemsfeld 1;53804;Much;;;;
Planegg;116408;LS77774;ja;17.03.2026;Florian Gräf;23113;Groz Beckert;Groz-Beckert KG;Theodor-Groz-Strasse 56;72458;Albstadt;;;;
Auer;117348;LS77775;ja;17.03.2026;Florian Gräf;23113;Groz Beckert;Groz-Beckert KG;Theodor-Groz-Strasse 56;72458;Albstadt;;;;
Planegg;117349;LS77776;ja;23.03.2026;Petra Gräf;20362;Emons Spedition;Emons Spedition GmbH & Co. KG;Lindberghstr. 6;85399;Hallbergmoos;;;;
Planegg;117350;LS77777;ja;19.03.2026;Estaline Philander;26523;Deutsche Post Freising;Deutsche Post AG;Gewerbepark 25;85250;Altomünster;;;;
Planegg;117351;LS77778;ja;18.03.2026;Estaline Philander;26523;Deutsche Post Freising;Deutsche Post AG;Bahnhofstr. 7;85625;Glonn;;;;
Emons;117352;LS77779;ja;16.03.2026;Josefine Mättig;24554;Amazon Logistik;Amazon Logistik Frankenthal GmbH;Robert-Bosch Str.18;67227;Frankenthal (Pfalz);;;;
Planegg;117354;LS77781;ja;16.03.2026;Josefine Mättig;21870;Amazon Deutschland W4 Trans.;Amazon Deutschland W4 Transport GmbH;Schilfwiese 3;34593;Knuellwald;;;;
Planegg;117353;LS77782;ja;17.03.2026;Estaline Philander;25288;Lindner Industriebedarf GmbH;Lindner Industriebedarf GmbH;Raiffeisenstr. 2a;38159;Vechelde;;;;
Planegg;117355;LS77783;ja;17.03.2026;Estaline Philander;24063;Verisk Analytics GmbH;Verisk Analytics GmbH;Unterer Anger 3;80331;München;;;;
Planegg;116192;LS77784;ja;17.03.2026;Florian Gräf;27296;HTEC GmbH;HTEC GmbH;Balanstraße 71a;81541;München;;;;
Hess;117356;LS77785;ja;16.03.2026;Florian Gräf;25305;Andreas Hess Schanktechnik;Andreas Hess Schanktechnik;Kreisstraße 8;59609;Anröcht;;;;
Emons;114615;LS77786;ja;16.03.2026;Florian Gräf;10034;ewatec;ewatec e.K.;Am Angelehof 12;88316;Isny;;;;
Planegg;114615;LS77787;ja;16.03.2026;Florian Gräf;10034;ewatec;ewatec e.K.;Am Angelehof 12;88316;Isny;;;;
Emons;114615;LS77788;nein;01.04.2026;Florian Gräf;10034;ewatec;ewatec e.K.;Am Angelehof 12;88316;Isny;;;;
Planegg;;LS77789;ja;17.03.2026;Estaline Philander;21028;VES;VES Heimwerkermarkt GmbH;Am Windfeld 8;83714;Miesbach;;;;
aboutwater Bünde;117357;LS77790;ja;18.03.2026;Florian Gräf;10081;PSL GmbH;PSL GmbH;Mastenweg 1;37619;Hehlen;;;;
Berlin Wein König;117359;LS77791;ja;23.03.2026;Estaline Philander;24184;Convis Baumanagment & Projekts;convis GmbH;Auerbachstraße 10  / 2.OG;14193;Berlin;;;;
Planegg;;LS77792;ja;18.03.2026;Estaline Philander;23732;la Boutique Amelie Schöttner;Petra Schöttner;Waldsiedlung 9;82041;Deisenhofen;;;;
Planegg;;LS77793;ja;16.03.2026;Rene Kühn;20772;Crystal Water;Crystal Water;Rosenheimer Str. 34;85635;Höhenkirchen;;;;
Brengartner Trinkwass;117362;LS77794;ja;01.04.2026;Andreas Pöppe;25185;Medizinischer Dienst Baden-Wür;Medizinischer Dienst Baden-Württemberg;Marlener Str. 6;77656;Offenburg;;;;
Planegg;117358;LS77795;ja;17.03.2026;Estaline Philander;21028;VES;VES Heimwerkermarkt GmbH;Am Windfeld 8;83714;Miesbach;;;;
AMW Auersperg;117364;LS77797;ja;19.03.2026;Carmen Berger;24988;MBM;MBM Network Services GmbH;Martin-Buber-Str. 25;14163;Berlin;;;;
Strecke;117365;LS77798;ja;19.03.2026;Florian Gräf;10044;Automatenservice Senf Gmb;Automatenservice Senf GmbH;Saalfelderstraße 38-40;07381;Pößneck;;;;
aboutwater Frankfurt;117366;LS77799;ja;17.03.2026;Carmen Berger;25645;Etos Fitnessstudio Ziegler;ETOS Fitnessstudio;Hauptstr. 1;76744;Wörth am Rhein;;;;
Planegg;117367;LS77800;ja;17.03.2026;Josefine Mättig;27195;D.G. Handel & Dienstleistung;D.G. Handel & Dienstleistung;Alpenstrasse 8;87751;Heimertingen;;;;
natürlich H2O;;LS77801;ja;23.03.2026;Carmen Berger;26603;DEURAG Deutsche Rechtsschutz-V;DEURAG Deutsche Rechtsschutz-Versicherung AG;Anton-Wilhelm-Amo-Straße 20/21;10117;Berlin;;;;
Planegg;116796;LS77802;ja;20.03.2026;Florian Gräf;20191;Gleisner;Gleisner GmbH & Co.KG;Pegnitzstr. 13;91207;Lauf an der Pegnitz;;;;
Planegg;117369;LS77803;ja;23.03.2026;Max Sanktjohanser;27314;EDDS;Batliner Wanger Batliner;Pflugstrasse 20;9490;Vaduz;;;;
Planegg;117369;LS77804;ja;02.04.2026;Max Sanktjohanser;27314;EDDS;Batliner Wanger Batliner;Pflugstrasse 20;9490;Vaduz;;;;
Planegg;117370;LS77805;ja;17.03.2026;Josefine Mättig;10028;Jakob Wassertechnik GmbH;Caritas Stuttgart;Hafenbahnstraße 35;70329;Stuttgart;;;;
Planegg;117372;LS77806;ja;17.03.2026;Sönke Rocho;21698;Mr. Lodge Brüning;Mr. Lodge GmbH;Barer Straße 32;80333;München;;;;
Planegg;;LS77808;ja;18.03.2026;Petra Gräf;27353;Quantum-Frontline-Industries;Quantum-Frontline-Industries GmbH;Galileostr. 502 S;82131;Gauting;;;;
Planegg;;LS77809;ja;18.03.2026;Petra Gräf;24186;Turnverein Planegg-Krailling;Feodor-Lynen-Gymnasium;Feodor-Lynen-Str. 2;82152;Krailling;;;;
aboutwater Frankfurt;117375;LS77810;ja;18.03.2026;Carmen Berger;25502;Winthrop Technologies;Winthrop Technologies GmbH;Gwinnerstrasse 32;60388;Frankfurt;;;;
Planegg;117377;LS77812;ja;17.03.2026;Josefine Mättig;27354;Mehta und Jablonski GmbH;Mehta und Jablonski Handels GmbH;Dahlienstraße 13;23795;Bad Segeberg;;;;
aboutwater Bünde;117378;LS77813;ja;31.03.2026;Petra Gräf;26853;AUGUST STORCK KG;AUGUST STORCK KG;Paulinenweg 12;33790;Halle (Westf.);;;;
AMW Auersperg;;LS77814;ja;25.03.2026;Petra Gräf;26955;Zwilling Gebäudeservice;Zwilling Gebäudeservice;Teltowerstr. 6;15831;Blankenfelde-Mahlow;;;;
Planegg;117379;LS77815;ja;17.03.2026;Josefine Mättig;27355;von der rolle;von der rolle;Hohenheimerstr. - Hinterhaus - 27;70184;Stuttgart Süd;;;;
Planegg;117381;LS77819;ja;17.03.2026;Max Sanktjohanser;21710;Amazon Austria;Amazon Transport Austria GmbH;Werkstr. 8;9020;Klagenfurt;;;;
Planegg;117321;LS77820;ja;17.03.2026;Josefine Mättig;27348;lübMEDIA GmbH;lübMEDIA GmbH;Sylvensteinstraße 2;81369;München;;;;
aboutwater Frankfurt;;LS77821;ja;17.03.2026;Carmen Berger;21737;Heuser;Heuser GmbH;Waldstr. 23 / B10;63128;Dietzenbach;;;;
Planegg;117384;LS77822;ja;24.03.2026;Josefine Mättig;27356;ASB-Landesverband Mecklenburg;ASB-Landesverband Mecklenburg-Vorpommern e.V.;Trelleborger Str. 12a,;18107;Rostock;;;;
Planegg;117386;LS77823;ja;17.03.2026;Josefine Mättig;10009;Propie-Aqua vorm.Support Wolf;DR. FONTHEIM GmbH & Co. KG;Lindenstraße 15;38704;Liebenburg;;;;
Bastian;117383;LS77824;ja;27.03.2026;Petra Gräf;26302;Globus Plattling;GLOBUS Handelshof St. Wendel GmbH & Co.KG;Dr.-Walter-Bruch-Straße 1;94447;Plattling;;;;
Planegg;117387;LS77825;ja;17.03.2026;Florian Gräf;20963;K+H Automatendienst GmbH;K+H Automatendienst GmbH;Mark I 22;59269;Beckum;;;;
Planegg;117387;LS77826;nein;01.04.2026;Florian Gräf;20963;K+H Automatendienst GmbH;K+H Automatendienst GmbH;Mark I 22;59269;Beckum;;;;
Planegg;117389;LS77827;ja;17.03.2026;Florian Gräf;20587;Getränke-Service Neumann;Getränke-Service Neumann;Weinstr. 2b;79219;Staufen;;;;
Emons;117383;LS77824-1;ja;18.03.2026;Petra Gräf;26302;Globus Plattling;GLOBUS Handelshof St. Wendel GmbH & Co.KG;Dr.-Walter-Bruch-Straße 1;94447;Plattling;;;;
Planegg;117388;LS77829;ja;23.03.2026;Estaline Philander;20881;GROUP7 AG;GROUP7 AG International Logistics;Ulmenstraße 7;85445;Schwaig;;;;
Schöttle - Haiterbach;117390;LS77831;ja;01.04.2026;Petra Gräf;24314;Impexron;IMPEXRON GmbH;Gönningerstraße 99;72793;Pfullingen;;;;
Planegg;117383;LS77832;ja;18.03.2026;Petra Gräf;26302;Globus Plattling;GLOBUS Handelshof St. Wendel GmbH & Co.KG;Dr.-Walter-Bruch-Straße 1;94447;Plattling;;;;
AQUATRADE Glinde;117392;LS77833;ja;20.03.2026;Estaline Philander;26647;Mammographie-Screening-Einheit;Mammographie-Screening-Einheiten Hamburg GbR;Mönckebergstr. 11;20095;Hamburg;;;;
Planegg;117393;LS77834;ja;31.03.2026;Estaline Philander;25720;IKEA (1) City Project Riem;IKEA City Project South GmbH;Willy-Brandt-Platz 5;81829;München;;;;
aboutwater Frankfurt;117394;LS77835;ja;17.03.2026;Carmen Berger;26941;Prime Hotel 20;Prime Hotel 20;Eichenstr.20;65933;Frankfurt;;;;
Planegg;;LS77836;ja;17.03.2026;Rene Kühn;20772;Crystal Water;Crystal Water;Rosenheimer Str. 34;85635;Höhenkirchen;;;;
Gänshirt-Aufmbruch;114855;LS76104 MBU;ja;20.03.2026;Rene Kühn;23338;Le Gastro;Deutsche Post AG;Anrather Str. 640;47804;Krefeld;;;;
Gänshirt-Aufmbruch;114854;LS76103 MBU;ja;20.03.2026;Rene Kühn;23338;Le Gastro;Deutsche Post AG;Hanns-Martin-Schleyer-Straße 19a;47877;Willich;;;;
Planegg;117396;LS77839;ja;23.03.2026;Max Sanktjohanser;25261;synvert consult. vorm.saracus;synvert consulting GmbH;Robert-Bosch-Straße 17a;48153;Münster;;;;
Planegg;116192;LS77840;ja;18.03.2026;Florian Gräf;27296;HTEC GmbH;HTEC GmbH;Balanstraße 71a;81541;München;;;;
Planegg;117397;LS77841;ja;18.03.2026;Estaline Philander;22378;SKI GmbH;SKI GmbH + Co.KG;Lessingstraße 9  / 3.OG;80336;München;;;;
aboutwater Bünde;;LS77842;ja;25.03.2026;Florian Gräf;10160;AVALESS;AVALESS GmbH;Hansastr. 24;49205;Hasbergen;;;;
Emons;117399;LS77843;ja;23.03.2026;Florian Gräf;20354;SC Aquador SRL;SC Aquador SRL;Str. X Nr. 27;557085;Cristian, jud.Sibiu;;;;
Emons;117399;LS77844;ja;30.03.2026;Florian Gräf;20354;SC Aquador SRL;SC Aquador SRL;Str. X Nr. 27;557085;Cristian, jud.Sibiu;;;;
Gänshirt-Aufmbruch;117400;LS77846;ja;01.04.2026;Estaline Philander;26280;Martinswerk GmbH;Martinswerk GmbH;Kölner Straße 110;50127;Bergheim;;;;
Emons;116533;LS77847;ja;18.03.2026;Florian Gräf;27104;Don Bosco Recke;Don-Bosco-Schule;Schulstraße 29;49509;Recke;;;;
Emons;117402;LS77848;ja;18.03.2026;Florian Gräf;22156;Aquatrade;AQUATRADE GmbH;Blockdammweg 39-58;10318;Berlin;;;;
Planegg;114342;LS77849;ja;23.03.2026;Rene Kühn;25074;global concerts;Global Concerts GmbH;Olympiahalle / Spiridon Louis-Ring 21;81679;München;;;;
Planegg;117401;LS77850;ja;18.03.2026;Max Sanktjohanser;27357;Förderverein MSG;göggel pm consult;An der altem Weberei 3;79602;Breisach;;;;
AQUATRADE Glinde;117403;LS77851;ja;24.03.2026;Estaline Philander;24954;Nordlite;Nordlite Event Solutions GmbH;Lederstraße 15 B;22525;Hamburg;;;;
Planegg;117404;LS77852;ja;19.03.2026;Estaline Philander;62232;dm D3LO vorm.2232 Schwabmünch;dm Filiale D3L0 vormals 2232;Gottlieb-Daimler-Straße 1a;86830;Schwabmünchen;;;;
Emons;117405;LS77853;ja;27.03.2026;Florian Gräf;26567;Kaffeewerk24;Kaffeemaschinenvertrieb und Service;Alt Prester 84;39114;Magdeburg;;;;
Gleisner;114576;LS75816.;ja;16.03.2026;Petra Gräf;27086;Die Autobahn Nordbayern;Die Autobahn GmbH des Bundes - NL Nordbayern;Spitzwegstr. 45;95447;Bayreuth;;;;
aboutwater Frankfurt;117406;LS77855;ja;26.03.2026;Carmen Berger;27002;Johanniter-Haus Köln-Zollstock;Johanniter-Haus Köln-Zollstock;Sibille-Hartmann-Straße 1;50969;Köln;;;;
Planegg;117407;LS77856;ja;10.04.2026;Florian Gräf;20191;Gleisner;Gleisner GmbH & Co.KG;Pegnitzstr. 13;91207;Lauf an der Pegnitz;;;;
Planegg;116642;LS77857;ja;18.03.2026;Petra Gräf;26754;Münchner Wohnen Service GmbH;Münchner Wohnen Service GmbH;Bad Schachener Straße 56;81671;München;;;;
Planegg;117408;LS77859;ja;18.03.2026;Josefine Mättig;26977;Trinkflaschenexpress;Bottle-Print Vertriebs GmbH;Auf den Steinen 2,;37191;Katlenburg Lindau;;;;
Planegg;117409;LS77860;ja;24.03.2026;Estaline Philander;25008;ARGE GWG Moosach 1;ARGE GWG Moosach 1 Hillebrand-Pfeiffer;Karlingerstraße 47 / EG;80992;München;;;;
Planegg;;LS77861;ja;18.03.2026;Florian Gräf;20191;Gleisner;Gebr. Reinfurt GmbH & Co. KG;Niederhoferstr. 105;97222;Rimpar;;;;
Planegg;117411;LS77862;ja;18.03.2026;Max Sanktjohanser;21231;Wäscherei Abel;Wäscherei Abel KG;Schrattenbachstr. 19;83454;Anger-Aufham;;;;
Planegg;117412;LS77863;ja;18.03.2026;Josefine Mättig;10009;Propie-Aqua vorm.Support Wolf;Propie-Aqua GmbH;Ziegelei-Töpker-Straße 6;33154;Salzkotten;;;;
aboutwater Frankfurt;;LS77864;ja;19.03.2026;Florian Gräf;20191;Gleisner;Gleisner GmbH & Co.KG;Pegnitzstr. 13;91207;Lauf an der Pegnitz;;;;
Gänshirt-Aufmbruch;117415;LS77865;ja;26.03.2026;Estaline Philander;27108;IHK Nord Westfalen;IHK Nord Westfalen;Rathausplatz 7;45894;Gelsenkirchen;;;;
Planegg;117416;LS77866;ja;18.03.2026;Josefine Mättig;23424;Kliniken Schmieder;Kliniken Schmieder (Stiftung & Co.) KG;Solitudestraße 20;70839;Gerlingen;;;;
Planegg;;LS77867;ja;19.03.2026;Estaline Philander;24513;Fahrschule Brandt;Fahrschule Brandt;Lochhauser Straße 57;82178;Puchheim;;;;
Planegg;117418;LS77868;ja;24.03.2026;Estaline Philander;23772;AM alpha KVGmbH;AM alpha KVGmbH;Sendlinger Straße 7;80331;München;;;;
Planegg;117420;LS77869;ja;19.03.2026;Sönke Rocho;22378;SKI GmbH;SKI GmbH + Co.KG;Lessingstraße 9  / 3.OG;80336;München;;;;
STK Service;117419;LS77870;ja;24.03.2026;Estaline Philander;21194;Anderswohnen;ANDERSWOHNENINDERSTADT.DE zentralbau GmbH;Platanenstraße 27 (Hinterhof);40233;Düsseldorf;;;;
Planegg;117421;LS77871;ja;20.03.2026;Estaline Philander;22463;Agentur für Arbeit Garmisch;Agentur für Arbeit Weilheim;Charmonixstr. 3-9  / 2.OG, Raum 216;82467;Garmisch-Partenkirchen;;;;
Planegg;;LS77872;ja;19.03.2026;Sönke Rocho;20317;NOL Nordostsee.Leasing;nordostsee.leasing GmbH & Co. KG;Eckernförder Str. 220;24119;Kronshagen;;;;
Planegg;117423;LS77873;ja;19.03.2026;Rene Kühn;27359;St. Franziskus Werkstatt;St. Franziskus Werkstatt Caritas;In den Käppeleswiesen 7;72488;Sigmaringen;;;;
Planegg;117424;LS77874;ja;19.03.2026;Rene Kühn;27124;Markt 11 Kaffeerösterei &;Markt 11 Kaffeerösterei& -betriebsg;Mühlenstraße, 22;07745;Jena;;;;
Planegg;117425;LS77875;ja;19.03.2026;Rene Kühn;20211;workingwell GmbH;workingwell;Karlstraße 44a, Rückgebäude;80333;München;;;;
Planegg;117426;LS77876;ja;19.03.2026;Rene Kühn;20821;spaceopal GmbH;spaceopal GmbH;Arnulfstraße 58, 1. OG;80335;München;;;;
Planegg;117428;LS77877;ja;19.03.2026;Rene Kühn;27361;GWS Forchheim;GWS Forchheim;Herderstr. 1;91301;Forchheim;;;;
Planegg;117427;LS77879;ja;19.03.2026;Rene Kühn;27360;Vladimir Nikoli?;Vladimir Nikolic;Ernststraße 3;13509;Berlin;;;;
AMW Auersperg;114507;LS75749-2;ja;17.03.2026;Rene Kühn;23336;Gebeco GmbH & Co. KG;Gebeco GmbH & Co. KG;Holzkoppelweg 19;24118;Kiel;;;;
aboutwater Frankfurt;117429;LS77881;ja;23.03.2026;Carmen Berger;25502;Winthrop Technologies;Winthrop Technologies GmbH;Assar-Gabrielsson-Strasse 18;63128;Frankfurt-Dietzenbach;;;;
aboutwater Frankfurt;117429;LS77882;ja;25.03.2026;Carmen Berger;25502;Winthrop Technologies;Winthrop Technologies GmbH;Assar-Gabrielsson-Strasse 18;63128;Frankfurt-Dietzenbach;;;;
Emons;117430;LS77883;ja;19.03.2026;Florian Gräf;20191;Gleisner;Gleisner GmbH & Co.KG;Pegnitzstr. 13;91207;Lauf an der Pegnitz;;;;
Planegg;117432;LS77885;nein;01.04.2026;Florian Gräf;10160;AVALESS;AVALESS GmbH;Hansastr. 24;49205;Hasbergen;;;;
Emons;117434;LS77886;ja;19.03.2026;Florian Gräf;20829;Fritz Steinhaus GmbH & Co;Fritz Steinhaus GmbH & Co. KG;Im Heidkamp 17;33334;Gütersloh;;;;
Planegg;117437;LS77887;ja;19.03.2026;Carmen Berger;20255;rebike 1 GmbH;Rebike Mobility GmbH;Aidenbachstraße 54;81379;München;;;;
Planegg;117436;LS77888;ja;19.03.2026;Max Sanktjohanser;26721;Wendt-Noise;Wendt-Noise Control GmbH;Beindersheimer Str. 79;67227;Frankenthal;;;;
AQUATRADE Glinde;112973;LS75153.;ja;01.03.2026;Rene Kühn;24954;Nordlite;Nordlite Event Solutions GmbH;Lederstraße 15 B;22525;Hamburg;;;;
VST Schörling;117438;LS77890;ja;23.03.2026;Carmen Berger;25863;Ludwig-Maximilians-Universität;Ludwig-Maximilians-Universität München;Grosshaderner Strasse 2;82152;Planegg-Martinsried;;;;
Emons;117439;LS77891;ja;19.03.2026;Florian Gräf;22027;Ho-tec;HO-TEC GmbH & Co. KG;Im Holderwäldele 8;76571;Gaggenau;;;;
STK Service;116458;LS77892;ja;19.03.2026;Estaline Philander;24157;Ayhan Dindar;Ayhan Dindar;Theresienstr 3A;45711;Datteln;;;;
STK Service;116457;LS77893;ja;20.03.2026;Estaline Philander;24157;Ayhan Dindar;BATREA Personal GmbH;Hilberstr. 22;45731;Waltrop;;;;
aboutwater Frankfurt;117440;LS77894;ja;19.03.2026;Carmen Berger;21737;Heuser;Sanofi Aventis Deutschland;Industriepark Höchst;65926;Frankfurt a.M.;;;;
Planegg;117441;LS77895;ja;20.03.2026;Florian Gräf;20298;Atlantis;Atlantis Trinkwassertechnik GmbH;Kornstr. 4;79258;Hartheim;;;;
Planegg;117442;LS77896;ja;20.03.2026;Estaline Philander;24738;Finanzamt Duisburg-West;Finanzamt Duisburg-West;Friedrich-Ebert-Straße 133;47226;Duisburg;;;;
Planegg;114477;LS75713-2;ja;19.03.2026;Florian Gräf;21367;AKONTECH König;Pelmennaia-Backshop;Alte Jakobstr. 77;10179;Berlin;;;;
STK Service;117443;LS77900;ja;24.03.2026;Estaline Philander;25268;Isabella Glutenfreie Patisseri;Isabella Glutenfreie Patisserie GmbH & Co. KG;Am Handwerkshof 13;47269;Duisburg;;;;
aboutwater Bünde;116533;LS77847-2;ja;26.03.2026;Florian Gräf;27104;Don Bosco Recke;Don-Bosco-Schule;Schulstraße 29;49509;Recke;;;;
STK Service;117444;LS77902;ja;19.03.2026;Estaline Philander;24229;RELUX;RELUX Rohstoffe GmbH & Co. KG;Brückenstraße 9;32549;Bad Oeynhausen;;;;
Gänshirt-Aufmbruch;117445;LS77903;ja;13.04.2026;Estaline Philander;21561;GfPS;GfPS mbH;Talbotstraße 21;52062;Aachen;;;;
Planegg;117446;LS77904;ja;24.03.2026;Estaline Philander;25900;A plus architektur GmbH;A plus architektur GmbH;Schillerstraße 40 b  /  5.OG;80336;München;;;;
Planegg;117447;LS77906;ja;20.03.2026;Florian Gräf;21747;natürlich H2O / Kwasniok;natürlich H2O / Hansequelle Berlin;Pausiner Str. 34;14621;Schönwalde-Glien;;;;
Planegg;;LS77908;ja;01.04.2026;Estaline Philander;22971;ROSSIGNOL SKI DEUTSCHLAND GMBH;ROSSIGNOL SKI DEUTSCHLAND GMBH;Zielstattstr. 11;81379;München;;;;
Planegg;117450;LS77909;ja;23.03.2026;Carmen Berger;20255;rebike 1 GmbH;Rebike Mobility GmbH;Aidenbachstraße 54;81379;München;;;;
AQUATRADE Glinde;117449;LS77910;ja;24.03.2026;Petra Gräf;24898;Anschütz;Anschütz GmbH;Zeyestr. 16-24;24106;Kiel;;;;
Gänshirt-Aufmbruch;117451;LS77911;ja;25.03.2026;Florian Gräf;26446;Artur Möller GmbH & Co KG;Artur Möller GmbH & Co KG;Böskenstrasse 44;46562;Voerde;;;;
Planegg;117452;LS77912;ja;23.03.2026;Sönke Rocho;20148;KPIT Technologies GmbH;KPIT Technologies GmbH;Frankfurter Ring 105b;80807;München;;;;
Planegg;117453;LS77913;ja;09.04.2026;Max Sanktjohanser;26728;Schiller Grundschule;Lisa Hahn;Am Klößberg 2;97422;Schweinfurt;;;;
Planegg;117455;LS77914;ja;19.03.2026;Josefine Mättig;10099;rheavendors servomat Deut;rheavendors servomat Deutschland GmbH;Max-Planck-Str. 2;89179;Beimerstetten;;;;
aboutwater Frankfurt;117454;LS77915;ja;23.03.2026;Carmen Berger;25048;HCC (1) Hessische Zentrale;Hessische Zentrale für Datenverarbeitung;Mainzer Str. 29 EG Teeküche M006;65185;Wiesbaden;;;;
AQUATRADE Bram;;LS77916;ja;20.03.2026;Florian Gräf;21204;MB Well Service;MB Well SErvices GmbH / T48;Nähe Heinser Dorfstraße (siehe Skizze);27308;Kirchlinteln;;;;
Planegg;117457;LS77917;ja;19.03.2026;Florian Gräf;20759;Getränke Wagner Vending G;Getränke Wagner Vending GmbH;Weinstraße 31;4664;Laakirchen;;;;
Planegg;117391;LS77918;ja;24.03.2026;Max Sanktjohanser;27177;Welfi Hospitality;Hôtel le Grand Balcon;8-10 rue Antoine Romiguières;31000;Toulouse;;;;
Schöttle - Haiterbach;117458;LS77919;ja;20.03.2026;Florian Gräf;26330;EDL Dienstleistungen GmbH;EDL Dienstleistungen GmbH;Auf der Hub 22;76307;Karlsbad;;;;
Planegg;116094;742739/Pentair Water Belg;ja;13.03.2026;Florian Gräf;25925;WTA Ingenieurbüro GmbH;WTA Ingenieurbüro GmbH;Egelsee 7;78355;Hohenfels;;;;
Strecke;116511;LS77921;ja;19.03.2026;Florian Gräf;26272;Beck Vending GmbH;Beck Vending GmbH;Thalheimer Straße 81b;06766;Bitterfeld-Wolfen, OT Wolfen;;;;
AMW Auersperg;112126;LS74257 MBU;ja;01.04.2026;Petra Gräf;23338;Le Gastro;Deutsche Post AG;Ahornring 6;18184;Roggentin;;;;
AMW Auersperg;112132;LS74263 MBU;ja;01.04.2026;Petra Gräf;23338;Le Gastro;Deutsche Post AG;Bürgerseeweg 27;17235;Neustrelitz;;;;
Magnum Kuhnhenne;117460;LS77924;ja;23.03.2026;Carmen Berger;25664;JVA Attendorn;Justizvollzugsanstalt Attendorn;Biggeweg 5 - 7;57439;Attendorn;;;;
aboutwater Frankfurt;;LS77925;ja;01.04.2026;Carmen Berger;25048;HCC (1) Hessische Zentrale;Hessische Zentrale für Datenverarbeitung;Mackenzeller Str. 3;36088;Hünfeld;;;;
Planegg;116642;LS77926;ja;26.03.2026;Petra Gräf;26754;Münchner Wohnen Service GmbH;Münchner Wohnen Service GmbH;Bad Schachener Straße 56;81671;München;;;;
Gänshirt-Aufmbruch;;LS77927;nein;20.03.2026;Andreas Pöppe;23338;Le Gastro;Deutsche Post AG;Meesemannstraße 101-106;44807;Bochum;;;;
Planegg;117463;LS77928;ja;20.03.2026;Florian Gräf;22156;Aquatrade;AQUATRADE GmbH;Hemke 10;49565;Bramsche;;;;
VST Schörling;117464;LS77929;ja;23.03.2026;Carmen Berger;21698;Mr. Lodge Brüning;Mr. Lodge GmbH;Prinz-Ludwig-Str. 7 4.OG;80333;München;;;;
Bühler;117466;LS77930;ja;26.03.2026;Carmen Berger;24276;Staatliche Kunsthalle;Staatliche Kunsthalle Baden-Baden;Lichtentaler Allee 8 a;76530;Baden-Baden;;;;
Emons;117465;LS77931;ja;20.03.2026;Max Sanktjohanser;25898;Amazon Heidenheim;Noerpel SE;Wilhelm-Kentner-Straße 1;89520;Heidenheim a.d. Brenz;;;;
Planegg;117467;LS77932;ja;20.03.2026;Estaline Philander;25317;Mynaric;Mynaric Lasercom GmbH;Bertha-Kipfmüller-Straße 2-8;81249;München;;;;
Planegg;117397;LS77933;ja;20.03.2026;Estaline Philander;22378;SKI GmbH;SKI GmbH + Co.KG;Lessingstraße 9  / 3.OG;80336;München;;;;
Kyffhäuser;117468;LS77934;ja;26.03.2026;Florian Gräf;20668;Gastro Service Center e.K;ASG Dreger GmbH;Am Wilhelmschacht 14;04552;Borna;;;;
Emons;117469;LS77935;ja;20.03.2026;Florian Gräf;20654;Karl Gengenbach GmbH & Co;Karl Gengenbach GmbH & Co. KG;Aschenhausweg 4;74523;Schwäbisch Hall;;;;
Planegg;117470;LS77936;ja;20.03.2026;Florian Gräf;20654;Karl Gengenbach GmbH & Co;Karl Gengenbach GmbH & Co. KG;Aschenhausweg 4;74523;Schwäbisch Hall;;;;
STK Service;117471;LS77937;ja;01.04.2026;Carmen Berger;25828;Falck Dortmund;Falck Notfallrettung u.Katastrophenschutz;Volksgartenstr. 40;44388;Dortmund;;;;
Planegg;117473;LS77938;ja;27.03.2026;Carmen Berger;24656;Die Radiologie;Die Radiologie;Stollstr. 6 2.OG;83022;Rosenheim;;;;
Emons;117474;LS77939;ja;20.03.2026;Florian Gräf;26706;HKS-Automatenservice GmbH & Co;HKS-Automatenservice GmbH & Co. KG;Gartenstraße 13;99994;Nottertal-Heilinger Höhen;;;;
Planegg;117475;LS77940;ja;26.03.2026;Josefine Mättig;23353;Klarwa GmbH;klarwa GmbH;Auf dem Großstück 2;51580;Reichshof-Hunsheim;;;;
Planegg;117476;LS77942;ja;24.03.2026;Max Sanktjohanser;27365;TV Gelnhausen;Philip Deinet;Neuer Weg 32;63571;Gelnhausen;;;;
aboutwater Bünde;116964;LS77943;ja;07.04.2026;Petra Gräf;24094;Stroetmann Senden+Münster;L. Stroetmann Lebensmittel SE & Co. KG;Elbersstraße 9;48282;Emsdetten;;;;
aboutwater Bünde;116966;LS77944;ja;07.04.2026;Petra Gräf;24094;Stroetmann Senden+Münster;L. Stroetmann Lebensmittel SE & Co. KG;Gantenstr 8;48565;Steinfurt;;;;
Planegg;117478;LS77945;ja;20.03.2026;Estaline Philander;20480;Wuesthoff & Wuesthoff;Wuesthoff & Wuesthoff;Schweigerstraße 2;81541;München;;;;
Planegg;117477;LS77946;nein;01.04.2026;Florian Gräf;21795;GEWO Feinmechanik GmbH;GEWO Feinmechanik GmbH & Co. KG;Bahnhofstr. 45;85457;Wörth/Hörlkofen;;;;
POSPRINT;117472;LS77947;nein;14.04.2026;Josefine Mättig;25487;Hofer KG Österreich;;Schokofabrik Sattledt;Gewerbestraße 20;4642;Sattledt;;;;
Planegg Rep.Lager;117480;LS77948;ja;23.03.2026;Florian Gräf;20729;CJM Der Wassermann UG -ha;CJM Der Wassermann GmbH;Gronenfelder Weg 33;15234;Frankfurt;;;;
Planegg;117479;LS77949;ja;20.03.2026;Josefine Mättig;21561;GfPS;GfPS mbH;Talbotstraße 21;52062;Aachen;;;;
AMW Auersperg;117481;LS77950;ja;26.03.2026;Petra Gräf;27366;International Rescue Committee;International Rescue Committee IRC;Wattstraße 11;13355;Berlin;;;;
Emons;117482;LS77952;nein;10.04.2026;Florian Gräf;20654;Karl Gengenbach GmbH & Co;Karl Gengenbach GmbH & Co. KG;Aschenhausweg 4;74523;Schwäbisch Hall;;;;
Planegg;117481;LS77953;ja;23.03.2026;Petra Gräf;27366;International Rescue Committee;International Rescue Committee IRC;Wattstraße 11;13355;Berlin;;;;
Planegg;117483;LS77954;ja;24.03.2026;Estaline Philander;22246;Agentur für Arbeit München;Agentur für Arbeit München;Kapuzinerstr. 26;80337;München;;;;
aboutwater Frankfurt;117484;LS77955;ja;20.03.2026;Carmen Berger;27358;M&D GmbH;Kaito Ramen;Leipziger Str. 43;60487;Frankfurt;;;;
aboutwater Frankfurt;117485;LS77956;ja;07.04.2026;Carmen Berger;27358;M&D GmbH;YGF-Chicken PSP;Düsseldorfer str.1-7;60329;Frankfurt;;;;
Planegg;;LS77957;ja;19.03.2026;Rene Kühn;20772;Crystal Water;Crystal Water;Rosenheimer Str. 34;85635;Höhenkirchen;;;;
STK Service;117487;LS77958;ja;26.03.2026;Estaline Philander;24627;Stadt Isselburg;Stadt Isselburg;Minervastraße 12;46419;Isselburg;;;;
Planegg;117489;LS77959;ja;20.03.2026;Max Sanktjohanser;10152;MS Motorservice Internati;MS Motorservice International GmbH;Wilhelm-Maybach-Str. 14 / Tor 1;74196;Neuenstadt;;;;
Berlin Wein König;117490;LS77960;ja;23.03.2026;Estaline Philander;23216;GetMomo;GetMomo Financial GmbH;Oranienstraße 6 / Hinterhaus, 1 . OG;10997;Berlin;;;;
Planegg;117492;LS77961;ja;26.03.2026;Josefine Mättig;24918;INES AMANN;INES AMANN;LAIBSTRASSE 9;78661;IRSLINGEN;;;;
AQUATRADE Glinde;117493;LS77962;ja;26.03.2026;Estaline Philander;22302;Landgericht Hamburg;Landgericht Hamburg;Holstenglacis 6  /  3.OG;20355;Hamburg;;;;
Planegg;116623;LS77963;ja;20.03.2026;Florian Gräf;25931;SOCCORO XLVI Austria;XLVI Austria GmbH;Davisstrasse 9 / 3.OG;5400;Hallein;;;;
Planegg;117494;LS77964;ja;24.03.2026;Estaline Philander;23304;Formula GT GmbH;Formula GT GmbH;Olschewskibogen 5;80935;München;;;;
Planegg;117495;LS77965;ja;25.03.2026;Estaline Philander;26863;DERPART Sun Reisestudio GmbH;DERPART Sun Reisestudio GmbH;Schlosshof 16-20;89283;Wolnzach;;;;
Planegg;117498;LS77967;ja;23.03.2026;Estaline Philander;24751;Käserei Champignon Hofmeister;Käserei Champignon Hofmeister GmbH & Co.KG;Kemptener Straße 17 - 24;87493;Lauben;;;;
CJM;;LS77968;nein;01.04.2026;Petra Gräf;27367;Landesbetrieb Forst Brandenbur;Landesbetrieb Forst Brandenburg;Struveweg 50 Haus 13;14974;Ludwigsfelde;;;;
Planegg;;LS77970;ja;24.03.2026;Estaline Philander;22449;Wyndham Garden München;Stahlgruberring 4 Hotel GmbH;Stahlgruberring 4;81829;München;;;;
Planegg;117500;LS77971;ja;23.03.2026;Petra Gräf;27367;Landesbetrieb Forst Brandenbur;Landesbetrieb Forst Brandenburg;Kunsterspring 3;16818;Gühlen Glienicke;;;;
Kyffhäuser;117503;LS77972;ja;24.03.2026;Florian Gräf;21204;MB Well Service;MB Well Services GmbH / T50;Zufahrt über Parkplaz Fahner Höhe;99869;Eschenbergen;;;;
Planegg;117506;LS77974;nein;25.03.2026;Petra Gräf;26975;Autohaus Stanglmair (3) Starnb;Autohaus Stanglmair GmbH & Co. Betr. KG;Hadorfer Str. 2;82319;Starnberg;;;;
Planegg;117505;LS77976;ja;20.03.2026;Max Sanktjohanser;25898;Amazon Heidenheim;Noerpel SE;Wilhelm-Kentner-Straße 1;89520;Heidenheim a.d. Brenz;;;;
Planegg;117509;LS77979;ja;24.03.2026;Petra Gräf;23849;Dr.Frühwein + Partner;Dr.Frühwein + Partner;Brienner Str .11 / Luitpoldblock;80333;München;;;;
Planegg;117499;LS77984;ja;20.03.2026;Max Sanktjohanser;25810;Amazon Dummerstorf;Spedition Heinrich Gustke GmbH (RLG1);Hanseatenstraße 3;18146;Rostock;;;;
Planegg;117511;LS77985;ja;24.03.2026;Sönke Rocho;25517;CNT Europe Engenharia S.A.;CNT Europe Engenharia S.A.;Eversbuschstraße 172;80999;München;;;;
VST Schörling;;LS77986;nein;20.03.2026;Sönke Rocho;26629;SKD SE;SKD SE;Otto-Hahn-Straße 7;82216;Maisach;;;;
Planegg;117513;LS77987;ja;26.03.2026;Estaline Philander;22181;Talat Thai;Talat Thai Asiatische Lebensmittel e.K;Hans-Kistler Straße 4;86899;Landsberg;;;;
aboutwater Frankfurt;117515;LS77988;ja;23.03.2026;Carmen Berger;24722;Primark Frankfurt Wisag Hessen;Primark Store 809;Zeil 94;60313;Frankfurt;;;;
Planegg;117514;LS77989;ja;24.03.2026;Estaline Philander;27017;Melissa Afraz;Afraz Inci;Lannerstr.4;80638;München;;;;
Emons;117517;LS77991;ja;23.03.2026;Florian Gräf;20729;CJM Der Wassermann UG -ha;Zeltverleih Münzenberg;Grubenstraße 5;15234;Frankfurt;;;;
Ines Rütz Appen;117518;LS77992;ja;01.04.2026;Andreas Pöppe;25947;MOIA (1);MOIA Operations Germany GmbH;Ballindamm 39;20095;Hamburg;;;;
Planegg;117519;LS77993;ja;25.03.2026;Sönke Rocho;20745;Sabhan Call Shop;Sabhan Call Shop;Arnulfstraße 16-18;80335;München;;;;
Planegg;117516;LS77994;ja;01.04.2026;Estaline Philander;26523;Deutsche Post Freising;Deutsche Post AG;Bahnhofstr. 32;85567;Grafing;;;;
Emons;117526;LS77706-2;ja;23.03.2026;Florian Gräf;20500;Automaten Reinhardt -Kesselsdo;Automaten Reinhardt GmbH & Co.KG;Zum Tälchen 5;01723;Kesselsdorf;;;;
Planegg;117520;LS77997;ja;23.03.2026;Josefine Mättig;27002;Johanniter-Haus Köln-Zollstock;Johanniter-Haus Köln-Zollstock;Sibille-Hartmann-Straße 1;50969;Köln;;;;
AQUATRADE Glinde;117521;LS77998;ja;27.03.2026;Estaline Philander;22686;Cordes Consulting GmbH;Cordes Consulting GmbH;Esplanade 41;20354;Hamburg;;;;
Planegg;117522;LS77999;ja;24.03.2026;Carmen Berger;24368;Audi Eching;Audi München GmbH;Heisenbergstraße 4;85368;Eching;;;;
Planegg;117523;LS78000;ja;23.03.2026;Josefine Mättig;27333;Melanie Gau;Melanie Gau;Rungeweg 14;84489;Burghausen;;;;
AMW Auersperg;117524;LS78001;ja;25.03.2026;Andreas Pöppe;24988;MBM;MBM Network Services GmbH;Martin-Buber-Str. 25;14163;Berlin;;;;
Planegg;117525;LS78002;ja;23.03.2026;Max Sanktjohanser;21847;Amazon Deutschland W14 Trans.;Amazon Deutschland W14 Transport GmbH;Darwinstr. 9;48488;Emsbüren;;;;
Planegg;117527;LS78003;ja;23.03.2026;Josefine Mättig;27355;von der rolle;von der rolle;Hohenheimerstr. - Hinterhaus - 27;70184;Stuttgart Süd;;;;
aboutwater Frankfurt;117528;LS78004;ja;23.03.2026;Carmen Berger;26603;DEURAG Deutsche Rechtsschutz-V;DEURAG Deutsche Rechtsschutz-Versicherung AG;Abraham-Lincoln-Str. 3;65189;Wiesbaden;;;;
Planegg;117529;LS78005;ja;23.03.2026;Max Sanktjohanser;21982;Amazon Deutschland N3 Trans.;Amazon Deutschland N3 Transport GmbH;Winkelhörner Weg 5;24794;Borgstedt;;;;
Planegg;117530;LS78006;ja;23.03.2026;Josefine Mättig;20729;CJM Der Wassermann UG -ha;CJM Der Wassermann GmbH;Gronenfelder Weg 33;15234;Frankfurt;;;;
Planegg;117531;LS78008;ja;23.03.2026;Estaline Philander;23316;Café Roots;Café Roots;Eppendorfer Weg 193;20253;Hamburg;;;;
AQUATRADE Bram;117532;LS78009;ja;24.03.2026;Estaline Philander;23316;Café Roots;Café Roots;Eppendorfer Weg 193;20253;Hamburg;;;;
aboutwater Frankfurt;117533;LS78010;ja;02.04.2026;Carmen Berger;27125;Schwarz Immobilienmanagment;Schwarz Immobilienmanagement GmbH&Co.KG;Stiftsbergstr.1;74172;Neckarsulm;;;;
Emons;117534;LS78011;ja;23.03.2026;Florian Gräf;21747;natürlich H2O / Kwasniok;natürlich H2O / Hansequelle Berlin;Veltener Straße 37f;16515;Oranienburg;;;;
aboutwater Frankfurt;;LS78012;nein;13.04.2026;Petra Gräf;25120;Huntsman;Huntsman International (Germany) GmbH;Neue Mainzer Strasse 75;60311;Frankfurt am Main;;;;
Planegg;117536;LS78013;ja;27.03.2026;Max Sanktjohanser;27368;performio;performio GmbH;An den Werften 11;68782;Brühl;;;;
Planegg;118581;LS78014;ja;23.03.2026;Florian Gräf;20208;Hotshot Kaffee e. K.;Hotshot Kaffee e. K.;Werder Str. 29;45739;Oer-Erkenschwick;;;;
Planegg;117538;LS78015;ja;23.03.2026;Josefine Mättig;21936;Schön Klinik Bad Arolsen;Schön Klinik Bad Arolsen GmbH;Hofgarten 10;34454;Bad Arolsen;;;;
AQUATRADE Glinde;117539;LS78016;ja;25.03.2026;Estaline Philander;22415;Schaeffler (1) Hamburg;Schaeffler VLS Germany GmbH & Co.KG;Billbrookdeich 82;22113;Hamburg;;;;
Planegg;118576;LS78017;ja;23.03.2026;Florian Gräf;20354;SC Aquador SRL;SC Aquador SRL;Str. X Nr. 27;557085;Cristian, jud.Sibiu;;;;
Planegg;117540;LS78018;ja;24.03.2026;Rene Kühn;27369;Matthias Suchert;Matthias Suchert;Kirchplatz 4a;83257;Gstadt a Chiemsee;;;;
Planegg;118012;LS78019;ja;24.03.2026;Rene Kühn;27370;HM Gastrotechnik;HM Gastrotechnik;Römerstraße 3;82418;Seehausen;;;;
Planegg;118573;LS78020;ja;24.03.2026;Rene Kühn;20666;Cafe-Stube Klinik Teutobu;Café Stube Klinik Teutoburger Wald;Teutoburger Wald Straße 33;49214;Bad Rothenfelde;;;;
Planegg;118572;LS78021;ja;25.03.2026;Rene Kühn;27372;Kita In der Dell;Kita In der Dell;In der Dell 8;52146;Würselen;;;;
Planegg;118571;LS78022;ja;24.03.2026;Rene Kühn;27371;Bruno Delicioso GmbH;Philipp Schumann;Schillerstraße 8;90409;Nürnberg;;;;
Emons;;LS78023;ja;23.03.2026;Florian Gräf;20540;Aqua Olymp e.K.;Aqua Olymp e.K.;Ladestrasse 1-3;53757;Sankt Augustin;;;;
Planegg;118574;LS78024;ja;24.03.2026;Max Sanktjohanser;27373;TuS Kirchberg;Christian Schneider;Bosenheimer Weg 1;55546;Volxheim;;;;
Planegg;118577;LS78025;ja;23.03.2026;Max Sanktjohanser;22290;Amazon Deutschland S22 Trans.;Amazon Deutschland S22 Transport GmbH;Dieselstr. 32;85748;Garching;;;;
Planegg;118580;LS78027;ja;30.03.2026;Josefine Mättig;10102;Steinmeier GmbH;Coler Systems GmbH;Willy-Brandt-Weg 29;48155;Münster;;;;
Planegg;118579;LS78028;ja;24.03.2026;Estaline Philander;26754;Münchner Wohnen (1) Service Gm;Münchner Wohnen GmbH;Heimeranstr. 31;80933;München;;;;
Planegg;118582;LS78029;ja;23.03.2026;Petra Gräf;21065;Attila AS Cafe & BAR;AS Cafe & Bar Service e.K.;Aidenbachstr. 72;81379;München;;;;
Planegg;118583;LS78030;ja;23.03.2026;Max Sanktjohanser;27374;MEA;MEA Gesellschaft für Produktionstechnik;Waldstr. 7;66459;Kirkel;;;;
Emons;116801;LS78031;ja;23.03.2026;Florian Gräf;20298;Atlantis;Atlantis Trinkwassertechnik GmbH;Kornstr. 4;79258;Hartheim;;;;
AQUATRADE Glinde;118584;LS78032;ja;07.04.2026;Estaline Philander;23577;Dataport 1;Dataport - Anstalt des öffentl. Rechts;Altenholzer Straße 10-14;24161;Altenholz /  Kiel;;;;
Planegg;118585;LS78033;ja;23.03.2026;Florian Gräf;20577;Schankanlagenfachbetrieb Karow;Schankanlagenfachbetrieb;Dr.-Heinrich-Jasper-Str. 31;38667;Bad Harzburg;;;;
Planegg;118586;LS78034;ja;31.03.2026;Estaline Philander;24725;MVV GmbH;MVV GmbH;Thierschstraße 2;80538;München;;;;
Dolphin, Bonstetten;;LS78035;ja;23.03.2026;Florian Gräf;20191;Gleisner;Gleisner GmbH & Co.KG;Pegnitzstr. 13;91207;Lauf an der Pegnitz;;;;
Planegg;118587;LS78036;ja;23.03.2026;Florian Gräf;21258;Coffice;Coffice Betriebsverpflegung KG;Achen 10;83137;Schonstett;;;;
STK Service;118589;LS78037;ja;27.03.2026;Estaline Philander;23344;Falck Krankentransport;Falck Notfallrettung u.Krankentransp.GmbH;Erkrather Str. 253 / Anfahrt Fichtenstr.68;40223;Düsseldorf;;;;
Planegg;118591;LS78038;ja;23.03.2026;Max Sanktjohanser;20315;Peter Goetz GmbH;Peter Goetz GmbH;Grünaustraße 5;30455;Hannover;;;;
Emons;118592;LS78039;ja;23.03.2026;Florian Gräf;20587;Getränke-Service Neumann;Getränke-Service Neumann;Munzingerstraße 4;79189;Bad Krozingen;;;;
Planegg;118593;LS78040;ja;24.03.2026;Estaline Philander;23781;Fischer;A. Fischer & Söhne GmbH;Altenbochumer Straße 15-21;44803;Bochum;;;;
Planegg;118594;LS78041;ja;25.03.2026;Estaline Philander;24755;B&P SPED;B&P SPED;Römerstr. 3;85414;Kirchdorf an der Amper;;;;
Planegg;116587;LS78042;ja;23.03.2026;Florian Gräf;20234;Bühler-Catering;Bühler-Catering GmbH;Industriestr. 2 b;76275;Ettlingen;;;;
Planegg;117388;LS78043;ja;31.03.2026;Rene Kühn;20881;GROUP7 AG;GROUP7 AG International Logistics;Ulmenstraße 7;85445;Schwaig;;;;
Planegg;;LS78044;ja;23.03.2026;Rene Kühn;20772;Crystal Water;Crystal Water;Rosenheimer Str. 34;85635;Höhenkirchen;;;;
Planegg;;LS78045;ja;23.03.2026;Petra Gräf;21065;Attila AS Cafe & BAR;AS Cafe & Bar Service e.K.;Aidenbachstr. 72;81379;München;;;;
Planegg;118616;LS78046;ja;24.03.2026;Florian Gräf;20475;Aquagast Wasseraufbereitu;Aquagast Wasseraufbereitungs-;Hofsteigstraße 112;6858;Schwarzach;;;;
CJM;;LS78047;ja;16.03.2026;Rene Kühn;24997;Amt Schenkenländchen;Elisabeth-von-Schlieben-Grundschule Halbe;Kirchstraße 6;15757;Halbe;;;;
Planegg;118617;LS78048;ja;24.03.2026;Max Sanktjohanser;21662;AMAZON POLAND;Amazon Fulfillment Poland sp. z o.o.;Kolbaskowo 156;72001;Kolbaskowo;;;;
Ewatec;118621;LS78049;nein;24.03.2026;Carmen Berger;24783;ERBIWA GmbH;ERBIWA GmbH;Westpark 6;88161;Lindenberg / Allgäu;;;;
Planegg;117459;LS78050;ja;30.03.2026;Josefine Mättig;23026;Amt der Oö. Landesregierung;OÖ WASSER Genossenschaftsverband;Kärntnerstraße 10-12;4021;Linz;;;;
Planegg;118622;LS78051;ja;24.03.2026;Florian Gräf;20191;Gleisner;Gleisner GmbH & Co.KG;Pegnitzstr. 13;91207;Lauf an der Pegnitz;;;;
Planegg;118623;LS78052;ja;25.03.2026;Carmen Berger;25645;Etos Fitnessstudio Ziegler;ETOS Fitnessstudio;Hauptstr. 1;76744;Wörth am Rhein;;;;
STK Service;118595;LS78053;ja;27.03.2026;Estaline Philander;27170;Freihoff Sicherheitsservice;Freihoff Sicherheitsservice GmbH;Ernst-Tellering-Str. 24a;40764;Langenfeld;;;;
VST Schörling;116824;LS78054;nein;01.04.2026;Petra Gräf;20148;KPIT Technologies GmbH;KPIT Technologies GmbH;Frankfurter Ring 105b;80807;München;;;;
STK Service;118624;LS78055;ja;01.04.2026;Estaline Philander;23126;Falck Krankentransp.Hagen;Falck Notfallrettung u.Krankentransport GmbH;Bergischer Ring 87;58099;Hagen;;;;
Planegg;118625;LS78056;ja;24.03.2026;Max Sanktjohanser;27375;confipack;Confipack;Theodor-Storm-Str. 7;50321;Brühl;;;;
Kyffhäuser;118627;LS78058;ja;26.03.2026;Estaline Philander;26478;Gautzsch Pleißa;H. Gautzsch Pleißa;Johann-Esche-Straße 32;09212;Limbach-Oberfrohna;;;;
Planegg;118626;LS78059;ja;24.03.2026;Josefine Mättig;22124;LGL Haushaltwaren GmbH;LGL Haushaltswaren GmbH;Helferner Weg 14b;49214;Bad Rothenfelde;;;;
Kyffhäuser;118628;LS78060;ja;26.03.2026;Estaline Philander;25455;Gautzsch Großhandel Sachsen(3);H. Gautzsch Großhandel Sachsen GmbH;Johann-Esche-Straße 32;09212;Limbach-Oberfrohna;;;;
aboutwater Frankfurt;118634;LS78061;ja;07.04.2026;Carmen Berger;24741;Sparkasse Mainfranken Würzburg;Sparkasse Mainfranken Würzburg;Hofstr. 9;97070;Würzburg;;;;
Planegg;118630;LS78062;ja;01.04.2026;Josefine Mättig;20759;Getränke Wagner Vending G;Lenzing Plastics GmbH Co KG;Industriegebiet 2;4863;Seewalchen am Attersee;;;;
natürlich H2O;118629;LS78063;ja;26.03.2026;Estaline Philander;21940;Dt.Gesellsch.f.Auswärtige Poli;Deutsche Gesellschaft für Auswärtige Politik;Rauchstraße 17-18;10787;Berlin;;;;
Planegg;118631;LS78064;ja;24.03.2026;Max Sanktjohanser;27376;Promostore;Promostore GmbH;Am Lichtbogen 4;45141;Essen;;;;
Planegg;118632;LS78065;ja;25.03.2026;Estaline Philander;22753;Marc Möller;Möller Trinkwassersysteme;Witteler Str. 124;32602;Vlotho;;;;
Planegg;118633;LS78066;ja;26.03.2026;Estaline Philander;24654;Hausärzte Amperland Sophie Ste;Hausärzte Amperland;Bahnhofstr. 23;82216;Maisach;;;;
Planegg;;LS78067;ja;24.03.2026;Estaline Philander;24226;Kirinus (1) Sendlinger Tor;KIRINUS Praxis GmbH;Sendlinger Tor Platz 7;80336;München;;;;
Planegg;118635;LS78068;ja;01.04.2026;Josefine Mättig;24858;Bachner Elektro GmbH & Co. KG;Bachner Elektro GmbH & Co. KG;Am Hang 2;84048;Mainburg;;;;
Teamblue Bad Münder;118637;LS78069;ja;24.03.2026;Florian Gräf;20829;Fritz Steinhaus GmbH & Co;Fritz Steinhaus GmbH & Co. KG;Im Heidkamp 17;33334;Gütersloh;;;;
Planegg;118639;LS78070;ja;25.03.2026;Rene Kühn;27377;TAKTIQ GmbH & Co. KG;TAKTIQ GmbH & Co. KG;Am Hoppenhof 32;33104;Paderborn;;;;
Planegg;118640;LS78071;ja;24.03.2026;Florian Gräf;20259;STK Service Seiling;STK Service GmbH&Co.KG;Werkstr. 12;59348;Lüdinghausen;;;;
Teamblue Bad Münder;;LS78072;ja;09.03.2026;Florian Gräf;20413;Lowescher;Lowescher Automaten Catering;Benzstraße 8;48599;Gronau;;;;
Planegg;118641;LS78073;ja;24.03.2026;Florian Gräf;20191;Gleisner;Gleisner GmbH & Co.KG;Pegnitzstr. 13;91207;Lauf an der Pegnitz;;;;
Teamblue Bad Münder;;LS78074;ja;10.03.2026;Florian Gräf;20829;Fritz Steinhaus GmbH & Co;Fritz Steinhaus GmbH & Co. KG;Im Heidkamp 17;33334;Gütersloh;;;;
VST Schörling;118646;LS78075;ja;27.03.2026;Rene Kühn;22000;Heine Optotechnik;HEINE Optotechnik GmbH & Co. KG;Dornierstraße 6;82205;Gilching;;;;
Planegg;118668;LS78078;ja;25.03.2026;Estaline Philander;20182;ASAM praevent München;ASAM praevent GmbH;Fürstenrieder Straße 263;81377;München;;;;
Planegg;118672;LS78080;ja;24.03.2026;Florian Gräf;23577;Dataport 1;Dataport - Anstalt des öffentl. Rechts;Altenholzer Straße 10-14;24161;Altenholz /  Kiel;;;;
Gänshirt-Aufmbruch;118671;LS78081;ja;07.04.2026;Estaline Philander;24008;Ogury Germany GmbH;Ogury Germany GmbH;Brüsseler Strasse 21;50674;Köln;;;;
Planegg;;LS78084;ja;27.03.2026;Petra Gräf;23134;Münchner Pflegedienst - Ebersb;Festl GmbH & Co. KG;Münchner Str.15A;85604;Zorneding;;;;
aboutwater Frankfurt;118678;LS78085;ja;24.03.2026;Carmen Berger;21621;Magnum;Magnum water coffee snack;Wirtswiese 1;57223;Kreuztal;;;;
Planegg;118680;LS78086;ja;26.03.2026;Estaline Philander;26037;Ina Schmid;Ina Schmid;Karl-Stieler-Str. 11;82131;Stockdorf;;;;
STK Service;118679;LS78087;ja;27.03.2026;Carmen Berger;23412;Migua;MIGUA Fugensysteme GmbH;Dieselstraße 20;42489;Wülfrath;;;;
Planegg;118682;LS78089;ja;26.03.2026;Estaline Philander;60279;dm 0279 Gräfelfing;dm Filiale 0279;Bahnhofstraße 103;82166;Gräfelfing;;;;
STK Service;;LS78090;ja;01.04.2026;Petra Gräf;27378;Aspire Hospitality GmbH;Spark by Hilton Wuppertal City Centre;Döppersberg 50;42103;Wuppertal;;;;
Gleisner;118684;LS78091;ja;24.03.2026;Florian Gräf;20191;Gleisner;Gleisner GmbH & Co.KG;Pegnitzstr. 13;91207;Lauf an der Pegnitz;;;;
Planegg;118683;LS78093;ja;25.03.2026;Petra Gräf;27378;Aspire Hospitality GmbH;Spark by Hilton Wuppertal City Centre;Döppersberg 50;42103;Wuppertal;;;;
Brengartner Trinkwass;;LS78094;nein;24.03.2026;Petra Gräf;27379;Essecke in Steißlingen;Essecke in Steißlingen;Daimlerstr. 10;78256;Steißlingen;;;;
STK Service;118686;LS78095;ja;02.04.2026;Estaline Philander;23686;Falck Duisburg Hattingen Köln;(RW3) Falck Notfallrettung und;Duisburger Straße 145;47166;Duisburg;;;;
Bastian;118688;LS78096;nein;24.03.2026;Estaline Philander;20836;Asam Betriebs -1;Asam Betriebs GmbH;Bayerwaldstr. 15;94377;Steinach;;;;
STK Service;118687;LS78097;ja;02.04.2026;Estaline Philander;23686;Falck Duisburg Hattingen Köln;(RW4) Falck Notfallrettung und;Dr. Wilhelm-Roelen-Str. 200;47179;Duisburg;;;;
aboutwater Frankfurt;118689;LS78098;ja;24.03.2026;Estaline Philander;24778;Sapok;Arztpraxis Dr. med. Adalbert Sapok;Marktplatz 11;65824;Schwalbach;;;;
Planegg;118690;LS78099;ja;24.03.2026;Max Sanktjohanser;25171;Amazon Logistik Suelzetal;Amazon Logistik Sülzetal GmbH Baerbel Schulze;Meseberger Straße 9e;39326;Groß Ammensleben;;;;
AMW Auersperg;114862;LS76109 MBU;ja;31.03.2026;Rene Kühn;23338;Le Gastro;Deutsche Post AG;Isaac-Singer Str. 8;17033;Neubrandenburg;;;;
AMW Auersperg;114861;LS76108 MBU;ja;31.03.2026;Rene Kühn;23338;Le Gastro;Deutsche Post AG;Isaac-Singer Str. 8;17033;Neubrandenburg;;;;
Planegg;;LS78102;ja;27.03.2026;Petra Gräf;26523;Deutsche Post Freising;Deutsche Post AG;Bahnhofstr. 7;85625;Glonn;;;;
Planegg;;LS78103;ja;24.03.2026;Rene Kühn;20772;Crystal Water;Crystal Water;Rosenheimer Str. 34;85635;Höhenkirchen;;;;
Planegg;118717;LS78104;ja;30.03.2026;Estaline Philander;26948;facilicon GmbH;facilicon GmbH;Rudolf-Diesel-Ring 32;82054;Sauerlach;;;;
aboutwater Bünde;118665;LS78105;ja;31.03.2026;Petra Gräf;26853;AUGUST STORCK KG;AUGUST STORCK KG;Paulinenweg 12;33790;Halle (Westf.);;;;
aboutwater Bünde;118718;LS78106;ja;31.03.2026;Petra Gräf;26853;AUGUST STORCK KG;AUGUST STORCK KG;Paulinenweg 12;33790;Halle (Westf.);;;;
Planegg;118720;LS78108;ja;30.03.2026;Estaline Philander;25259;Condor Technik /Flughafen MUC;Condor Technik GmbH;Wartungsallee 13;85356;München;;;;
AQUATRADE Glinde;118719;LS78107;ja;08.04.2026;Carmen Berger;24786;INDIMANT;INDIMANT Industriediamanten GmbH;Heinrich-Hertz-Straße 9;22941;Bargteheide;;;;
Planegg;118721;LS78109;ja;25.03.2026;Florian Gräf;21204;MB Well Service;MB Well Services GmbH T44;(gegenüber) Itterbecker Str. 18;49849;Wilsum;;;;
Planegg;118724;LS78110;ja;30.03.2026;Estaline Philander;24586;AFS Aviation Fuel Services Gmb;AFS Aviation Fuel Services GmbH;Nordallee 52;85356;München  (Flughafen);;;;
VST Schörling;118725;LS78111;ja;27.03.2026;Sönke Rocho;22000;Heine Optotechnik;HEINE Optotechnik GmbH & Co. KG;Dornierstraße 6;82205;Gilching;;;;
Planegg;118726;LS78112;ja;25.03.2026;Josefine Mättig;26977;Trinkflaschenexpress;Bottle-Print Vertriebs GmbH;Auf den Steinen 2,;37191;Katlenburg Lindau;;;;
Planegg;118727;LS78113;ja;30.03.2026;Florian Gräf;21747;natürlich H2O / Kwasniok;natürlich H2O / Hansequelle Berlin;Pausiner Str. 34;14621;Schönwalde-Glien;;;;
Planegg;118728;LS78114;ja;25.03.2026;Max Sanktjohanser;27381;PTS;PTS-Prüftechnik GmbH;Bettringerstrasse 42;73550;Waldstetten;;;;
Planegg;118729;LS78115;ja;01.04.2026;Josefine Mättig;20729;CJM Der Wassermann UG -ha;Zeltverleih Münzenberg;Grubenstraße 5;15234;Frankfurt;;;;
Emons;118730;LS78116;nein;07.04.2026;Florian Gräf;21737;Heuser;Heuser GmbH;Waldstr. 23 / B10;63128;Dietzenbach;;;;
aboutwater Frankfurt;118731;LS78117;ja;27.03.2026;Petra Gräf;23970;Ebury;Ebury Partners Belgium SA/NV;Bleidenstraße 6;60311;Frankfurt am Main;;;;
Planegg;118732;LS78118;ja;25.03.2026;Max Sanktjohanser;27324;Interface;InterFace AG;Perchtinger Straße 8-10;81379;München;;;;
Planegg;118733;LS78119;ja;02.04.2026;Josefine Mättig;27382;Curzio Rosati;Rosati Curzio;Via Vittorio Emanuele,105;98055;Lipari (ME), Italy;;;;
Planegg;118734;LS78120;ja;26.03.2026;Rene Kühn;27383;Mattel GmbH;Mattel GmbH;Solmsstrasse 83;60486;Frankfurt am Main;;;;
Planegg;118735;LS78121;ja;31.03.2026;Estaline Philander;23392;MYOS Sport & Health GmbH;MYOS Sport & Health GmbH;Leopoldstraße 175;80804;München;;;;
VST Schörling;118736;LS78122;ja;01.04.2026;Andreas Pöppe;23975;Anne-Frank-Gymnasium;Anne-Frank-Gymnasium;Heilig Blut 8;85435;Erding;;;;
Planegg;;LS78123;ja;31.03.2026;Estaline Philander;26531;Chiropraktik Waier;Chiropraktik Waier;Herzogstraße 25;80803;München;;;;
STK Service;118738;LS78124;ja;07.04.2026;Carmen Berger;26948;facilicon GmbH;facilicon GmbH;An der Wachsfabrik 17;50996;Köln;;;;
Planegg;;LS78125;ja;25.03.2026;Petra Gräf;27163;Walther GmbH;Walther GmbH;Moosburger Straße 2;85413;Hörgertshausen;;;;
Planegg;118743;LS78126;ja;25.03.2026;Florian Gräf;23113;Groz Beckert;Groz-Beckert KG;Theodor-Groz-Strasse 56;72458;Albstadt;;;;
Kyffhäuser;118739;LS78127;ja;26.03.2026;Estaline Philander;27029;AES Airplane-Equipment & Servi;Airplane-Equipment & Services GmbH;Eschenring 9;06184;Kabelsketal OT. Großkugel;;;;
AQUATRADE Glinde;118741;LS78128;ja;31.03.2026;Estaline Philander;22913;Hugo Pfohe Bad Segeberg;Hugo Pfohe GmbH;Esmarchstraße 13-15;23795;Bad Segeberg;;;;
AQUATRADE Glinde;118742;LS78130;nein;01.04.2026;Estaline Philander;27350;Praxis Mausuda Naqschbandi;Masuda Naqschbandi;Schiffbeker Weg 230b;22119;Hamburg;;;;
Planegg;118745;LS78131;ja;26.03.2026;Estaline Philander;25503;COmarketing;COmarketing GmbH;Messerschmittstr. 4;89343;Jettingen-Scheppach;;;;
Planegg;118744;LS78132;ja;01.04.2026;Max Sanktjohanser;27385;Grafikdesign Weyland;teamfoto Marquardt;Hans-Böckler Str. 12;59348;Lüdinghausen;;;;
Planegg;;LS78133;ja;26.03.2026;Estaline Philander;25288;Lindner Industriebedarf GmbH;Lindner Industriebedarf GmbH;Raiffeisenstr. 2a;38159;Vechelde;;;;
Planegg;;LS78134;ja;30.03.2026;Estaline Philander;24011;Briegeldental;BRIEGELDENTAL;Rudolf-Diesel-Ring 12;82054;Sauerlach;;;;
Planegg;118748;LS78135;ja;26.03.2026;Estaline Philander;20489;AXA Generalvertretung Ral;AXA Generalvertretung Ralf Kronast e. K.;Lochhamer Str. 2 A;82152;Planegg;;;;
Planegg;118749;LS78136;ja;30.03.2026;Estaline Philander;23848;Blomberger Karosserie;Blomberger Karosserie- und Lackzentrum GmbH;Schleißheimerstr. 395;80935;München;;;;
Emons;118750;LS78137;ja;27.03.2026;Florian Gräf;10160;AVALESS;AVALESS GmbH;Hansastr. 24;49205;Hasbergen;;;;
Planegg;;LS78138;ja;25.03.2026;Rene Kühn;20772;Crystal Water;Crystal Water;Rosenheimer Str. 34;85635;Höhenkirchen;;;;
AQUATRADE Glinde;118776;LS78139;ja;31.03.2026;Petra Gräf;24898;Anschütz;Anschütz GmbH;Zeyestr. 16-24;24106;Kiel;;;;
Planegg;118777;LS78140;ja;26.03.2026;Florian Gräf;27386;Glex Lawyers;Glex Lawyers;Calle Secundino Alonso 39;35600;Puerto del Rosario;;;;
Planegg;118781;LS78141;ja;26.03.2026;Josefine Mättig;27002;Johanniter-Haus Köln-Zollstock;Johanniter-Haus Köln-Zollstock;Sibille-Hartmann-Straße 1;50969;Köln;;;;
natürlich H2O;117368;LS77801.;ja;23.03.2026;Rene Kühn;26603;DEURAG Deutsche Rechtsschutz-V;DEURAG Deutsche Rechtsschutz-Versicherung AG;Anton-Wilhelm-Amo-Straße 20/21;10117;Berlin;;;;
Berlin Wein König;;LS78144;ja;26.03.2026;Petra Gräf;21144;Knotel;Knotel Berlin I GmbH;Hussitenstr. 32;13355;Berlin;;;;
Planegg;118787;LS78145;ja;27.03.2026;Florian Gräf;20561;Susanne Pöppe vorm.Aquatec;Erkul Schankanlagen;Sonnhalde 1/1;79312;Emmendingen;;;;
Ines Rütz Appen;118788;LS78146;ja;31.03.2026;Petra Gräf;22741;Turner & Townsend;Turner & Townsend GmbH;Stubbenhuk 7;20459;Hamburg;;;;
Planegg;118790;LS78147;ja;26.03.2026;Josefine Mättig;27144;Andreas Christ Spedition;Andreas Christ Spedition;Austr. 137;74076;Heilbronn;;;;
AMW Auersperg;118791;LS78148;ja;02.04.2026;Petra Gräf;23391;ProLine;ProLine Marketing und Management;Bundesallee 66;12161;Berlin;;;;
AMW Auersperg;118792;LS78149;ja;02.04.2026;Petra Gräf;23391;ProLine;ProLine Marketing und Management;Bundesallee 66;12161;Berlin;;;;
AQUATRADE Glinde;118786;LS78150;ja;27.03.2026;Estaline Philander;25561;EPG Ehrhardt+Partner;Ehrhardt + Partner GmbH & Co. KG;Auf dem Königslande 37;22041;Hamburg;;;;
aboutwater Frankfurt;118793;LS78151;ja;01.04.2026;Carmen Berger;26338;HELI EUROPE Headquarter GmbH;HELI EUROPE Headquarter GmbH;Grüner Weg 14;61169;Friedberg (Hessen);;;;
Kyffhäuser;118794;LS78152;ja;02.04.2026;Florian Gräf;20668;Gastro Service Center e.K;Swarco Traffic Systems GmbH;Gypsbergstr. 11;04356;Leipzig;;;;
Planegg;118789;LS78153;ja;01.04.2026;Max Sanktjohanser;27330;IB Scholz;IB SCHOLZ GmbH & Co. KG;Galgenbergstraße 15;93053;Regensburg;;;;
Kyffhäuser;118795;LS78154;ja;02.04.2026;Florian Gräf;20668;Gastro Service Center e.K;Anemonen Apotheke;Engelsdorfer Straße 3;04177;Leipzig;;;;
aboutwater Frankfurt;118796;LS78155;ja;01.04.2026;Estaline Philander;25697;ATC Transport;ATC Transport GmbH;Marnheimer Straße 92 B;67292;Kirchheimbolanden;;;;
Planegg;118798;LS78156;ja;27.03.2026;Florian Gräf;26064;CHROMOnorm GmbH;CHROMOnorm GmbH;Balinger Str. 21;72415;Grosselfingen;;;;
STK Service;118797;LS78157;ja;02.04.2026;Estaline Philander;21237;Berufstrainingszentrum BTZ;Berufstrainingszentrum Rhein-Ruhr gGmbH;Pempelforter Str. 50  /  Mo-Fr 8-12 Uhr;40211;Düsseldorf;;;;
Gänshirt-Aufmbruch;118799;LS78159;ja;07.04.2026;Carmen Berger;21477;Trinkwassertechnik Brengartner;Endress + Hauser Deutschland GmbH+Co. KG;Eisenhüttenstraße 12;40882;Ratingen;;;;
Planegg;118800;LS78158;ja;02.04.2026;Estaline Philander;24112;de Crignis Blechverarbeitung G;de Crignis GmbH;Aulzhausener Str. 9;86165;Augsburg;;;;
Planegg;118801;LS78160;nein;01.04.2026;Carmen Berger;21477;Trinkwassertechnik Brengartner;Endress + Hauser Deutschland GmbH+Co. KG;Clarita-Bernhard-Straße 25;81249;München;;;;
Planegg;118804;LS78161;ja;02.04.2026;Petra Gräf;27387;Staub & Co.-Silbermann (2) Gab;Staub & Co.- Silbermann GmbH;Industriestr. 3;86456;Gablingen;;;;
Emons;118805;LS78162;ja;26.03.2026;Florian Gräf;21258;Coffice;Coffice Betriebsverpflegung KG;Achen 10;83137;Schonstett;;;;
Planegg;118803;LS78163;ja;31.03.2026;Estaline Philander;25920;x-cellent technologies GmbH;x-cellent technologies GmbH;Rosenkavalierplatz 10;81925;München;;;;
aboutwater Bünde;117398;LS77842.;ja;25.03.2026;Rene Kühn;10160;AVALESS;AVALESS GmbH;Hansastr. 24;49205;Hasbergen;;;;
aboutwater Bünde;117398;LS77842.1;ja;25.03.2026;Rene Kühn;10160;AVALESS;AVALESS GmbH;Hansastr. 24;49205;Hasbergen;;;;
Gleisner;114026;LS75312-1;ja;26.03.2026;Petra Gräf;26827;Staub & Co.-Silbermann GmbH;Staub & Co.-Silbermann GmbH;Ostendstr. 124;90482;Nürnberg;;;;
Planegg;118806;LS78167;ja;26.03.2026;Florian Gräf;25291;bePure;be.pure e.U.;Große Sperlgasse 8/2/34;1020;Wien;;;;
VST Schörling;118807;LS78168;ja;01.04.2026;Andreas Pöppe;27278;Kayser+Böttges Architekten;Kayser+Böttges;Infanteriestraße 11a;80797;München;;;;
Emons;118808;LS78171;ja;26.03.2026;Florian Gräf;21747;natürlich H2O / Kwasniok;natürlich H2O / Hansequelle Berlin;Veltener Straße 37f;16515;Oranienburg;;;;
Planegg;118809;LS78172;ja;02.04.2026;Estaline Philander;22216;Barsan Global Logistik GmbH;Barsan Global Logistik GmbH;Hertha-Sponer-Straße 1;82216;Maisach;;;;
Emons;118726;LS78173;ja;26.03.2026;Josefine Mättig;26977;Trinkflaschenexpress;Bottle-Print Vertriebs GmbH;Auf den Steinen 2,;37191;Katlenburg Lindau;;;;
AQUATRADE Bram;118810;LS78174;ja;31.03.2026;Estaline Philander;24088;Zahnmanufaktur Emsland ZME;Zahnmanufaktur Emsland - ZME GmbH;Lengericher Str. 7;49809;Lingen;;;;
Planegg;118811;LS78175;ja;27.03.2026;Estaline Philander;25069;Smart Elite Dienstleistungen;Smart Elite Dienstleistungen GmbH;Hauptstraße 45-47;85614;Kirchseeon;;;;
Berlin Wein König;;LS78176;ja;01.04.2026;Petra Gräf;21352;Setting;Setting HQ GmbH;Schönhauser Allee 180;10119;Berlin;;;;
AQUATRADE Bram;118813;LS78177;nein;01.04.2026;Estaline Philander;23162;Teppana Produktion GmbH;Teppana Produktion GmbH;Obenhauptstraße 4;22335;Hamburg;;;;
Planegg;118815;LS78178;ja;27.03.2026;Estaline Philander;21421;Bildungszentrum Gesundheitsber;Bildungszentrum für Gesundheitsberufe;Bajuwarenstraße 9  /  1.OG;85435;Erding;;;;
Planegg;118816;LS78179;ja;27.03.2026;Florian Gräf;20208;Hotshot Kaffee e. K.;Hotshot Kaffee e. K.;Werder Str. 29;45739;Oer-Erkenschwick;;;;
Berlin Wein König;118817;LS78180;ja;01.04.2026;Estaline Philander;23085;Jugend- und Sozialwerk;Jugend- und Sozialwerk gemeinnützige GmbH;Zerbster Straße 99-101;12627;Berlin;;;;
Planegg;117537;LS78181;ja;26.03.2026;Max Sanktjohanser;10034;ewatec;ewatec e.K.;Am Angelehof 12;88316;Isny;;;;
Planegg;118818;LS78182;ja;26.03.2026;Estaline Philander;22359;BCS Service vorm.IT-MAX;BCS Holding GmbH;Dachauer Str. 70-72;80335;München;;;;
Planegg;118819;LS78183;ja;27.03.2026;Florian Gräf;20191;Gleisner;Gleisner GmbH & Co.KG;Pegnitzstr. 13;91207;Lauf an der Pegnitz;;;;
Planegg;118820;LS78184;nein;26.03.2026;Petra Gräf;25303;Bavarian International School;Bavarian International School gAG;Leopoldstrasse 208;80804;München;;;;
Planegg;118821;LS78185;ja;26.03.2026;Max Sanktjohanser;23424;Kliniken Schmieder;Kliniken Schmieder (Stiftung & Co.) KG;Zum Tafelholz 8;78476;Allensbach;;;;
Planegg;;LS78186;ja;08.04.2026;Petra Gräf;26523;Deutsche Post Freising;Deutsche Post AG;Am Dörrenhof 9a;85131;Eichstätt - Pollenfeld;;;;
Planegg;;LS78187;ja;26.03.2026;Petra Gräf;27163;Walther GmbH;Walther GmbH;Moosburger Straße 2;85413;Hörgertshausen;;;;
Planegg;118824;LS78188;ja;02.04.2026;Estaline Philander;61828;dm 1828 Aichach;dm Filiale 1828;Augsburger Straße 25;86551;Aichach;;;;
Planegg;118825;LS78189;ja;07.04.2026;Josefine Mättig;22027;Ho-tec;HO-TEC GmbH & Co. KG;Im Holderwäldele 8;76571;Gaggenau;;;;
STK Service;;LS78190;nein;27.03.2026;Rene Kühn;22509;Konvortec;Konvortec GmbH;Kappellenweg 64;46514;Schermbeck;;;;
Planegg;118805;LS78191;ja;30.03.2026;Florian Gräf;21258;Coffice;Coffice Betriebsverpflegung KG;Achen 10;83137;Schonstett;;;;
aboutwater Frankfurt;118827;LS78192;ja;27.03.2026;Carmen Berger;21621;Magnum;Magnum water coffee snack;Wirtswiese 1;57223;Kreuztal;;;;
Planegg;118814;LS78193;ja;27.03.2026;Josefine Mättig;23035;BE WTR SA;Catherine Ferras;57 chemin de chambeaufond;74350;Villy le Bouveret;;;;
Planegg;118828;LS78194;ja;31.03.2026;Estaline Philander;25637;Kirinus (4) Nymphenburger Str;Kirinus Praxis GmbH;Nymphenburger Straße 187;80634;München;;;;
Planegg;118830;LS78200;ja;09.04.2026;Carmen Berger;20435;Leibarztpraxis;Leibarztpraxis Dr. Leiber;Mendelsohnstr. 7;81245;München;;;;
VST Schörling;118831;LS78204;nein;01.04.2026;Logistik;24227;Huber Präzisionstechnik GmbH;Huber Präzisionstechnik GmbH;Königsdorfer Weg 6;82538;Geretsried;;;;
VST Schörling;118832;LS78205;nein;01.04.2026;Logistik;24227;Huber Präzisionstechnik GmbH;Huber Präzisionstechnik GmbH;Königsdorfer Weg 6;82538;Geretsried;;;;
VST Schörling;118833;LS78206;nein;01.04.2026;Logistik;24227;Huber Präzisionstechnik GmbH;Huber Präzisionstechnik GmbH;Königsdorfer Weg 6;82538;Geretsried;;;;
VST Schörling;118834;LS78207;nein;01.04.2026;Logistik;24227;Huber Präzisionstechnik GmbH;Huber Präzisionstechnik GmbH;Königsdorfer Weg 6;82538;Geretsried;;;;
VST Schörling;118835;LS78208;nein;01.04.2026;Logistik;24227;Huber Präzisionstechnik GmbH;Huber Präzisionstechnik GmbH;Königsdorfer Weg 6;82538;Geretsried;;;;
VST Schörling;118836;LS78209;nein;01.04.2026;Logistik;24227;Huber Präzisionstechnik GmbH;Huber Präzisionstechnik GmbH;Königsdorfer Weg 6;82538;Geretsried;;;;
Planegg;;LS78210;ja;07.04.2026;Estaline Philander;26523;Deutsche Post Freising;Deutsche Post AG;Boschstr. 13;84109;Wörth a.d. Isar;;;;
STK Service;118839;LS78211;ja;07.04.2026;Estaline Philander;26948;facilicon GmbH;facilicon GmbH;Am Gewerbehof 28;50170;Kerpen;;;;
Planegg;;LS78212;ja;30.03.2026;Estaline Philander;24642;ITC LifeScience;ITC LifeScience GmbH;Bachhamer Str. 3 b;85447;Fraunberg;;;;
Planegg;118841;LS78213;ja;30.03.2026;Estaline Philander;23936;UBS Europe SE;UBS Europe SE;Europaplatz 1;81675;München;;;;
aboutwater Frankfurt;118843;LS78214;ja;01.04.2026;Carmen Berger;26484;HCC 2;HCC - Hessisches Competence Center;Stolzenmorgen 36;35394;Gießen;;;;
aboutwater Frankfurt;118844;LS78215;ja;01.04.2026;Carmen Berger;26484;HCC 2;HCC - Hessisches Competence Center;Rödgener Straße 91;35394;Gießen;;;;
Gänshirt-Aufmbruch;118845;LS78216;ja;01.04.2026;Andreas Pöppe;23338;Le Gastro;Deutsche Post AG;Emscherbruchallee 12;45356;Essen;;;;
Planegg;118847;LS78217;ja;27.03.2026;Rene Kühn;27388;Robert Eisenburger;Robert Eisenburger;Dompfaffstr. 1;86830;Schwabmünchen;;;;
Planegg;;LS78218;nein;02.04.2026;Petra Gräf;25090;Eavor GmbH;Eavor Erdwärme Geretsried GmbH & Co.KG;Herrnhauser Str. 75;82538;Geretsried;;;;
Planegg;118842;LS78219;ja;31.03.2026;Estaline Philander;20774;M. Asam / Asambeauty;M. Asam GmbH;Feringastrasse 12 A;85774;Unterföhring;;;;
Gänshirt-Aufmbruch;118850;LS78220;ja;13.04.2026;Estaline Philander;24072;Kitas Stadt Würselen;Städt. Kindertageseinrichtung Lessingstraße;Lessingstr. 44;52146;Würselen;;;;
Planegg;118851;LS78221;ja;07.04.2026;Josefine Mättig;26641;Greiner International;Greiner Packaging International GmbH;Gewerbestraße 15,;4642;Sattledt, Austria;;;;
Planegg;;LS78222;ja;27.03.2026;Rene Kühn;20772;Crystal Water;Crystal Water;Rosenheimer Str. 34;85635;Höhenkirchen;;;;
Planegg;118852;LS78223;ja;07.04.2026;Josefine Mättig;20729;CJM Der Wassermann UG -ha;Zeltverleih Münzenberg;Grubenstraße 5;15234;Frankfurt;;;;
Planegg;;LS78224;ja;27.03.2026;Petra Gräf;27218;SFS Steuerberatung;SFS Steuerberatungsgesellschaft mbH;Schillerstraße 1;85221;Dachau;;;;
Planegg;118857;LS78225;ja;31.03.2026;Estaline Philander;24641;Brustdiagnostik München;Brustdiagnostik München;Sonnenstraße 29  /  4.OG;80331;München;;;;
Planegg;118849;LS78226;ja;30.03.2026;Estaline Philander;23850;SE Sustainable Exergy GmbH;SE Sustainable Exergy GmbH;Feldkirchener Straße 12 A;85551;Kirchheim;;;;
Planegg;118858;LS78227;ja;30.03.2026;Estaline Philander;20633;a-on AG;a-on AG;Grundfeld 6;85445;Oberding;;;;
Planegg;;LS78228;nein;27.03.2026;Estaline Philander;22935;Max Cochius GmbH;Max Cochius GmbH;Hohenlindener Str. 6;81677;München;;;;
VST Schörling;118860;LS78229;ja;09.04.2026;Estaline Philander;24238;Agfa;Agfa-Gevaert Healthcare GmbH;Max-Planck-Str. 1;82380;Peißenberg;;;;
Berlin Wein König;118862;LS78231;ja;01.04.2026;Estaline Philander;23043;Reha Spandauer See;Reha- und Gesundheitszentrum Spandauer See;Streitstr. 11 - 13;13587;Berlin;;;;
aboutwater Frankfurt;118864;LS78232;ja;01.04.2026;Estaline Philander;26484;HCC 2;HCC - Hessisches Competence Center;Rödgener Straße 91;35394;Gießen;;;;
Planegg;118865;LS78233;ja;30.03.2026;Josefine Mättig;23160;Esmeyer GmbH & Co. KG;Verwaltung, Heiligendamm;Kinderstrand 1;18209;Heiligendamm;;;;
Planegg;118866;LS78234;ja;30.03.2026;Josefine Mättig;24440;CLAMO;LORAMA;Pasaje Virginia Wolf , nº 39, local 2 /;29010;Málaga;;;;
Schöttle - Haiterbach;118867;LS78235;nein;01.04.2026;Florian Gräf;10034;ewatec;ATX Hardware GmbH West;Waldstraße 15;71139;Ehingen;;;;
Planegg;118868;LS78236;ja;30.03.2026;Florian Gräf;20829;Fritz Steinhaus GmbH & Co;Fritz Steinhaus GmbH & Co. KG;Im Heidkamp 17;33334;Gütersloh;;;;
Planegg;118869;LS78237;ja;30.03.2026;Max Sanktjohanser;22876;Amazon Deutschland W23 Trans.;Amazon Deutschland W23 Transport GmbH;Marie-Curie-Str. 6;67661;Kaiserslautern;;;;
Planegg;118870;LS78238;ja;30.03.2026;Rene Kühn;26431;Stiftung Haus Hall;Stiftung Haus Hall;Tungerloh Capellen 4;48712;Gescher;;;;
VST Schörling;116886;LS77294.;ja;27.03.2026;Petra Gräf;22726;Agentur für Arbeit Augsburg;Familienkasse Bayern Süd;Otto-Lindenmeyer-Straße 28;86153;Augsburg;;;;
STK Service;118871;LS78240;ja;01.04.2026;Estaline Philander;23686;Falck Duisburg Hattingen Köln;(RW3) Falck Notfallrettung und;Am Leveloh 7;45549;Sprockhövel;;;;
Planegg;118872;LS78241;ja;30.03.2026;Josefine Mättig;26977;Trinkflaschenexpress;Damco Germany GmbH;Goodyearstraße 1;76661;Philippsburg;;;;
Emons;118872;LS78242;ja;30.03.2026;Josefine Mättig;26977;Trinkflaschenexpress;Damco Germany GmbH;Goodyearstraße 1;76661;Philippsburg;;;;
natürlich H2O;118629;LS78063 km;ja;26.03.2026;Petra Gräf;21940;Dt.Gesellsch.f.Auswärtige Poli;Deutsche Gesellschaft für Auswärtige Politik;Rauchstraße 17-18;10787;Berlin;;;;
Planegg;118873;LS78244;ja;30.03.2026;Estaline Philander;21769;WKV;WKV Kunststoffverarbeitung GmbH;Dieselstraße 3;86558;Hohenwart;;;;
AMW Auersperg;118874;LS78245;ja;09.04.2026;Florian Gräf;21583;Living Water GmbH;orka Partnerschaft mbH;Heidestraße 9;10557;Berlin;;;;
Kyffhäuser;118879;LS78247;ja;31.03.2026;Estaline Philander;23343;Falck Rettungswache 31.PLA;Falck Notfallrettung und Katastrophenschutz;Poeppigstraße 6;08529;Plauen;;;;
Kyffhäuser;118880;LS78248;ja;31.03.2026;Estaline Philander;23343;Falck Rettungswache 31.PLA;Falck Notfallrettung und Katastrophenschutz;Herlasgrüner Str. 76;08223;Treuen;;;;
Kyffhäuser;118881;LS78249;ja;31.03.2026;Estaline Philander;23343;Falck Rettungswache 31.PLA;Falck Notfallrettung und Katastrophenschutz;Netzschkauer Str. 13;07985;Elsterberg;;;;
Planegg;118878;LS78250;ja;01.04.2026;Max Sanktjohanser;27389;Klinik Rosenhof;Orthopädisches Rehabilitationszentrum;Brunnaderstraße 24;84364;Bad Birnbach;;;;
Planegg;;LS78252;ja;31.03.2026;Petra Gräf;26124;Knime GmbH;Knime GmbH;Körtestr.10;10967;Berlin;;;;
VST Schörling;118884;LS78253;ja;01.04.2026;Andreas Pöppe;24333;Bayern FM;Bayerische Landesbrandversicherung;Warngauer Str. 30;81539;München;;;;
VST Schörling;118885;LS78254;ja;01.04.2026;Andreas Pöppe;24333;Bayern FM;Bayerische Landesbrandversicherung;Warngauer Str. 30;81539;München;;;;
Planegg;118886;LS78255;ja;07.04.2026;Estaline Philander;24368;Audi Eching;Audi München GmbH;Heisenbergstraße 4;85368;Eching;;;;
Planegg;118900;LS78256;ja;01.04.2026;Sönke Rocho;23185;qards vorm.Bayern Card-Serv;qards GmbH;Georg-Brauchle-Ring 23-25;80992;München;;;;
Strecke;117488;LS78257;ja;30.03.2026;Florian Gräf;26064;CHROMOnorm GmbH;CHROMOnorm GmbH;Balinger Str. 21;72415;Grosselfingen;;;;
Planegg;118887;LS78258;ja;31.03.2026;Estaline Philander;23969;Topos;TOPOS Versicherungskontor GmbH;Scharnweberstr. 130/131;13405;Berlin;;;;
natürlich H2O;118888;LS78259;ja;01.04.2026;Estaline Philander;23969;Topos;TOPOS Versicherungskontor GmbH;Scharnweberstr. 130/131;13405;Berlin;;;;
Planegg;118889;LS78261;nein;07.04.2026;Max Sanktjohanser;27295;Jobcenter Mönchengladbach;Jobcenter Mönchengladbach;Limitenstr. 144-148;41236;Mönchengladbach;;;;
Kyffhäuser;118892;LS78263;ja;30.03.2026;Florian Gräf;20708;Kyffhäuser Waterworld;Kyffhäuser Waterworld;Brauereistraße 4;06556;Artern;;;;
Kyffhäuser;;LS78264;ja;30.03.2026;Florian Gräf;20708;Kyffhäuser Waterworld;Kyffhäuser Waterworld;Brauereistraße 4;06556;Artern;;;;
Planegg;118891;LS78265;ja;30.03.2026;Max Sanktjohanser;26204;Carl Hanser Verlag;Carl Hanser Verlag GmbH & Co. KG;Vilshofener Str. 10;81679;München;;;;
Planegg;;LS78266;ja;01.04.2026;Petra Gräf;27353;Quantum-Frontline-Industries;Quantum-Frontline-Industries GmbH;Galileostr. 502 S;82131;Gauting;;;;
Teamblue Bad Münder;;LS78268;ja;30.03.2026;Florian Gräf;20299;GWA;GWA GmbH;Hohendodeleber Str. 8;39110;Magdeburg;;;;
Planegg Rep.Lager;116654;LS77728.;ja;30.03.2026;Petra Gräf;21493;Autodesk;Autodesk GmbH;Balanstr. 71 a;81541;München;;;;
Planegg;118897;LS78270;ja;30.03.2026;Max Sanktjohanser;27390;Kinderzentrum Frankfurt;Kinderzentrum 108;Gerhart-Hauptmann-Ring 400a;60439;Frankfurt am Main;;;;
Planegg;118901;LS78273;nein;10.04.2026;Florian Gräf;20475;Aquagast Wasseraufbereitu;Aquagast Wasseraufbereitungs-;Hofsteigstraße 112;6858;Schwarzach;;;;
Planegg;118898;LS78274;ja;09.04.2026;Max Sanktjohanser;27323;Hochschule Bochum;Hochschule Bochum;Am Hochschulcampus 1;44801;Bochum;;;;
Gänshirt-Aufmbruch;118902;LS78275;nein;01.04.2026;Estaline Philander;23263;BOLL & KIRCH Filterbau GmbH;BOLL & KIRCH Filterbau GmbH;Siemensstr. 10-14;50170;Kerpen;;;;
Deutscher;118898;LS78276;ja;06.04.2026;Max Sanktjohanser;27323;Hochschule Bochum;Hochschule Bochum;Am Hochschulcampus 1;44801;Bochum;;;;
Planegg;118903;LS78277;ja;30.03.2026;Josefine Mättig;26977;Trinkflaschenexpress;Bottle-Print Vertriebs GmbH;Auf den Steinen 2,;37191;Katlenburg Lindau;;;;
Planegg;118904;LS78278;ja;01.04.2026;Max Sanktjohanser;22526;Amazon Deutschland N18 Trans.;Amazon Deutschland N18 Transport GmbH;Am alten Flughafen 1;04356;Leipzig;;;;
Ewatec;110803;LS69691.;ja;25.03.2026;Petra Gräf;25748;Raphael Hertrich & Collegen;Raphael Hertrich & Collegen;Julius-Bührer-Str. 2;78224;Singen;;;;
Gänshirt-Aufmbruch;114851;LS76100 MBU;ja;08.04.2026;Petra Gräf;23338;Le Gastro;Deutsche Post AG;Kleine Ruhrau 16;45279;Essen;;;;
Gänshirt-Aufmbruch;114846;LS76095 MBU;ja;08.04.2026;Petra Gräf;23338;Le Gastro;Deutsche Post AG;Emscherbruchallee 12;45356;Essen;;;;
Gänshirt-Aufmbruch;114857;LS76106 MBU;ja;08.04.2026;Petra Gräf;23338;Le Gastro;ZB Oer-Erkenschwick;Schüttacker 25;45739;Oer-Erkenschwick;;;;
Gänshirt-Aufmbruch;114847;LS76096 MBU;ja;08.04.2026;Petra Gräf;23338;Le Gastro;Deutsche Post AG;Graf-Beust-Allee 2;45141;Essen;;;;
Gänshirt-Aufmbruch;114858;LS76107 MBU;ja;08.04.2026;Petra Gräf;23338;Le Gastro;Deutsche Post AG;Ostpreußenstr. 30;45886;Gelsenkirchen;;;;
Planegg;118920;LS78286;ja;31.03.2026;Estaline Philander;24577;Chronocash GmbH;Chronocash GmbH;Hochbrückenstr. 8;80331;München;;;;
VST Plep;118922;LS78288;ja;01.04.2026;Estaline Philander;24871;Diamond Aircraft Industries;Diamond Aircraft Industries Deutschland GmbH;Hans-Fleißner-Straße 54;63329;Egelsbach;;;;
Planegg;118923;LS78289;ja;02.04.2026;Estaline Philander;24681;BTG Internationale Spedition;BTG Internationale Spedition GmbH;Gewerbering 10;82140;Olching;;;;
Emons;;LS78290;ja;30.03.2026;Christian Irrgang;20500;Automaten Reinhardt -Kesselsdo;Automaten Reinhardt GmbH & Co.KG;Zum Tälchen 5;01723;Kesselsdorf;;;;
Planegg;118905;LS78292;ja;09.04.2026;Max Sanktjohanser;27391;Restaurant Ruckendorfer;Restaurant Ruckendorfer;Joseph-Haydn-Gasse 43;7000;Eisenstadt;;;;
Planegg;;LS78293;ja;30.03.2026;Christian Irrgang;20833;Möbel Werner GmbH & Co.KG;Harald Werner;Bamberger Str. 54;97631;Bad Königshofen;;;;
aboutwater Frankfurt;112984;LS78294;ja;01.04.2026;Carmen Berger;25502;Winthrop Technologies;Winthrop Technologies GmbH;Friesstrasse 16;60388;Frankfurt;;;;
Planegg;118927;LS78295;ja;30.03.2026;Christian Irrgang;20572;MISA-Vertriebs GmbH;MISA-Vertriebs GmbH;Boden 1;85646;Anzing;;;;
aboutwater Frankfurt;;LS78296;ja;01.04.2026;Petra Gräf;23970;Ebury;Ebury Partners Belgium SA/NV;Bleidenstraße 6;60311;Frankfurt am Main;;;;
GWA;118931;LS78297;nein;01.04.2026;Estaline Philander;26238;CSS Europe;Umspannwerk Stendal West;Am Umspannwerk;39576;Stendal;;;;
Emons;118936;LS78298;ja;31.03.2026;Florian Gräf;20191;Gleisner;Gleisner GmbH & Co.KG;Pegnitzstr. 13;91207;Lauf an der Pegnitz;;;;
Planegg;118934;LS78299;ja;01.04.2026;Max Sanktjohanser;27394;Hedge;Adya Hegde;Märchenstrasse 18;76297;Stutensee;;;;
AMW Auersperg;118942;LS78301;ja;02.04.2026;Florian Gräf;24448;Götze;aap Implantate;Lorenzweg 5;12099;Berlin;;;;
Planegg;118943;LS78302;ja;31.03.2026;Florian Gräf;20299;GWA;GWA GmbH;Hohendodeleber Str. 8;39110;Magdeburg;;;;
AQUATRADE Glinde;118944;LS78303;nein;01.04.2026;Estaline Philander;25101;WRENKH;WRENKH KochEvents;Max-Brauer-Allee 251;22769;Hamburg;;;;
AMW Auersperg;118945;LS78304;nein;01.04.2026;Estaline Philander;24405;German Tobacco;German Tobacco GmbH;Rietzer Berg 28;14797;Kloster Lehnin/OT Rietz;;;;
AMW Auersperg;118956;LS78305;ja;01.04.2026;Andreas Pöppe;27325;Humboldt Innovation GmbH;HUMBOLDT-INNOVATION GmbH;Ziegelstraße 30;10117;Berlin;;;;
Planegg;118957;LS78306;ja;31.03.2026;Estaline Philander;24294;Karin Rangger;Lohnbuchhaltungs-Service Karin Rangger;Tölzer Straße 2B;82041;Oberhaching;;;;
Gänshirt-Aufmbruch;118960;LS78307;nein;01.04.2026;Estaline Philander;25562;Eurofins;Eurofins Institut Dr. Rothe GmbH;Otto-Hahn-Str. 15;44227;Dortmund;;;;
STK Service;118961;LS78308;nein;01.04.2026;Estaline Philander;26212;therapiezentrum.com;therapiezentrum.com;Adalbertsteinweg 12-16;52070;Aachen;;;;
CJM;118963;LS78310;nein;01.04.2026;Estaline Philander;27090;BäckerMann;BäckerMann Backwaren und Feinkost GmbH;Südwestkorso 9;12161;Berlin;;;;
Gänshirt-Aufmbruch;118964;LS78311;ja;01.04.2026;Andreas Pöppe;27002;Johanniter-Haus Köln-Zollstock;Johanniter-Haus Köln-Zollstock;Sibille-Hartmann-Straße 1;50969;Köln;;;;
CJM;118965;LS78312;nein;01.04.2026;Estaline Philander;27090;BäckerMann;BäckerMann Backwaren und Feinkost GmbH;Pariser Str. 20;10707;Berlin;;;;
VST Schörling;118969;LS78314;ja;09.04.2026;Sönke Rocho;22000;Heine Optotechnik;HEINE Optotechnik GmbH & Co. KG;Dornierstraße 6;82205;Gilching;;;;
VST Schörling;;LS78315;nein;31.03.2026;Petra Gräf;27278;Kayser+Böttges Architekten;Kayser+Böttges;Infanteriestraße 11a;80797;München;;;;
Emons;118971;LS78316;nein;01.04.2026;Florian Gräf;20191;Gleisner;Gleisner GmbH & Co.KG;Pegnitzstr. 13;91207;Lauf an der Pegnitz;;;;
Planegg;118972;LS78317;ja;01.04.2026;Josefine Mättig;25861;Ruwisch & Zuck;Ruwisch & Zuck;Hängenstr.11;30559;Hannover;;;;
Bastian;118976;LS78318;nein;14.04.2026;Florian Gräf;22423;Agentur für Arbeit Landshut;Bundesagentur für Arbeit;Leinfelderstr. 6;84034;Landshut;;;;
Planegg;118973;LS78319;nein;31.03.2026;Rene Kühn;26951;Hannes Gutzeit;SV Kehr Hannes Gutzeit 6950;Döttinger Str. 12;79761;Waldshut-Tiengen;;;;
Planegg;118977;LS78320;ja;02.04.2026;Estaline Philander;62398;dm 2398 Augsburg;dm Filiale 2398;Lechhauser Straße 13;86153;Augsburg - Innenstadt;;;;
Planegg;118974;LS78321;ja;01.04.2026;Rene Kühn;27395;DVGW-Forschungsstelle am;DVGW-Forschungsstelle am EBI des KI;Engler-Bunte-Ring 1;76131;Karlsruhe;;;;
Planegg;118978;LS78322;ja;31.03.2026;Florian Gräf;20708;Kyffhäuser Waterworld;Kyffhäuser Waterworld;Brauereistraße 4;06556;Artern;;;;
Planegg;118981;LS78324;nein;01.04.2026;Florian Gräf;21737;Heuser;Heuser GmbH;Waldstr. 23 / B10;63128;Dietzenbach;;;;
aboutwater Frankfurt;118979;LS78325;ja;31.03.2026;Estaline Philander;24735;InA gGmbH;InA gGmbH Integration in Arbeit;Hauptstr. 56;64711;Erbach;;;;
Planegg;;LS78326;ja;31.03.2026;Petra Gräf;20998;Gräf Petra;Petra Gräf;Wolkerweg 13;81375;München;;;;
Planegg;;LS78327;ja;02.04.2026;Estaline Philander;62711;dm 2711 Augsburg;dm Filiale 2711;Brahmsstraße 2;86179;Augsburg - Haunstetten;;;;
Planegg;118975;LS78328;ja;01.04.2026;Max Sanktjohanser;26257;Coffee Box GmbH;Justizvollzugsanstalt Oldenburg Coffee Box;Ölhafendamm 2;26384;Wilhelmshaven;;;;
Planegg;118984;LS78329;ja;01.04.2026;Estaline Philander;22988;TAL 19 AM HARRAS;TAL 19 AM HARRAS;Albert-Roßhaupter-Str. 19;81369;München;;;;
Planegg;118985;LS78330;ja;31.03.2026;Florian Gräf;23986;Mengwein JHM;Änderungs-Schneiderei;Thomas-Mann-Str. 6c;60439;Frankfurt a.M.;;;;
Planegg;118986;LS78331;ja;01.04.2026;Estaline Philander;20849;TTI, Inc.;TTI, Inc.;Junkerstraße 1;82178;Puchheim;;;;
Planegg;118987;LS78332;ja;01.04.2026;Sönke Rocho;25952;Max-Planck-Institut;Max-Planck-Institut;Gießenbachstrasse 1;85748;Garching bei München;;;;
Ewatec;118993;LS78333;nein;01.04.2026;Estaline Philander;20255;rebike 1 GmbH;Rebike Mobility GmbH;Zeppelinstr. 3  / Einfahrt 6;87437;Kempten;;;;
Planegg;118954;LS78335;nein;01.04.2026;Christian Irrgang;21552;AP Ostbayern;AP Ostbayern GmbH;Gewerbegebiet im Haslet 38;93086;Wörth a.d.Donau;;;;
Planegg;118994;LS78336;ja;07.04.2026;Christian Irrgang;25157;Monika Fischer;Monika Fischer;Ferchenbachstr. 176;80995;München;;;;
Planegg;118995;LS78337;ja;02.04.2026;Sönke Rocho;22378;SKI GmbH;SKI GmbH + Co.KG;Lessingstraße 9  / 3.OG;80336;München;;;;
Planegg;119003;LS78338;ja;07.04.2026;Estaline Philander;23966;Elflein Logistik Bamberg;Elflein Logistik Bamberg GmbH;Gutenbergstraße 1 b;85748;Garching;;;;
Kyffhäuser;119004;LS78339;ja;03.04.2026;Estaline Philander;26160;Falck Burkhardtsdorf;Falck Notfallrettung u.Katastrophenschutz;Turmstr. 11 b;09235;Burkhardtsdorf;;;;
Kyffhäuser;;LS78340;ja;03.04.2026;Estaline Philander;26165;Falck Thalheim;Falck Notfallrettung u.Katastrophenschutz;Am Stollen 1;09380;Thalheim;;;;
Planegg;;LS78342;ja;31.03.2026;Petra Gräf;20772;Crystal Water;Crystal Water;Finkenstrasse 11a;85635;Höhenkirchen;;;;
Kyffhäuser;119006;LS78343;ja;03.04.2026;Estaline Philander;26162;Falck Dorfchemnitz;Falck Notfallrettung u.Katastrophenschutz;An den Gütern 5;08297;Dorfchemnitz;;;;
Neumann;119008;LS77665 Physio;ja;30.03.2026;Petra Gräf;20587;Getränke-Service Neumann;Physiotherapie Hirtz;Ährenweg 3;79258;Hartheim am Rhein;;;;
Strecke;116056;LS78345;ja;31.03.2026;Florian Gräf;21583;Living Water GmbH;PropertyExpert GmbH;Ecolab-Allee 1;40789;Monheim;;;;
Planegg;119010;LS78347;ja;01.04.2026;Rene Kühn;27398;ProMetall GmbH;ProMetall GmbH;Eisenbahnstr. 37;70736;Fellbach;;;;
Planegg;113900;LS78348;ja;02.04.2026;Florian Gräf;23816;Groza;Sorin Groza;Rossinistraße 60;85598;Baldham;;;;
AQUATRADE Glinde;119011;LS78349;nein;01.04.2026;Estaline Philander;25831;NSG Dienstleistungs GmbH;NSG Dienstleistungs GmbH;Kieler Straße 675;22527;Hamburg;;;;
Dolphin, Bonstetten;;LS78350;ja;01.04.2026;Florian Gräf;20587;Getränke-Service Neumann;Getränke-Service Neumann;Siemensstraße 12;79108;Freiburg;;;;
Planegg;119014;LS78351;ja;01.04.2026;Josefine Mättig;22124;LGL Haushaltwaren GmbH;LGL Haushaltswaren GmbH;Helferner Weg 14b;49214;Bad Rothenfelde;;;;
Planegg;;LS78352;ja;31.03.2026;Petra Gräf;27399;Dreier + Lauterbach;Dreier + Lauterbach;Schulstr. 46;80634;München;;;;
Planegg;119017;LS78353;ja;02.04.2026;Estaline Philander;61194;dm D21I vorm.1194 Stadtbergen;dm Filiale D21I;Daimlerstraße 1;86391;Stadtbergen;;;;
Planegg;119019;LS78354;ja;31.03.2026;Sönke Rocho;20128;Avendi GmbH;Avendi GmbH;Alpspitzstraße 4;82131;Stockdorf;;;;
Planegg;119020;LS78355;ja;31.03.2026;Christian Irrgang;20191;Gleisner;Gleisner GmbH & Co.KG;Pegnitzstr. 13;91207;Lauf an der Pegnitz;;;;
AQUATRADE Bram;119021;LS78357;ja;09.04.2026;Petra Gräf;27321;Endress+Hauser;Endress+Hauser(Deutschland)GmbH+Co.KG;Vahrenwalder Str. 133;30165;Hannover;;;;
Deutscher;119022;LS78359;ja;01.04.2026;Max Sanktjohanser;26513;lgcgroup;Axolabs Berlin GmbH;Wolfenerstr. 23;12681;Berlin;;;;
Planegg;;LS78360;ja;31.03.2026;Florian Gräf;20117;aboutwater GmbH;aboutwater GmbH;Robert-Koch-Str. 2;82152;Planegg;;;;
Planegg;119032;LS78361;ja;30.03.2026;Christian Irrgang;20191;Gleisner;Brose Fahrzeugteile;Max-Brose 1;71093;Weil im Schönbuch;;;;
Planegg;119033;72183;ja;10.03.2026;Christian Irrgang;20191;Gleisner;Friseursalon St. Lounge;Oberkonnersreuther-Str. 6 A;95448;Bayreuth;;;;
Planegg;;LS78363;ja;07.04.2026;Estaline Philander;26314;Bayerisches Verwaltungsgericht;Bayerisches Verwaltungsgericht Muenchen;Bayerstraße 30;80335;München;;;;
VST Schörling;119035;LS78364;nein;01.04.2026;Florian Gräf;21583;Living Water GmbH;BEN AND GmbH;Georgenstraße 3;80799;München;;;;
VST Plep;119037;LS76301 CO²;ja;01.04.2026;Petra Gräf;26213;Stadt Frankfurt am Main;Stadt Frankfurt am Main -Der Magistrat-;Solmsstraße 27-37;60486;Frankfurt am Main;;;;
VST Plep;;LS76303 CO²;ja;01.04.2026;Petra Gräf;26213;Stadt Frankfurt am Main;Stadt Frankfurt am Main -Der Magistrat-;Solmsstraße 27-37;60486;Frankfurt am Main;;;;
VST Plep;115062;LS78368;ja;01.04.2026;Petra Gräf;26213;Stadt Frankfurt am Main;Stadt Frankfurt am Main -Der Magist;Solmsstraße 27-37;60486;Frankfurt am Main;;;;
Planegg;119040;LS78369;ja;01.04.2026;Josefine Mättig;27169;Good Vibe Bottles;Simon Fortmüller;Alfred-Heinisch-Straße 3/5 Tür 102a;8430;Leibnitz;;;;
STK Service;119041;LS78370;ja;08.04.2026;Estaline Philander;23135;Kaffee Express Rhein Ruhr;Kaffee Express Rhein Ruhr;Weg am Kötterberg 15;44807;Bochum;;;;
Planegg;119043;LS78371;ja;01.04.2026;Florian Gräf;21621;Magnum;Magnum water coffee snack;Wirtswiese 1;57223;Kreuztal;;;;
Planegg;119044;LS78372;ja;01.04.2026;Florian Gräf;25315;Gänshirt-Aufembruch GbR;Gänshirt-Aufmbruch GbR;Dickhausweg 20;40472;Düsseldorf;;;;
Planegg;119042;LS78373;nein;09.04.2026;Max Sanktjohanser;26320;ORGA-SOFT;ORGA-SOFT Organisation und Software GmbH;Nikolaus Kopernikus Str. 7;55129;Mainz;;;;
Planegg;119045;LS78374;ja;01.04.2026;Florian Gräf;21477;Trinkwassertechnik Brengartner;Trinkwassertechnik Süd;Rudolf-Blessing-Str. 3;79183;Waldkirch;;;;
Planegg;119046;LS78375;ja;08.04.2026;Estaline Philander;24848;Grill;Naturheilpraxis Florian Grill;Hohenwaldstrasse 39;82041;Oberhaching;;;;
Planegg;119047;LS78376;ja;01.04.2026;Christian Irrgang;26933;Der Dorfwirt;Der Dorfwirt;Dorfstraße 7;86940;Schwifting;;;;
Planegg;119048;LS78377;ja;01.04.2026;Florian Gräf;26666;Ines Rütz Schankanlagen;Schankanlagen Fachbetrieb;Hasenkamp 20;25482;Appen;;;;
Planegg;119049;LS78378;ja;07.04.2026;Estaline Philander;26248;FOUR Munich Neue Messe;FOUR Munich Neue Messe;Humboldtstraße 12;85609;Dornach;;;;
Planegg;119050;LS78379;ja;01.04.2026;Florian Gräf;25305;Andreas Hess Schanktechnik;Andreas Hess Schanktechnik;Sonnenweg 21;59821;Arnsberg;;;;
Planegg;119051;LS78380;ja;01.04.2026;Florian Gräf;20708;Kyffhäuser Waterworld;Kyffhäuser Waterworld;Brauereistraße 4;06556;Artern;;;;
Planegg;119052;LS78382;ja;01.04.2026;Florian Gräf;20729;CJM Der Wassermann UG -ha;CJM Der Wassermann GmbH;Gronenfelder Weg 33;15234;Frankfurt;;;;
Planegg;119053;LS78383;ja;01.04.2026;Florian Gräf;20847;Schöttle Getränke-Service;Schöttle Getränke-Service GbR;Nagolder Str. 16;72221;Haiterbach;;;;
Planegg;119054;LS78384;ja;01.04.2026;Florian Gräf;20259;STK Service Seiling;STK Service GmbH&Co.KG;Werkstr. 12;59348;Lüdinghausen;;;;
Planegg;119055;LS78385;ja;01.04.2026;Florian Gräf;21199;Trink Oase;Trink Oase GmbH & Co. KG;Steinfurter Straße 37;94353;Haibach;;;;
Planegg;119056;LS78386;ja;01.04.2026;Florian Gräf;20208;Hotshot Kaffee e. K.;Hotshot Kaffee e. K.;Werder Str. 29;45739;Oer-Erkenschwick;;;;
Gänshirt-Aufmbruch;119057;LS78387;ja;13.04.2026;Estaline Philander;26995;Finanzamt Grevenbroich;Finanzamt Grevenbroich;Merkatorstraße 12;41515;Grevenbroich;;;;
Planegg;119058;LS78388;ja;09.04.2026;Estaline Philander;60372;dm 0372 Gersthofen;dm Filiale 0372;Bahnhofstraße 13;86368;Gersthofen;;;;
Planegg;119056;LS78389;ja;10.04.2026;Florian Gräf;20208;Hotshot Kaffee e. K.;Hotshot Kaffee e. K.;Werder Str. 29;45739;Oer-Erkenschwick;;;;
Planegg;;LS78390;ja;01.04.2026;Petra Gräf;20772;Crystal Water;Crystal Water;Finkenstrasse 11a;85635;Höhenkirchen;;;;
natürlich H2O;119059;LS78391;nein;01.04.2026;Estaline Philander;26388;Andriessens Praxis psych.Gesun;Praxis für psych. Gesundheit am Savignyplatz;Ärztehaus  Carmerstr. 7  /  4.OG;10623;Berlin;;;;
Planegg;119061;LS78393;ja;07.04.2026;Estaline Philander;23830;Hofmeister Käsewerk;Hofmeister Käsewerk GmbH & Co. KG;Molkereistraße 23;85368;Moosburg;;;;
aboutwater Frankfurt;119063;LS78395;ja;01.04.2026;Estaline Philander;26484;HCC 2;HCC - Hessisches Competence Center;Stolzenmorgen 36;35394;Gießen;;;;
aboutwater Frankfurt;119064;LS78396;ja;01.04.2026;Estaline Philander;26484;HCC 2;HCC - Hessisches Competence Center;Rödgener Straße 91;35394;Gießen;;;;
Planegg;119065;LS78397;ja;07.04.2026;Estaline Philander;23012;Iyuno;Iyuno Germany GmbH;Lindwurmstraße 88  / 2.+3. OG;80337;München;;;;
AQUATRADE Glinde;119066;LS78398;ja;07.04.2026;Petra Gräf;24898;Anschütz;Anschütz GmbH;Zeyestr. 16-24;24106;Kiel;;;;
Planegg;119068;LS78400;ja;02.04.2026;Florian Gräf;20191;Gleisner;Gleisner GmbH & Co.KG;Pegnitzstr. 13;91207;Lauf an der Pegnitz;;;;
Teamblue Bad Münder;119069;LS78401;nein;02.04.2026;Florian Gräf;20191;Gleisner;Gleisner GmbH & Co.KG;Pegnitzstr. 13;91207;Lauf an der Pegnitz;;;;
Planegg;119070;LS78402;ja;07.04.2026;Rene Kühn;27359;St. Franziskus Werkstatt Carit;St. Franziskus Werkstatt Caritas;In den Käppeleswiesen 7;72488;Sigmaringen;;;;
Planegg;119072;LS78403;ja;02.04.2026;Florian Gräf;25000;aboutwater Hungary;aboutwater Zrt;Bárándi u 26-28;8000;SZÉKESFEHÉRVÁR;;;;
Planegg;119071;LS78404;ja;02.04.2026;Estaline Philander;23348;GfA A.d.ö.R. Abfallwirtschaft;GfA A.d.ö.R.;Josef-Kistler-Weg 22;82140;Olching;;;;
Planegg;118743;LS78405;ja;07.04.2026;Florian Gräf;23113;Groz Beckert;Groz-Beckert KG;Theodor-Groz-Strasse 56;72458;Albstadt;;;;
Berlin Wein König;119073;LS78406;nein;02.04.2026;Estaline Philander;21144;Knotel;Knotel Berlin I GmbH;Nürnberger Str. 8,  3.OG;10787;Berlin;;;;
Planegg;119075;LS78407;ja;07.04.2026;Estaline Philander;27087;Franka Robotics;Franka Robotics GmbH;Koppstr. 12;81379;München;;;;
Planegg;119076;LS78408;ja;02.04.2026;Max Sanktjohanser;27401;Carissa Marx;Carissa Marx;Frankenstr. 10;66424;Homburg;;;;
Planegg;119077;LS78409;ja;07.04.2026;Estaline Philander;23232;BIVANO (Böhmer);BIVANO GmbH;Marie-Bernays-Ring 39;41199;Mönchengladbach;;;;
Gleisner;119078;LS78410;ja;10.04.2026;Florian Gräf;20191;Gleisner;Gleisner GmbH & Co.KG;Pegnitzstr. 13;91207;Lauf an der Pegnitz;;;;
Planegg;119079;LS78411;ja;02.04.2026;Max Sanktjohanser;27289;Red Bull;Red Bull MOBILE;Am Grünen Prater 3;1020;Wien;;;;
Planegg;119080;LS78412;ja;08.04.2026;Estaline Philander;22467;Agentur für Arbeit Rosenheim;Agentur für Arbeit Rosenheim;Wittelsbacher Str. 57;83022;Rosenheim;;;;
Planegg;;LS78413;ja;02.04.2026;Petra Gräf;27402;Adtran Networks SE;Adtran Networks SE;Fraunhoferstr 9a;82152;Planegg;;;;
Planegg;119084;LS78415;ja;08.04.2026;Estaline Philander;22522;Arcus Elektrotechnik;Arcus Elektrotechnik Alois Schiffmann GmbH;Truderinger Str. 199;81673;München;;;;
Planegg;119085;LS78416;ja;08.04.2026;Estaline Philander;20657;HEV Heimwerkermarkt GmbH;HEV Heimwerkermarkt GmbH & Co. KG;Gertrude-Blanch-Str. 2 / Rückgeb.;82110;Germering;;;;
Planegg;119086;LS78417;ja;02.04.2026;Max Sanktjohanser;27403;Kai Jansen;Kai Jansen;Künstlerkolonie 20;75181;Pforzheim;;;;
AQUATRADE Bram;119087;LS78419;ja;10.04.2026;Estaline Philander;24434;P.E.R.;P.E.R. Agency GmbH;Ludwig-Erhard-Str. 37;20459;Hamburg;;;;
aboutwater Frankfurt;119089;LS78420;ja;02.04.2026;Estaline Philander;27096;LSU Schäberle;LSU Schäberle;Motorstraße 9;70499;Stuttgart;;;;
natürlich H2O;119090;LS78421;nein;02.04.2026;Estaline Philander;25004;Zentrum für Pränataldiagnostik;Zentrum für Pränataldiagnostik und;Kurfürstendamm 199 / 2.OG;10719;Berlin;;;;
aboutwater Bünde;;LS78422;nein;02.04.2026;Florian Gräf;10081;PSL GmbH;PSL GmbH;Mastenweg 1;37619;Hehlen;;;;
AQUATRADE Glinde;119092;LS78423;ja;07.04.2026;Estaline Philander;26689;Falck Rettungsdienst Werder;Rettungswache Flensburg West 2;Lilienthalstr. 21;24941;Flensburg;;;;
AQUATRADE Bram;;LS78424;nein;07.04.2026;Florian Gräf;21204;MB Well Service;MB Well Services GmbH;Nähe Heinser Dorfstraße;27308;Kirchlinteln;;;;
Planegg;;LS619708;ja;08.04.2026;Estaline Philander;20234;Bühler-Catering;Stadtwerke München HKW Süd;Schäftlarnstraße 15 / Tor 3;81731;München;;;;
Planegg;119095;LS78426;ja;07.04.2026;Max Sanktjohanser;27405;Winterberg Media+Print.;Winterberg Media+Print.;Promenade 20;06667;Weißenfels;;;;
Deutscher;119095;LS78427;ja;07.04.2026;Max Sanktjohanser;27405;Winterberg Media+Print.;Winterberg Media+Print.;Promenade 20;06667;Weißenfels;;;;
Planegg;119096;LS78428;ja;07.04.2026;Josefine Mättig;26977;Trinkflaschenexpress;Mülheimer Verband FEG gGmbH;Trooststr. 8;45468;Mülheim;;;;
VST Schörling;;LS78429;nein;07.04.2026;Estaline Philander;20774;M. Asam / Asambeauty;M. Asam GmbH;Feringastrasse 12 A;85774;Unterföhring;;;;
Planegg;119100;LS78430;ja;07.04.2026;Josefine Mättig;23160;Esmeyer GmbH & Co. KG;Esmeyer GmbH & Co. KG;Bessemer Strasse 3-5;40699;Erkrath;;;;
aboutwater Frankfurt;119098;LS78431;ja;09.04.2026;Carmen Berger;25048;HCC (1) Hessische Zentrale;Hessische Zentrale für Datenverarbeitung;Auguste-Viktoria-Str. 18;65185;Wiesbaden;;;;
STK Service;119102;LS78432;nein;07.04.2026;Estaline Philander;21955;Junghans Wollversand;Junghans Wollversand GmbH & Co.KG;Auf der Hüls 205;52068;Aachen;;;;
Planegg;119103;LS78433;ja;07.04.2026;Florian Gräf;21129;café+co DELIKOMAT Sp. z o.o.;café+co DELIKOMAT Sp. z o.o.;Al. Generala Andersa 588;43300;Bielsko-Biala;;;;
Planegg;119105;LS78434;ja;09.04.2026;Estaline Philander;62557;dm 2557 Langweid;dm Filiale 2557;Am Lehenauweg 2c;86462;Langweid;;;;
Emons;119104;LS78435;nein;10.04.2026;Florian Gräf;20191;Gleisner;Gleisner GmbH & Co.KG;Pegnitzstr. 13;91207;Lauf an der Pegnitz;;;;
CJM;119106;LS78436;nein;07.04.2026;Estaline Philander;26689;Falck Rettungsdienst Werder;Falck Rettungsdienst Nord GmbH;Otto-Lilienthal-Str. 6;14542;Werder (Havel);;;;
AQUATRADE Glinde;119107;LS78437;ja;10.04.2026;Estaline Philander;26046;MOIA (2);MOIA - Driver Lounge;Süderstraße 185;20537;Hamburg;;;;
aboutwater Frankfurt;119108;LS78438;ja;07.04.2026;Carmen Berger;26578;Voltaris;VOLTARIS GmbH;Voltastraße 3;67133;Maxdorf;;;;
Planegg;119109;LS78439;ja;13.04.2026;Estaline Philander;21625;Emons logistik;Emons Logistik GmbH;Am Gfild 5;85375;Neufahrn;;;;
Planegg;119110;LS78440;ja;13.04.2026;Estaline Philander;23895;Emons Logistik Hallbergmoos;Emons Logistik GmbH;Lindberghstraße 5;85399;Hallbergmoos;;;;
Planegg;119111;LS78441;nein;07.04.2026;Estaline Philander;24721;Leibniz Rechenzentrum;Leibniz Rechenzentrum;Boltzmannstr. 1;85748;Garching;;;;
Planegg;119112;LS78442;ja;08.04.2026;Estaline Philander;26523;Deutsche Post Freising;Deutsche Post AG;Porschestr. 2;85080;Gaimersheim;;;;
Planegg;119113;LS78443;ja;08.04.2026;Estaline Philander;26523;Deutsche Post Freising;Deutsche Post AG;Weberstr. 6;85077;Manching;;;;
Planegg;119115;LS78444;ja;08.04.2026;Estaline Philander;26523;Deutsche Post Freising;Deutsche Post AG;Siemensstr. 4;85055;Ingolstadt;;;;
Emons;119116;LS78445;ja;07.04.2026;Florian Gräf;20759;Getränke Wagner Vending G;Getränke Wagner Vending GmbH;Weinstraße 31;4664;Laakirchen;;;;
aboutwater Frankfurt;;LS78446;ja;07.04.2026;Carmen Berger;21621;Magnum;Magnum water coffee snack;Wirtswiese 1;57223;Kreuztal;;;;
Planegg;119119;LS78448;ja;08.04.2026;Estaline Philander;26523;Deutsche Post Freising;Deutsche Post AG;Am Dörrenhof 9a;85131;Eichstätt - Pollenfeld;;;;
aboutwater Frankfurt;119120;LS78449;ja;08.04.2026;Carmen Berger;26389;Heli Forschungs u. Entwicklung;Heli Forschungs- und Entwicklungszentrum;Grüner Weg 14 3.OG;61169;Friedberg;;;;
aboutwater Frankfurt;119121;LS78450;nein;07.04.2026;Carmen Berger;24722;Primark Frankfurt Wisag Hessen;Primark Store 809;Zeil 94;60313;Frankfurt;;;;
aboutwater Frankfurt;119122;LS78451;ja;07.04.2026;Carmen Berger;24614;RMS Rhein-Main-Verkehrsverbund;Rhein-Main-Verkehrsverbund;Poststraße 2-4;60329;Frankfurt;;;;
Planegg;119123;LS78452;ja;07.04.2026;Christian Irrgang;20191;Gleisner;Gleisner GmbH & Co.KG;Pegnitzstr. 13;91207;Lauf an der Pegnitz;;;;
STK Service;119124;LS78453;nein;07.04.2026;Estaline Philander;21237;Berufstrainingszentrum BTZ;Berufstrainingszentrum Rhein-Ruhr gGmbH;Bebelstr. 56  / Tel. 0208 409400-59;46049;Oberhausen;;;;
Planegg;119127;LS78455;ja;08.04.2026;Estaline Philander;20774;M. Asam / Asambeauty;M. Asam GmbH;Feringastrasse 12 A;85774;Unterföhring;;;;
Planegg;;LS78456;ja;07.04.2026;Christian Irrgang;20148;KPIT Technologies GmbH;KPIT Technologies GmbH;Frankfurter Ring 105b;80807;München;;;;
Berlin Wein König;119129;LS78457;nein;08.04.2026;Petra Gräf;26379;Naree Puna Phumphakdi;Puna  Phumphakdi;Richterstr. 48;12105;Berlin;;;;
Emons;111992;LS78458;nein;13.04.2026;Florian Gräf;10034;ewatec;ewatec e.K.;Am Angelehof 12;88316;Isny;;;;
Bastian;;LS78459;nein;08.04.2026;Carmen Berger;21688;Vedder;Vedder GmbH;Wallersdorfer Straße 17;94522;Wallersdorf;;;;
Planegg;119130;LS78460;ja;08.04.2026;Max Sanktjohanser;25569;AVANTGARDE S.R.L.;AVANTGARDE S.R.L.;Via Mazzini 7;24021;Albino;;;;
Planegg;119133;LS78461;ja;09.04.2026;Estaline Philander;26924;Natalie Wagner;Natalie Wagner;Bessere Zukunft 6a;82166;Gräfelfing;;;;
Planegg;119074;LS78462;ja;08.04.2026;Josefine Mättig;21517;ASO;ASO VENDING s.r.o.;Juzny Pramen;949 01;Nitra;;;;
Planegg;119134;LS78463;ja;08.04.2026;Max Sanktjohanser;27241;Christopherus Gemeinschaft;Christophorus-Gemeinschaft e. V.;Eisenbahnstraße 1;79379;Müllheim;;;;
Gänshirt-Aufmbruch;119135;LS78464;ja;13.04.2026;Estaline Philander;25967;Wasserverband Eifel-Rur;Wasserverband Eifel-Rur;Eisenbahnstraße 5;52353;Düren;;;;
Planegg;119136;LS78465;ja;08.04.2026;Florian Gräf;23113;Groz Beckert;Groz-Beckert KG;Theodor-Groz-Strasse 56;72458;Albstadt;;;;
Planegg;119138;LS78466;ja;08.04.2026;Josefine Mättig;22124;LGL Haushaltwaren GmbH;LGL Haushaltswaren GmbH;Helferner Weg 14b;49214;Bad Rothenfelde;;;;
aboutwater Frankfurt;119140;LS78467;ja;09.04.2026;Carmen Berger;27407;DRK-Kreisverband Neunkirchen;DRK-Kreisverband Neunkirchen e.V.;Dr. Maximilian-Rech-Str. 3;66564;Ottweiler;;;;
Planegg;119137;LS78468;ja;08.04.2026;Petra Gräf;21431;GIMV;Gimv Germany Holding GmbH;Karlstraße 12;80333;München;;;;
Planegg;119139;LS78469;ja;08.04.2026;Estaline Philander;24243;1.1Neujahr GmbH;1.1Neujahr GmbH Pulverbeschichtung;Stadelbachstr. 4b (Kraftwerk PKG);82380;Peißenberg;;;;
Kyffhäuser;119141;LS78470;nein;08.04.2026;Estaline Philander;23344;Falck Krankentransport;Falck Notfallrettung u.Krankentransp.GmbH;Wellerswalder Weg 22;04758;Oschatz;;;;
Kyffhäuser;119142;LS78471;nein;08.04.2026;Estaline Philander;23344;Falck Krankentransport;Falck Notfallrettung u.Krankentransp.GmbH;Parkstr. 1;04758;Oschatz;;;;
Kyffhäuser;;LS78472;nein;08.04.2026;Estaline Philander;23344;Falck Krankentransport;Falck Notfallrettung u.Krankentransp.GmbH;KH Hubertusburg;04779;Wermsdorf;;;;
Kyffhäuser;;LS78473;nein;08.04.2026;Estaline Philander;23344;Falck Krankentransport;Falck Notfallrettung u.Krankentransp.GmbH;Alte Lindenstraße 5;04774;Dahlen OT Schmannewitz;;;;
aboutwater Frankfurt;;LS78474;ja;08.04.2026;Estaline Philander;23338;Le Gastro;Deutsche Post AG;Flughafen Gebäude 190;60549;Frankfurt;;;;
Emons;;LS78475;ja;08.04.2026;Florian Gräf;24324;Frenzel Gastroserv/vorm.Glaser;Frenzel Gastroservice & Schanktechnik;Hirschstr.42-44;76133;Karlsruhe;;;;
Planegg;119146;LS78476;ja;08.04.2026;Florian Gräf;20847;Schöttle Getränke-Service;Schöttle Getränke-Service GbR;Nagolder Str. 16;72221;Haiterbach;;;;
Planegg;119148;LS78477;ja;13.04.2026;Estaline Philander;24718;Auto Kölbl GmbH;Auto Kölbl GmbH;Michael-Kölbl-Str. 1 - 3;85716;Unterschleißheim;;;;
Planegg;;LS78478;ja;07.04.2026;Petra Gräf;20772;Crystal Water;Crystal Water;Finkenstrasse 11a;85635;Höhenkirchen;;;;
Magnum Kuhnhenne;119126;LS78479;nein;08.04.2026;Estaline Philander;25250;Falck Ruppichteroth Much;Falck Notfallrettung und Kranken-;St. Florian Str. 8;53809;Ruppichteroth;;;;
Planegg;119150;LS78480;nein;08.04.2026;Estaline Philander;24776;Max-Planck-Förderstiftung;Max-Planck-Förderstiftung;Aldringenstr. 4;80639;München;;;;
Kyffhäuser;119006;LS78343.;ja;03.04.2026;Petra Gräf;26162;Falck Dorfchemnitz;Falck Notfallrettung u.Katastrophenschutz;An den Gütern 5;08297;Dorfchemnitz;;;;
Planegg;119152;LS78482;ja;08.04.2026;Florian Gräf;20413;Lowescher;Lowescher Automaten Catering;Benzstraße 8;48599;Gronau;;;;
Planegg;119151;LS78483;ja;09.04.2026;Estaline Philander;25317;Mynaric;Mynaric Lasercom GmbH;Bertha-Kipfmüller-Straße 2-8;81249;München;;;;
Planegg;119153;LS78484;ja;08.04.2026;Max Sanktjohanser;27373;TuS Kirchberg;TuS Kirchberg 1909 e.V.;Konrad-Adenauer-Str. 19;55481;Kirchberg;;;;
VST Plep;119156;LS78485;nein;08.04.2026;Florian Gräf;26213;Stadt Frankfurt am Main;Stadt Frankfurt am Main -Der Magistrat-;Solmsstraße 27-37;60486;Frankfurt am Main;;;;
Planegg;119155;LS78486;ja;08.04.2026;Max Sanktjohanser;27409;TTS;Theatertechnische Systeme GmbH;Siemensstr. 18;28857;Syke;;;;
Deutscher;119155;LS78487;ja;08.04.2026;Max Sanktjohanser;27409;TTS;Theatertechnische Systeme GmbH;Siemensstr. 18;28857;Syke;;;;
aboutwater Frankfurt;119154;LS78488;ja;10.04.2026;Carmen Berger;21477;Trinkwassertechnik Brengartner;Bioassay Labor für biologische Analytik GmbH;Im Neuenheimer Feld 515;69120;Heidelberg;;;;
Emons;117363;LS78490;nein;08.04.2026;Carmen Berger;26170;Alles Gastro;Alles Gastro GmbH;Seestraße 39;63075;Offenbach;;;;
Planegg;119139;LS78491;ja;08.04.2026;Petra Gräf;24243;1.1Neujahr GmbH;1.1Neujahr GmbH Pulverbeschichtung;Stadelbachstr. 4b (Kraftwerk PKG);82380;Peißenberg;;;;
Planegg;119158;LS78492;ja;08.04.2026;Josefine Mättig;10009;Propie-Aqua vorm.Support Wolf;Propie-Aqua GmbH;Ziegelei-Töpker-Straße 6;33154;Salzkotten;;;;
Planegg;119160;LS78494;ja;08.04.2026;Florian Gräf;24989;Bartley;Messe-Design Standbuilding Bartley GmbH;Gewerbestraße 1;84427;St. Wolfgang;;;;
Planegg;119161;LS78495;ja;09.04.2026;Estaline Philander;62039;dm 2039 Westendorf;dm Filiale 2039;Am Oberfeld 3a;86707;Westendorf;;;;
Planegg;119162;LS78496;ja;08.04.2026;Josefine Mättig;27410;Kräuterhaus Sanct Bernhard KG;Kräuterhaus Sanct Bernhard KG;Helfensteinstr. 47;73342;Bad Ditzenbach;;;;
Planegg;117092;LS77495_CO²;ja;07.04.2026;Petra Gräf;25303;Bavarian International School;Bavarian International School gAG;Hauptstraße 1;85778;Haimhausen;;;;
Emons;119158;LS78498;ja;08.04.2026;Josefine Mättig;10009;Propie-Aqua vorm.Support Wolf;Propie-Aqua GmbH;Ziegelei-Töpker-Straße 6;33154;Salzkotten;;;;
Planegg;119163;LS78499;nein;09.04.2026;Josefine Mättig;27195;D.G. Handel & Dienstleistung;D.G. Handel & Dienstleistung;Alpenstrasse 8;87751;Heimertingen;;;;
Planegg;;LS78500;nein;08.04.2026;Florian Gräf;25902;MMA Erding;MMA Erding;Moosweg 10;85435;Erding;;;;
Planegg;119118;LS78501;nein;08.04.2026;Josefine Mättig;25492;Bandirali S.r.l.;Bandirali S.r.l.;Via Salomone 69;20138;Milano;;;;
Emons;119165;LS78502;nein;08.04.2026;Christian Irrgang;20785;K+E K&E Klötzl;K & E Getränke City GmbH;Am Bild 51;97941;Tauberbischofsheim;;;;
Planegg;119172;LS78503;ja;08.04.2026;Florian Gräf;20191;Gleisner;Gleisner GmbH & Co.KG;Pegnitzstr. 13;91207;Lauf an der Pegnitz;;;;
Planegg;119166;LS78504;ja;08.04.2026;Josefine Mättig;24741;Sparkasse Mainfranken Würzburg;Sparkasse Mainfranken Würzburg;Hofstr. 9;97070;Würzburg;;;;
Planegg;118987;LS78332.;ja;01.04.2026;Petra Gräf;25952;Max-Planck-Institut;Max-Planck-Institut;Gießenbachstrasse 1;85748;Garching bei München;;;;
Planegg;118987;LS78506;ja;09.04.2026;Petra Gräf;25952;Max-Planck-Institut;Max-Planck-Institut;Gießenbachstrasse 1;85748;Garching bei München;;;;
STK Service;;LS78508;nein;13.04.2026;Petra Gräf;24231;Stadt Marl (1);Stadt Marl;Liegnitzer Str. 5;45768;Marl;;;;
Planegg;119167;LS78509;ja;08.04.2026;Max Sanktjohanser;21923;Amazon Deutschland W33 Trans.;Amazon Deutschland W33 Transport GmBh;Meesmannstr. 10;44807;Bochum;;;;
Planegg;;LS78512;ja;07.04.2026;Petra Gräf;22522;Arcus Elektrotechnik;Arcus Elektrotechnik Alois Schiffmann GmbH;Truderinger Str. 199;81673;München;;;;
Planegg;119170;LS78513;nein;08.04.2026;Estaline Philander;24368;Audi Eching;Audi München GmbH;Heisenbergstraße 4;85368;Eching;;;;
Büro Planegg;119170;LS78514;nein;13.04.2026;Petra Gräf;24368;Audi Eching;Audi München GmbH;Heisenbergstraße 4;85368;Eching;;;;
Berlin Wein König;119173;LS78515;nein;08.04.2026;Estaline Philander;22644;nd.Genossenschaft eG;nd.Genossenschaft eG;Franz-Mehring-Platz 1  / 2.OG;10243;Berlin;;;;
AQUATRADE Glinde;119174;LS78516;nein;14.04.2026;Petra Gräf;24898;Anschütz;Anschütz GmbH;Zeyestr. 16-24;24106;Kiel;;;;
Planegg;;LS78517;ja;13.04.2026;Petra Gräf;27353;Quantum-Frontline-Industries;Quantum-Frontline-Industries GmbH;Galileostr. 502 S;82131;Gauting;;;;
Gänshirt-Aufmbruch;119176;LS78518;nein;09.04.2026;Carmen Berger;25411;Die Autobahn Rheinland;Die Autobahn GmbH des Bundes;Willy-Brandt-Platz 2;47805;Krefeld;;;;
aboutwater Bünde;119177;LS78519;nein;09.04.2026;Petra Gräf;24768;Kreis Paderborn (2) Amt f.Bevö;Kreis Paderborn;Lindberghring 6;33142;Büren;;;;
aboutwater Bünde;119178;LS78520;nein;09.04.2026;Petra Gräf;24768;Kreis Paderborn (2) Amt f.Bevö;Kreis Paderborn;Flughafenstr. 34;33142;Büren;;;;
STK Service;;LS78521;nein;09.04.2026;Carmen Berger;23354;apt Extrusions;apt Extrusions GmbH & Co. KG;Edisonstr. 1;40789;Monheim am Rhein;;;;
Berlin Wein König;;LS78522;nein;09.04.2026;Petra Gräf;21352;Setting;Setting HQ GmbH;Chorinerstr. 72;10119;Berlin;;;;
aboutwater Frankfurt;119181;LS78523;ja;09.04.2026;Carmen Berger;25502;Winthrop Technologies;Winthrop Technologies GmbH;Assar-Gabrielsson-Strasse 18;63128;Frankfurt-Dietzenbach;;;;
Planegg;119182;LS78524;nein;09.04.2026;Carmen Berger;60757;dm D17D vorm.0757 Neusäss;dm Filiale 0757;Daimlerstraße 13-15;86356;Neusäß;;;;
Planegg;119184;LS78525;ja;09.04.2026;Florian Gräf;20191;Gleisner;Gleisner GmbH & Co.KG;Pegnitzstr. 13;91207;Lauf an der Pegnitz;;;;
Planegg;119183;LS78527;ja;09.04.2026;Max Sanktjohanser;27414;Jerry Diamond;Jeremy Keith Diamond;Tassilostr. 6;85467;Neuching;;;;
Planegg;119188;LS78528;nein;09.04.2026;Carmen Berger;24429;Bürklin;Bürklin GmbH & Co. KG;Grünwalder Weg 30;82041;Oberhaching;;;;
Planegg;119191;LS78533;ja;09.04.2026;Josefine Mättig;24918;INES AMANN;INES AMANN;LAIBSTRASSE 9;78661;IRSLINGEN;;;;
Planegg;119192;LS78534;nein;09.04.2026;Max Sanktjohanser;22579;Teigwaren Riesa;Teigwaren Riesa GmbH;Merzdorfer Str. 21-25;01591;Riesa;;;;
Planegg;119194;LS78535;nein;09.04.2026;Carmen Berger;22000;Heine Optotechnik;HEINE Optotechnik GmbH & Co. KG;Dornierstraße 6;82205;Gilching;;;;
Planegg;119195;LS78536;nein;09.04.2026;Josefine Mättig;24084;Melecs EWS GmbH;Melecs EWS GmbH;GZO-Technologiestraße 1;7011;Siegendorf;;;;
Kyffhäuser;119197;LS78537;nein;09.04.2026;Florian Gräf;20668;Gastro Service Center e.K;RasenBallsport Leipzig GmbH;Arenablick 1;04177;Leipzig;;;;
Planegg;119198;LS78540;nein;09.04.2026;Petra Gräf;23348;GfA A.d.ö.R. Abfallwirtschaft;GfA A.d.ö.R.;Josef-Kistler-Weg 22;82140;Olching;;;;
VST Schörling;119199;LS78542;nein;09.04.2026;Carmen Berger;27072;Autohaus Stanglmair (5) GAP;Autohaus Stanglmair GmbH &  Co. Betr. KG;Hauptstr. 16;82467;Garmisch-Partenkirchen;;;;
Planegg;119172;LS78543;nein;09.04.2026;Florian Gräf;20191;Gleisner;Gleisner GmbH & Co.KG;Pegnitzstr. 13;91207;Lauf an der Pegnitz;;;;
Planegg;119200;LS78544;ja;10.04.2026;Carmen Berger;20656;Arqum Gesellschaft für Ar;Arqum Gesellschaft für Arbeitssicherheits-, Q;Leonrodstraße 54;80636;München;;;;
Planegg;119202;LS78545;ja;10.04.2026;Rene Kühn;26490;Stadt Oldenburg, Fachdien;Stadt Oldenburg, Fachdienst Stadten;Industriestraße 1a;26121;Oldenburg;;;;
Planegg;119206;LS78547;nein;09.04.2026;Carmen Berger;24656;Die Radiologie;Die Radiologie;Prinzregentenplatz 13;81675;München;;;;
Planegg;119203;LS78548;ja;10.04.2026;Rene Kühn;23429;Rewo-Tech (1) KERNbau;Rewo-Tech Kernbau GmbH;Kraußstraße 7;4020;Linz;;;;
Planegg;119204;LS78549;ja;10.04.2026;Rene Kühn;27425;Eppstein FOILS GmbH;Eppstein FOILS GmbH;Burgstraße, 81-83;65817;Eppstein;;;;
Planegg;;LS78550;ja;09.04.2026;Petra Gräf;20695;Gusto Kaffee GmbH;MSD Tiergesundheit;Feldstraße 1A;85716;Unterschleißheim;;;;
Planegg;119210;LS78551;ja;10.04.2026;Rene Kühn;27428;Stefan Stoll;Stefan Stoll;Dorfstr. 27a, Kattenhochstatt;91781;Weißenburg i. Bay.;;;;
Planegg;119212;LS78552;nein;09.04.2026;Carmen Berger;25298;Darktrace;Darktrace Germany GmbH;Sonnenstraße 31;80331;München;;;;
Planegg;119208;LS78554;ja;10.04.2026;Rene Kühn;27426;Thomas Weber;Thomas Weber;Volbehrstraße, 55;90491;NÜRNBERG;;;;
Planegg;119205;LS78555;nein;09.04.2026;Max Sanktjohanser;27424;Gemeindeverwaltung Mutten;Gemeindeverwaltung Muttenz, Kredito;Bizenenstrasse 29;4132;Muttenz;;;;
CJM;119213;LS78556;nein;09.04.2026;Carmen Berger;27192;ASB Regionalverband Berlin;ASB Regionalverband Berlin-Nordost;Herzbergstraße 40-43;10365;Berlin;;;;
Emons;119214;LS78557;nein;09.04.2026;Max Sanktjohanser;22694;Amazon Deutschland W12 Trans.;Amazon Deutschland W12 Transport GmbH;Lilienthalstr. 8-15;68519;Viernheim;;;;
Planegg;119207;LS78558;ja;10.04.2026;Carmen Berger;20359;TSCNET Services GmbH;TSCNET Services GmbH;Weihenstephaner Str. 9;81673;München;;;;
Kyffhäuser;119216;LS78560;nein;09.04.2026;Carmen Berger;22887;LK Metallwaren GmbH;LK Metallwaren GmbH;An der Schwelerei 6;06369;Südliches Anhalt;;;;
Emons;119215;LS78561;nein;09.04.2026;Florian Gräf;20191;Gleisner;Gleisner GmbH & Co.KG;Pegnitzstr. 13;91207;Lauf an der Pegnitz;;;;
Planegg;119218;LS78562;ja;10.04.2026;Carmen Berger;21294;IPTE Platzgummer GmbH;IPTE Platzgummer GmbH;Siemensstraße 8;85221;Dachau;;;;
Planegg;;LS78563;ja;13.04.2026;Petra Gräf;25788;Adler Kunststofftechnik oHG;Adler Kunststofftechnik oHG;Settelestraße 6;85456;Wartenberg;;;;
AMW Auersperg;119219;LS78564;ja;13.04.2026;Carmen Berger;24441;JPT;JPT Peptide Technologies GmbH (ab 10.09.25);Hermann-Dorner-Allee 23;12489;Berlin;;;;
Planegg;119220;LS78565;nein;09.04.2026;Carmen Berger;25670;Punjabi Foods Trading;Punjabi Foods Trading GmbH;Maria-Probst-Str 41a;80939;München;;;;
aboutwater Frankfurt;119222;LS78566;nein;09.04.2026;Carmen Berger;27358;M&D GmbH;YGF-Chicken PSP;Düsseldorfer str.1-7;60329;Frankfurt;;;;
Emons;119221;LS78567;ja;09.04.2026;Florian Gräf;10160;AVALESS;AVALESS GmbH;Neufeld 10;85232;Bergkirchen OT Günding;;;;
VST Schörling;108043;LS76813.;ja;01.04.2026;Petra Gräf;23772;AM alpha KVGmbH;AM alpha KVGmbH;Sendlinger Straße 7;80331;München;;;;
aboutwater Bünde;119223;LS78570;ja;10.04.2026;Andreas Pöppe;24768;Kreis Paderborn (2) Amt f.Bevö;Kreis Paderborn;Aldegreverstr. 10 - 14;33102;Paderborn;;;;
STK Service;;LS78571;nein;13.04.2026;Petra Gräf;23686;Falck Duisburg Hattingen Köln;(RW3) Falck Notfallrettung und;Am Leveloh 7;45549;Sprockhövel;;;;
Planegg;103247;LS69192-;nein;14.04.2026;Petra Gräf;24087;eza! Energie- & Umweltzentrum;eza! Energie- & Umweltzentrum Allgäu;Burgstraße 26;87435;Kempten;;;;
Planegg;;LS78574;ja;10.04.2026;Petra Gräf;27423;Westfalia Fruit GmbH;Westfalia Fruit GmbH;Schäftlarnstraße 8;81371;München;;;;
Planegg;;LS78575;ja;13.04.2026;Petra Gräf;24659;MCE Service GmbH;MCE Service GmbH;Kistlerhofstraße 170;81379;München;;;;
Planegg;;LS78576;ja;09.04.2026;Rene Kühn;20772;Crystal Water;Crystal Water;Finkenstrasse 11a;85635;Höhenkirchen;;;;
aboutwater Frankfurt;119229;LS78578;nein;13.04.2026;Carmen Berger;25301;speakeasy Frankfurt;speakeasy Frankfurt;Kaiserstr. 12;60311;Frankfurt;;;;
CJM;119231;LS78579;nein;10.04.2026;Carmen Berger;26689;Falck Rettungsdienst Werder;Falck Rettungsdienst Nord GmbH;Otto-Lilienthal-Str. 6;14542;Werder (Havel);;;;
Planegg;119230;LS78580;nein;10.04.2026;Josefine Mättig;25583;PRO PET AUSTRIA;Pro Pet Austria Heimtiernahrung GmbH;Waidhofner Straße 1;3852;Gastern, Austria;;;;
Planegg;;LS78581;ja;10.04.2026;Carmen Berger;26108;Inova Semiconductors GmbH;Inova Semiconductors GmbH;Zielstattstr. 32;81379;München;;;;
Magnum Kuhnhenne;119233;LS78582;nein;10.04.2026;Carmen Berger;22089;IR TRANSLOG;IR TRANSLOG GmbH & Co. KG;Darmcher Grund 24;58540;Meinerzhagen;;;;
AMW Auersperg;;LS78583;ja;01.04.2026;Petra Gräf;21583;Living Water GmbH;Producto GmbH;Chausseestr. 84;10115;Berlin;;;;
STK Service;119235;LS78584;nein;10.04.2026;Carmen Berger;24930;Familienzentrum Sternschnuppe;Familienzentrum Sternschnuppe;Josef-Wulff-Straße 70;45657;Recklinghausen;;;;
natürlich H2O;119236;LS78585;nein;10.04.2026;Carmen Berger;26051;Policum Berlin MVZ GmbH;Policum Berlin MVZ GmbH;Rubensstr. 119;12157;Berlin;;;;
Planegg;110530;LS78586;ja;10.04.2026;Florian Gräf;25911;Wasserversorungsverband Teckle;Wasserversorungsverband Tecklenburger Land;Fuggerstraße 1;49479;Ibbenbühren;;;;
POSPRINT;116361;LS78587;nein;14.04.2026;Josefine Mättig;25487;Hofer KG Österreich;;Zweigniederlassung Stockerau;Rudolf-Hirsch-Straße 2;2000;Stockerau;;;;
Gänshirt-Aufmbruch;119237;LS78589;nein;10.04.2026;Carmen Berger;27107;St. Martinus Moers;Kita St. Ida;Eicker Grund 98;47445;Moers;;;;
Planegg;119239;LS78590;ja;10.04.2026;Florian Gräf;25931;SOCCORO XLVI Austria;XLVI Austria GmbH;Davisstrasse 9 / 3.OG;5400;Hallein;;;;
Planegg;119238;LS78591;nein;10.04.2026;Max Sanktjohanser;27429;OLEDWorks GmbH;OLEDWorks GmbH;Philipsstraße 8;52068;Aachen;;;;
Planegg;119241;LS78594;nein;10.04.2026;Max Sanktjohanser;27430;Joh. Leupold GmbH;Joh. Leupold GmbH;Berliner Str. 2;91126;Schwabach;;;;
Emons;119243;LS78595;ja;10.04.2026;Florian Gräf;20847;Schöttle Getränke-Service;Schöttle Getränke-Service GbR;Nagolder Str. 16;72221;Haiterbach;;;;
Planegg;114616;LS78596;ja;10.04.2026;Florian Gräf;21777;Schankanlagen Mittermeier;Klinikum Passau;Innstraße 76;94032;Passau;;;;
Kyffhäuser;117173;LS77576.;ja;03.04.2026;Petra Gräf;26163;Falck Olbernhau;Falck Notfallrettung u.Katastrophenschutz;Unterer Flöhaweg 8a;09526;Olbernhau;;;;
Kyffhäuser;117174;LS77577.;ja;03.04.2026;Petra Gräf;26164;Falck Pockau-Lengenfeld;Falck Notfallrettung u.Katastrophenschutz;Buchener Straße 2;09509;Pockau-Lengenfeld;;;;
Planegg;119068;LS78599;ja;10.04.2026;Florian Gräf;20191;Gleisner;Gleisner GmbH & Co.KG;Pegnitzstr. 13;91207;Lauf an der Pegnitz;;;;
Emons;114730;LS78600;nein;10.04.2026;Florian Gräf;21737;Heuser;Heuser GmbH;Waldstr. 23 / B10;63128;Dietzenbach;;;;
Planegg;119245;LS78601;nein;10.04.2026;Carmen Berger;22768;Discovery Communications;Discovery Communications Deutschland GmbH&Co;Leopoldstr. 57;80802;München;;;;
Planegg;119244;LS78602;nein;10.04.2026;Josefine Mättig;26977;Trinkflaschenexpress;Bottle-Print Vertriebs GmbH;Auf den Steinen 2,;37191;Katlenburg Lindau;;;;
Emons;119244;LS78603;nein;10.04.2026;Josefine Mättig;26977;Trinkflaschenexpress;Bottle-Print Vertriebs GmbH;Auf den Steinen 2,;37191;Katlenburg Lindau;;;;
Planegg;;LS78604;ja;10.04.2026;Petra Gräf;20117;aboutwater GmbH;aboutwater GmbH;Robert-Koch-Str. 2;82152;Planegg;;;;
aboutwater Frankfurt;119249;LS78607;nein;13.04.2026;Carmen Berger;21621;Magnum;Magnum water coffee snack;Wirtswiese 1;57223;Kreuztal;;;;
Planegg;119248;LS78608;nein;10.04.2026;Josefine Mättig;27431;Dussmann Stiftung & Co. KGaA;Dussmann Stiftung & Co. KGaA;Friedrichstraße 90;10117;Berlin;;;;
AMW Auersperg;;LS78609;ja;13.04.2026;Petra Gräf;27325;Humboldt Innovation GmbH;HUMBOLDT-INNOVATION GmbH;Ziegelstraße 30;10117;Berlin;;;;
STK Service;119251;LS78610;nein;10.04.2026;Petra Gräf;27416;Electron (1) Hamminkeln;Electron Leitungsbau GmbH;Schwanenschlatt 16;46499;Hammwinkel;;;;
STK Service;119252;LS78611;nein;10.04.2026;Petra Gräf;27421;Electron (6) Essen;Elektron  c/o  SLC Suloja Lager NL Essen;Joachimstraße 40;45309;Essen;;;;
Gleisner;119253;LS78612;nein;10.04.2026;Petra Gräf;27417;Electron (2) Waldsassen;Electron Baulager Kondrau;Am Sauerbrunn 2;95652;Waldsassen;;;;
Gleisner;119255;LS78614;nein;10.04.2026;Petra Gräf;27418;Electron (3) Grafenwöhr;Baulager Electron Leitungsbau;Karl-Krampol-Straße 4;92655;Grafenwöhr;;;;
Kyffhäuser;119256;LS78615;nein;10.04.2026;Petra Gräf;27419;Electron (4) Sangerhausen;Electron Leitungsbau GmbH c/o Redler Service;Handelsweg 4a+4b;06526;Sangerhausen;;;;
Kyffhäuser;119257;LS78616;nein;10.04.2026;Petra Gräf;27420;Electron (5) Meineweh;Electron Leitungsbau GmbH;Dorfstr. 27;06721;Meineweh;;;;
Planegg;119258;LS78617;nein;10.04.2026;Max Sanktjohanser;20191;Gleisner;Gleisner GmbH & Co.KG;Pegnitzstr. 13;91207;Lauf an der Pegnitz;;;;
Planegg;119259;LS78618;nein;10.04.2026;Max Sanktjohanser;21604;Kreisverwaltung Dithmarschen;Kreis Dithmarschen;Stettiner Str. 30;25746;Heide;;;;
Emons;;LS78619;ja;13.04.2026;Christian Irrgang;20234;Bühler-Catering;Bühler-Catering GmbH;Industriestr. 2 b;76275;Ettlingen;;;;
Planegg;119261;LS78620;nein;10.04.2026;Max Sanktjohanser;27432;KPS Prüfservice GmbH;KPS Prüfservice GmbH;Untere Grüb 3;69469;Weinheim;;;;
Planegg;;LS78621;ja;12.04.2026;Rene Kühn;20772;Crystal Water;Crystal Water;Finkenstrasse 11a;85635;Höhenkirchen;;;;
aboutwater Frankfurt;;LS78622;nein;13.04.2026;Carmen Berger;21737;Heuser;Sanofi Aventis Deutschland;Industriepark Höchst;65926;Frankfurt a.M.;;;;
Gänshirt-Aufmbruch;119264;LS78623;nein;13.04.2026;Estaline Philander;23338;Le Gastro;Deutsche Post AG;Daniel-Eckhardt-Str. 7;45356;Essen;;;;
Planegg;119265;LS78625;nein;13.04.2026;Estaline Philander;26333;Helgert Zahnmedizin Kieferorth;Dr. Helgert Zahnmedizin und Kieferorthopäde;Görresstraße 37;80798;München;;;;
Magnum Kuhnhenne;119159;LS78626;ja;13.04.2026;Carmen Berger;21621;Magnum;Magnum water coffee snack;Wirtswiese 1;57223;Kreuztal;;;;
Planegg;119266;LS78628;nein;13.04.2026;Estaline Philander;26523;Deutsche Post Freising;Deutsche Post AG;Freisinger Str. 29;85386;Eching;;;;
Planegg;;LS78629;nein;13.04.2026;Estaline Philander;26523;Deutsche Post Freising;Deutsche Post AG;Römerstr. 8;84130;Dingolfing;;;;
Kyffhäuser;119268;LS78630;ja;13.04.2026;Florian Gräf;20668;Gastro Service Center e.K;Funkhaus Halle;Große Ulrichstraße 60;06108;Halle a.d. Saale;;;;
Planegg;119269;LS78631;nein;13.04.2026;Estaline Philander;26523;Deutsche Post Freising;Deutsche Post AG;Gewebegebiet Mitterhof 59;84307;Eggenfelden;;;;
Planegg;;LS78632;nein;13.04.2026;Carmen Berger;23586;Bayerischer Landes-Sportverban;Bayerischer Landes-Sportverband e.V.;Georg-Brauchle-Ring 93;80992;München;;;;
Planegg;119270;LS78633;nein;13.04.2026;Christian Irrgang;26102;Niedersachsen Wasser;OOWV-Museum Kaskade - Infohaus Wasser;Bäderstraße 2;26349;Jade;;;;
Magnum Kuhnhenne;119246;LS78634;ja;13.04.2026;Carmen Berger;21621;Magnum;Magnum water coffee snack;Wirtswiese 1;57223;Kreuztal;;;;
Planegg;118775;LS78635;nein;13.04.2026;Estaline Philander;22129;Achat Hotel;ACHAT Hotel München Süd;Perchtinger Straße 3;81379;München;;;;
Planegg;119272;LS78636;nein;13.04.2026;Estaline Philander;26886;Blue Tree Group GmbH;Blue Tree Group GmbH;Emil Riedel Str. 2;80538;München;;;;
Gänshirt-Aufmbruch;119273;LS78637;nein;13.04.2026;Estaline Philander;26731;Jugendwohnen St. Gereon;Katholische Jugendagentur Köln gGmbH;An St. Elisabeth 5;51103;Köln;;;;
VST Schörling;119275;LS78638;nein;13.04.2026;Andreas Pöppe;27071;Autohaus Stanglmair (4) Schong;Autohaus Stanglmair GmbH &  Co.Betr.KG;Bahnhofstr. 13;86956;Schongau;;;;
Gänshirt-Aufmbruch;119274;LS78639;nein;13.04.2026;Estaline Philander;26732;Jugendwohnen St. Ursula;Katholische Jugendagentur Köln gGmbH;Bonner Str .2a;51145;Köln;;;;
Planegg;119276;72506;ja;02.04.2026;Christian Irrgang;20191;Gleisner;Brose Fahrzeugteile SE & Co.;Postfach 1353;96403;Coburg;;;;
Planegg;119277;LS78641;nein;13.04.2026;Estaline Philander;26754;Münchner Wohnen (1) Service Gm;Münchner Wohnen Service GmbH;Grohmannstraße 4;80933;München;;;;
Planegg;119278;LS78642;nein;13.04.2026;Estaline Philander;24775;Packline / vorm.Shevchenko;PackLine GmbH;Benzstraße 2;85551;Kirchheim;;;;
Deutscher;119279;LS78643;nein;13.04.2026;Max Sanktjohanser;24580;Terminal for Kids GgmbH;Terminal for Kids GgmbH;Hessenring 13a;64546;Mörfelden-Walldorf;;;;
Neumann;119280;LS78645;ja;13.04.2026;Christian Irrgang;20587;Getränke-Service Neumann;Getränke-Service Neumann;Siemensstraße 12;79108;Freiburg;;;;
VST Schörling;114588;LS75829.;ja;09.04.2026;Petra Gräf;27263;Energy2day;Energy2day;Seeholzenstr. 12;8166;Gräfelfing;;;;
Planegg;119281;LS78646;nein;13.04.2026;Christian Irrgang;20191;Gleisner;Gleisner GmbH & Co.KG;Pegnitzstr. 13;91207;Lauf an der Pegnitz;;;;
Planegg;119282;LS78647;nein;13.04.2026;Estaline Philander;62575;dm 2575 Neuried;dm Filiale 2575;Hainbuchenring 15;82061;Neuried;;;;
Planegg;;LS78648;nein;13.04.2026;Florian Gräf;20191;Gleisner;Gleisner GmbH & Co.KG;Pegnitzstr. 13;91207;Lauf an der Pegnitz;;;;
Emons;119285;LS78649;ja;13.04.2026;Max Sanktjohanser;22007;Amazon Deutschland W1 Trans.;Amazon Deutschland W1 Transport GmbH;Am Blumenkampshof 80;47059;Duisburg;;;;
Planegg;119286;LS78651;nein;13.04.2026;Estaline Philander;22378;SKI GmbH;SKI GmbH + Co.KG;Lessingstraße 9  / 3.OG;80336;München;;;;
aboutwater Frankfurt;119287;LS78652;nein;13.04.2026;Estaline Philander;23640;Rühl Puromer GmbH;RÜHL PUROMER GmbH;Färberstraße 9, Geb 12;61381;Friedrichsdorf;;;;
Planegg;119288;LS78653;nein;13.04.2026;Rene Kühn;27433;Aktion Wandlungswelten gG;Aktion Wandlungswelten gGmbH;Erlanger Allee 108 A;07747;Jena;;;;
VST Schörling;119289;LS78654;nein;13.04.2026;Andreas Pöppe;25746;ResMed;ResMed GmbH & Co.KG;Mahatma-Ghandi-Platz 3;81219;München;;;;
STK Service;119290;LS78655;nein;13.04.2026;Estaline Philander;26795;Beermann;Franz Beermann;Leversum 13;59348;Lüdinghausen-Seppenrade;;;;
Planegg;119291;LS78656;nein;13.04.2026;Max Sanktjohanser;22050;Amazon Deutschland S13 Transp.;Amazon Deutschland S13 Transport GmbH;Gewerbegebiet Limbach 14;96178;Pommersfelden;;;;
Planegg;;LS78657;nein;13.04.2026;Estaline Philander;26110;Ramada Messe Aspire Munich;Ramada Munich Messe - Aspire Munich GmbH;Stahlgruberring 45;81829;München;;;;
Planegg;119293;LS78658;nein;13.04.2026;Estaline Philander;26701;incadea GmbH;incadea GmbH;St.-Martin-Straße 61;81669;München;;;;
Planegg;119295;LS78659;nein;13.04.2026;Estaline Philander;22355;TRICON - Rechtsanwälte Steuerb;TRICON - RECHTSANWÄLTE STEUERBERATER;Bräuhausstraße 4;80331;München;;;;
Planegg;119294;LS78660;nein;13.04.2026;Max Sanktjohanser;23160;Esmeyer GmbH & Co. KG;MEDIAN Klinik;Günther-Hartenstein-Str. 25;34537;Bad Wildungen - Reinhardshause;;;;
aboutwater Bünde;119223;LS78661;nein;13.04.2026;Petra Gräf;24768;Kreis Paderborn (2) Amt f.Bevö;Kreis Paderborn;Aldegreverstr. 10 - 14;33102;Paderborn;;;;
Planegg;;LU7670;ja;10.04.2026;Petra Gräf;20117;aboutwater GmbH;aboutwater GmbH;Robert-Koch-Str. 2;82152;Planegg;;;;
Emons;116257;LS78664;ja;13.04.2026;Christian Irrgang;20500;Automaten Reinhardt -Kesselsdo;Automaten Reinhardt GmbH & Co.KG;Zum Tälchen 5;01723;Kesselsdorf;;;;
Planegg;119300;LS78666;nein;13.04.2026;Estaline Philander;24478;Patentanwälte Theriesenhöhe;HKW Intellectual Property PartG mbB;Theresienhöhe 12;80339;München;;;;
Planegg;119301;LS78668;nein;13.04.2026;Florian Gräf;20587;Getränke-Service Neumann;Getränke-Service Neumann;Munzingerstraße 4;79189;Bad Krozingen;;;;
aboutwater Frankfurt;119302;LS78669;nein;13.04.2026;Estaline Philander;25115;GüT Dekanat;GüT Dekanat;Hinter Den Gärten 17;55234;Offenheim;;;;
STK Service;119303;LS78670;nein;13.04.2026;Estaline Philander;23678;Finanzamt Essen-NordOst;Finanzamt Essen NordOst;Altendorfer Str. 129;45143;Essen;;;;
natürlich H2O;119304;LS78671;nein;13.04.2026;Estaline Philander;22997;LCM Reinigung;LCM Reinigung GmbH;Reinickendorfer Str. 11  / 4.OG rechts;13347;Berlin-Wedding;;;;
Gänshirt-Aufmbruch;119305;LS78672;nein;13.04.2026;Estaline Philander;23338;Le Gastro;Deutsche Post AG;Europaallee 15;50226;Frechen;;;;
Planegg;119306;LS78673;nein;13.04.2026;Estaline Philander;20261;INTEC (1) München;INTEC Industrie-Technik GmbH;Friedrichshafener Str. 7;82205;Gilching (Oberpfaffenhofen);;;;
AQUATRADE Bram;119308;LS78674;nein;13.04.2026;Estaline Philander;24977;BGW Delmenhorst;BGW Bezirksverwaltung Delmenhorst;Fischstraße 31;27749;Delmenhorst;;;;
Planegg;119309;LS78675;nein;13.04.2026;Estaline Philander;26172;MEDICAL ART.MVZ GmbH;MEDICAL ART.MVZ GmbH;Cuvilliésstraße 14 a;81679;München;;;;
AQUATRADE Glinde;119310;LS78676;nein;13.04.2026;Estaline Philander;26647;Mammographie-Screening-Einheit;Mammographie-Screening-Einheiten Hamburg GbR;Mönckebergstr. 11;20095;Hamburg;;;;
Planegg;119312;LS78677;ja;13.04.2026;Petra Gräf;20772;Crystal Water;Crystal Water;Finkenstrasse 11a;85635;Höhenkirchen;;;;
Planegg;;Zusammenführung;ja;14.04.2026;Petra Gräf;25269;Convis GmbH;convis GmbH;Auerbachstraße 10;14193;Berlin;;;;
Planegg;;LS78679;nein;14.04.2026;Petra Gräf;24659;MCE Service GmbH;MCE Service GmbH;Kistlerhofstraße 170;81379;München;;;;
Planegg;119317;LS78680;nein;14.04.2026;Petra Gräf;20255;rebike 1 GmbH;Rebike Mobility GmbH;Zeppelinstr. 3  / Einfahrt 6;87437;Kempten;;;;
Planegg;119316;LS78681;nein;14.04.2026;Max Sanktjohanser;21737;Heuser;Heuser GmbH;Waldstr. 23 / B10;63128;Dietzenbach;;;;
aboutwater Frankfurt;119315;LS78682;nein;14.04.2026;Carmen Berger;26484;HCC 2;HCC - Hessisches Competence Center;Rödgener Straße 91;35394;Gießen;;;;
Planegg;119298;LS78683;nein;14.04.2026;Max Sanktjohanser;22156;Aquatrade;AQUATRADE GmbH;Hemke 10;49565;Bramsche;;;;
Berlin Wein König;119318;LS78684;nein;14.04.2026;Florian Gräf;20452;Luisenstift Berlin;Luisenstift Berlin;Königin-Luise-Straße 95;14195;Berlin;;;;
Planegg;119319;LS78685;nein;14.04.2026;Florian Gräf;22689;Plep;VST - Plep;Rheinstraße 40;55435;Gau Algesheim;;;;
Planegg;119321;LS78686;nein;14.04.2026;Petra Gräf;27435;RSC GmbH;RSC GmbH;Geiselbullacherstraße 2a;82140;Olching;;;;
Planegg;119322;LS78688;nein;14.04.2026;Florian Gräf;20191;Gleisner;Gleisner GmbH & Co.KG;Pegnitzstr. 13;91207;Lauf an der Pegnitz;;;;
Gänshirt-Aufmbruch;119323;LS78689;nein;14.04.2026;Carmen Berger;26777;Finanzamt Düsseldorf-Nord;Finanzamt Düsseldorf-Nord;Hans-Böckler-Str. 36;40476;Düsseldorf;;;;
Planegg;119324;LS78690;nein;14.04.2026;Max Sanktjohanser;21731;Amazon Spain;Amazon Road Transport Spain, S.L.U.;Avinguda de Can Roses 3-9;08191;Rubí;;;;
Kyffhäuser;119325;Ablöse LS75006;ja;14.04.2026;Petra Gräf;27164;Jugendherberge Wittenberg;Jugendherberge Wittenberg;Schlossstr. 14/15;06886;Lutherstadt Wittenberg;;;;
aboutwater Frankfurt;119326;LS78692;nein;14.04.2026;Carmen Berger;26338;HELI EUROPE Headquarter GmbH;HELI EUROPE Headquarter GmbH;Grüner Weg 14;61169;Friedberg (Hessen);;;;
Planegg;119327;LS78693;nein;14.04.2026;Estaline Philander;62813;dm 2813 Starnberg;dm Filiale 2813;Weilheimer Straße 14;82319;Starnberg;;;;
AQUATRADE Glinde;119329;LS78695;nein;14.04.2026;Petra Gräf;27436;Arcteryx Hamburg = Amer Sports;Arc´teryx Hamburg;Gerhofstraße 10-12;20354;Hamburg;;;;
Planegg;119333;LS78696;nein;14.04.2026;Petra Gräf;27437;Kertos;Kertos GmbH;Brienner Straße 41;80333;München;;;;
Planegg;119330;LS78697;nein;14.04.2026;Max Sanktjohanser;24924;RPSA - Résidences médico;RPSA - Résidences médico-sociales Sàrl;Rue Liotard 78;1203;Genève;;;;
STK Service;119331;LS78699;nein;14.04.2026;Estaline Philander;26457;Köster Möbelwerkstätten GmbH &;Köster Möbelwerkstätten GmbH & Co.KG;Boschstraße 20;48341;Altenberge;;;;
